Category,PD Database,Data Transfer,Tax,PD App,Snapshot,Support,Server Volume Drives,S3 Storage,League App,Snapshot,UK Server,Kiro,PD Database,PD App,League App,Deep Archive Storage,League App,Deep Archive Storage,,,,,,,,,UK Server,,,Snapshot,,,Opposition Analysis,,,Opposition Analysis,,,,,,,,,,,,,,,,,,,,,,,,,,,,,,,,,,,,,,,,,,,,,,,,,,,,,,,,,,,,,,,,,,,,,,,,,,,,,,,,,,,,,,,,,,,,,,,,,,,,,,,,,,,,,,,,,,,,,,,,,,,,,,,,,,,,,,,,,,,,,,,,,,,,,,,,,,,,,,,,,,,,,,,,,,,,,,,,,,,,,,,,,,,,,,,,,,,,,,,,,,,,,,,,,,,,,,,,,,,,,,,,,,,,,,,,,,,,,,,,,,,,,,,,,,,,,,,,,,,,,,,,,,,,,,,,,,,,,,,,,,,,,,,,,,,,,,,,,,,,,,,,,,,,,,,,,,,,,,,,,,,,,,,,,,,,,,,,,,,,,,,,,,,,,,,,,,,,,,,,,,,,,,,,,,,,,,,,,,,,,,,,,,,
Usage type,APS2-EC2SP:c6a.1yrNoUpfront($),APS2-DataTransfer-Out-Bytes($),No usage type($),APS2-EC2SP:r6a.1yrNoUpfront($),APS2-EBS:SnapshotUsage($),Dollar($),APS2-EBS:VolumeUsage.gp3($),APS2-TimedStorage-GDA-ByteHrs($),APS2-EC2SP:t2.1yrNoUpfront($),APS2-EBS:SnapshotArchiveStorage($),EUW2-BoxUsage:c6a.4xlarge($),USE1-KiroEnterprise-Power($),APS2-BoxUsage:c6a.8xlarge($),APS2-BoxUsage:r6a.2xlarge($),APS2-BoxUsage:t2.2xlarge($),APS2-TimedStorage-ByteHrs($),APS2-BoxUsage:t3.2xlarge($),APS2-TimedStorage-INT-AIA-ByteHrs($),APS2-RegionalNatGateway-Hours($),APS2-BoxUsage:g4dn.xlarge($),APS2-PublicIPv4:InUseAddress($),APS2-PaidEventsRecorded($),APS2-DataEventsRecorded($),USE1-OCB-OCBLateFee-Units($),APS2-DataProcessing-Bytes($),APS2-TimedStorage-GIR-ByteHrs($),EUW2-EBS:VolumeUsage.gp3($),APS2-EBS:VolumeP-Throughput.gp3($),APS2-PublicIPv4:IdleAddress($),APS2-EBS:SnapshotArchiveEarlyDelete($),APS2-Requests-Tier1($),APS2-TimedStorage-GDA-Staging($),APS2-BoxUsage:t3.small($),APS2-Requests-Tier2($),ap-southeast-2-KMS-Keys($),APS2-BoxUsage:t3.medium($),APS2-SoftwareUsage:g4dn.xlarge($),APS2-DataTransfer-Regional-Bytes($),APS2-TimedStorage-INT-IA-ByteHrs($),EUW2-CachedData:Valkey($),APS2-TimedStorage-INT-FA-ByteHrs($),APS2-AWSSecretsManager-Secrets($),APS2-CachedData:Valkey($),USE1-PaidEventsRecorded($),APS2-MP:APS2_InputTokenCount-Units($),EUW2-PublicIPv4:InUseAddress($),APS2-APS1-AWS-Out-Bytes($),APS2-AWSSecretsManagerAPIRequest($),APS2-InsightsEvents($),APS2-Inventory-ObjectsListed($),APS2-Monitoring-Automation-INT($),APS2-USE1-AWS-Out-Bytes($),APS2-RegionalNatGateway-Bytes($),APS2-CW:AlarmMonitorUsage($),USW2-PaidEventsRecorded($),EUW2-PaidEventsRecorded($),APN1-PaidEventsRecorded($),CAN1-PaidEventsRecorded($),EUW2-DataTransfer-Out-Bytes($),EU-PaidEventsRecorded($),EUC1-PaidEventsRecorded($),USE2-PaidEventsRecorded($),APS1-PaidEventsRecorded($),USW1-PaidEventsRecorded($),EUW3-PaidEventsRecorded($),SAE1-PaidEventsRecorded($),APN2-PaidEventsRecorded($),APS3-PaidEventsRecorded($),APN3-PaidEventsRecorded($),EUN1-PaidEventsRecorded($),APS2-SpotUsage:g4dn.xlarge($),APS2-EUW2-AWS-Out-Bytes($),APS2-Bulk-Retrieval-Bytes($),APS2-MP:APS2_OutputTokenCount-Units($),EUW2-AWSSecretsManager-Secrets($),APS2-VendedLog-Bytes($),APS2-USE2-AWS-Out-Bytes($),APS2-APS3-AWS-Out-Bytes($),APS2-USW2-AWS-Out-Bytes($),APS2-CW:MetricMonitorUsage($),APS2-Standard-Retrieval-Bytes($),APS2-DeliveryAttempts-SMTP($),Global-WebACLV2($),EUW2-DataTransfer-Regional-Bytes($),APS2-USW1-AWS-Out-Bytes($),CW:AlarmMonitorUsage($),AP-DataTransfer-Out-OBytes($),Global-RuleV2($),EUW2-ElastiCacheProcessingUnits:Valkey($),Requests-Tier1($),APS2-EUC1-AWS-Out-Bytes($),APS2-EU-AWS-Out-Bytes($),APS2-TimedStorage-GIR-SmObjects($),APS2-APS6-AWS-Out-Bytes($),APS2-SAE1-AWS-Out-Bytes($),APS2-APN2-AWS-Out-Bytes($),APS2-Lambda-Storage-GB-Second($),APS2-APN1-AWS-Out-Bytes($),APS2-CAN1-AWS-Out-Bytes($),APS2-EUW3-AWS-Out-Bytes($),APS2-HNL1-AWS-Out-Bytes($),APS2-WAW1-AWS-Out-Bytes($),USE1-InsightsEvents($),US-DataTransfer-Out-OBytes($),APS2-EUN1-AWS-Out-Bytes($),APS2-EarlyDelete-GDA($),APS2-Requests-INT-Tier2($),APS2-APN3-AWS-Out-Bytes($),APS2-APS4-AWS-Out-Bytes($),EUW2-APS2-AWS-Out-Bytes($),APS2-IAH1-AWS-Out-Bytes($),APS2-Requests-GDA-Tier3($),APS2-DFW1-AWS-Out-Bytes($),APS2-APS9-AWS-Out-Bytes($),APS2-APS7-AWS-Out-Bytes($),APS2-APE1-AWS-Out-Bytes($),APS2-Requests-GDA-Tier5($),JP-DataTransfer-Out-OBytes($),APS2-DEN1-AWS-Out-Bytes($),APS2-BOS1-AWS-Out-Bytes($),APS2-MEC1-AWS-Out-Bytes($),APS2-APS8-AWS-Out-Bytes($),APS2-LAX1-AWS-Out-Bytes($),APS2-Requests-Annotation-Tier1($),APS2-Retrieval-GIR($),APS2-EUS1-AWS-Out-Bytes($),APS2-Vectors-Request-Tier1($),EUN1-InsightsEvents($),APS2-APS5-AWS-Out-Bytes($),APS2-ApiGatewayHttpRequest($),IN-DataTransfer-Out-OBytes($),APS2-EUS2-AWS-Out-Bytes($),EUW2-InsightsEvents($),EU-DataTransfer-Out-OBytes($),Requests-Tier2($),EUW2-USW2-AWS-Out-Bytes($),APS2-Requests-GDA-Tier2($),APS2-Tables-Requests-Tier1($),APS2-Requests-Tier3($),APS2-TPE1-AWS-Out-Bytes($),EUW2-USE2-AWS-Out-Bytes($),EUW2-EU-AWS-Out-Bytes($),DataTransfer-Out-Bytes($),APS2-Requests-GIR-Tier2($),APS2-EUC2-AWS-Out-Bytes($),APS2-ATL1-AWS-Out-Bytes($),APS2-NYC1-AWS-Out-Bytes($),USW2-Requests-Tier1($),Vectors-Request-Tier1($),EUW2-USE1-AWS-Out-Bytes($),APS2-Requests-Tier8($),Global-RequestV2-Tier1($),ZA-DataTransfer-Out-OBytes($),APS2-AFS1-AWS-Out-Bytes($),USW2-AWSSecretsManagerAPIRequest($),CAN1-AWSSecretsManagerAPIRequest($),APN1-Requests-Tier1($),APN1-AWSSecretsManagerAPIRequest($),EUW2-AWSSecretsManagerAPIRequest($),EU-InsightsEvents($),USW2-InsightsEvents($),APN1-InsightsEvents($),CAN1-InsightsEvents($),USE1-AWSSecretsManagerAPIRequest($),Tables-Requests-Tier1($),APS2-PDX1-AWS-Out-Bytes($),APS2-MES1-AWS-Out-Bytes($),USE1-APS2-AWS-Out-Bytes($),USE1-USW2-AWS-Out-Bytes($),USE1-EU-AWS-Out-Bytes($),EUW2-CAN1-AWS-Out-Bytes($),USE1-APN1-AWS-Out-Bytes($),USE1-CAN1-AWS-Out-Bytes($),USE1-EUW2-AWS-Out-Bytes($),EUW2-EUC1-AWS-Out-Bytes($),USE1-EUC1-AWS-Out-Bytes($),APS2-ILC1-AWS-Out-Bytes($),USE1-APS1-AWS-Out-Bytes($),USE1-SAE1-AWS-Out-Bytes($),USE1-USW1-AWS-Out-Bytes($),USE1-APN2-AWS-Out-Bytes($),USE1-APN3-AWS-Out-Bytes($),USE1-EUW3-AWS-Out-Bytes($),USE1-APS3-AWS-Out-Bytes($),USE1-EUN1-AWS-Out-Bytes($),EUW2-APS1-AWS-Out-Bytes($),EUW2-APN1-AWS-Out-Bytes($),APS2-MSP1-AWS-Out-Bytes($),APS2-ESC1-AWS-Out-Bytes($),USE1-DataEventsRecorded($),USE1-USE2-AWS-Out-Bytes($),APS2-MNL1-AWS-Out-Bytes($),APS2-CAN2-AWS-Out-Bytes($),EUW2-APS3-AWS-Out-Bytes($),APS2-MCI2-AWS-Out-Bytes($),EUW2-USW1-AWS-Out-Bytes($),APS2-LAS1-AWS-Out-Bytes($),APS2-PHX1-AWS-Out-Bytes($),APS2-BKK1-AWS-Out-Bytes($),EUW2-EUN1-AWS-Out-Bytes($),APS2-EUW3WL1CMN1-AWS-Out-Bytes($),APS2-QRO1-AWS-Out-Bytes($),EUW2-APE1-AWS-Out-Bytes($),EUW2-ILC1-AWS-Out-Bytes($),APS2-APE2-AWS-Out-Bytes($),DataTransfer-Regional-Bytes($),APS2-MIA1-AWS-Out-Bytes($),APS2-CCU1-AWS-Out-Bytes($),APS2-DEL1-AWS-Out-Bytes($),APS2-LOS1-AWS-Out-Bytes($),APS2-BUE1-AWS-Out-Bytes($),APS2-SCL1-AWS-Out-Bytes($),APS2-SEA1-AWS-Out-Bytes($),APS2-HAM1-AWS-Out-Bytes($),APS2-CHI1-AWS-Out-Bytes($),APS2-LIM1-AWS-Out-Bytes($),APS2-MCT1-AWS-Out-Bytes($),APS2-PHL1-AWS-Out-Bytes($),APN1-DataTransfer-Out-Bytes($),APS2-MXC1-AWS-Out-Bytes($),APN1-FreeEventsRecorded($),APN2-FreeEventsRecorded($),APN3-FreeEventsRecorded($),APS1-FreeEventsRecorded($),APS2-APE1-AWS-In-Bytes($),APS2-APN1-AWS-In-Bytes($),APS2-APN2-AWS-In-Bytes($),APS2-APN3-AWS-In-Bytes($),APS2-APS1-AWS-In-Bytes($),APS2-APS3-AWS-In-Bytes($),APS2-APS4-AWS-In-Bytes($),APS2-APS7-AWS-In-Bytes($),APS2-APS9-AWS-In-Bytes($),APS2-CAN1-AWS-In-Bytes($),APS2-CloudFront-In-Bytes($),APS2-CloudFront-Out-Bytes($),APS2-DataTransfer-In-Bytes($),APS2-EBSOptimized:c6a.8xlarge($),APS2-EBSOptimized:r6a.2xlarge($),APS2-EU-AWS-In-Bytes($),APS2-EUC1-AWS-In-Bytes($),APS2-EUN1-AWS-In-Bytes($),APS2-EUW2-AWS-In-Bytes($),APS2-EUW3-AWS-In-Bytes($),APS2-FreeEventsRecorded($),APS2-SAE1-AWS-In-Bytes($),APS2-USE1-AWS-In-Bytes($),APS2-USE2-AWS-In-Bytes($),APS2-USW1-AWS-In-Bytes($),APS2-USW2-AWS-In-Bytes($),APS3-FreeEventsRecorded($),CAN1-FreeEventsRecorded($),EU-FreeEventsRecorded($),EUC1-FreeEventsRecorded($),EUN1-FreeEventsRecorded($),EUW2-FreeEventsRecorded($),EUW3-FreeEventsRecorded($),Global-Bucket-Hrs-FreeTier($),SAE1-FreeEventsRecorded($),USE1-FreeEventsRecorded($),USE2-FreeEventsRecorded($),USW1-FreeEventsRecorded($),USW2-FreeEventsRecorded($),APS2-APS6-AWS-In-Bytes($),APS2-WAW1-AWS-In-Bytes($),APS2-NYC1-AWS-In-Bytes($),APS2-APS8-AWS-In-Bytes($),APS2-MSP1-AWS-In-Bytes($),APS2-APE2-AWS-In-Bytes($),APS2-EUS1-AWS-In-Bytes($),APS2-MES1-AWS-In-Bytes($),APS2-CW:Requests($),ap-southeast-2-KMS-Requests($),APS2-AFS1-AWS-In-Bytes($),APS2-DFW1-AWS-In-Bytes($),APS2-LAX1-AWS-In-Bytes($),APS2-MEC1-AWS-In-Bytes($),APS2-BoxUsage:c6a.2xlarge($),APS2-EBSOptimized:c6a.2xlarge($),APS2-APS5-AWS-In-Bytes($),APS2-BOS1-AWS-In-Bytes($),APS2-LOS1-AWS-In-Bytes($),APS2-MCI2-AWS-In-Bytes($),APS2-PHX1-AWS-In-Bytes($),APS2-CAN2-AWS-In-Bytes($),APS2-CHI1-AWS-In-Bytes($),APS2-EUS2-AWS-In-Bytes($),APS2-BKK1-AWS-In-Bytes($),APS2-ESC1-AWS-In-Bytes($),APS2-CCU1-AWS-In-Bytes($),APS2-SCL1-AWS-In-Bytes($),APS2-EUC2-AWS-In-Bytes($),APS2-ILC1-AWS-In-Bytes($),APS2-Catalog-Request($),APS2-ResourceList($),AU-DataTransfer-Out-Bytes($),AU-Requests-Tier2-HTTPS($),Requests-RBP($),USE1-Catalog-Request($),USE1-ResourceList($),us-east-1-KMS-Requests($),Global-CloudFrontPlan-Free($),CW:Requests($),APS2-EBSOptimized:t3.small($),APS2-TPE1-AWS-In-Bytes($),APS2-ATL1-AWS-In-Bytes($),APS2-EUW3WL1CMN1-AWS-In-Bytes($),APS2-DEL1-AWS-In-Bytes($),APS2-DEN1-AWS-In-Bytes($),APS2-PDX1-AWS-In-Bytes($),APN2-Requests-Tier1($),APN3-Requests-Tier1($),APS1-Requests-Tier1($),APS2-Lambda-GB-Second-ARM($),APS2-Request-ARM($),APS3-Requests-Tier1($),CAN1-Requests-Tier1($),EU-Requests-Tier1($),EUC1-Requests-Tier1($),EUN1-Requests-Tier1($),EUW2-Requests-Tier1($),EUW3-Requests-Tier1($),SAE1-Requests-Tier1($),USE2-Requests-Tier1($),USW1-Requests-Tier1($),APS2-Lambda-GB-Second($),APS2-Request($),APS2-SEA1-AWS-In-Bytes($),APS2-DataScanned-Bytes($),APS2-XRay-TracesAccessed($),APS2-BUE1-AWS-In-Bytes($),APS2-HAM1-AWS-In-Bytes($),DataTransfer-In-Bytes($),APS2-EBSOptimized:t3.medium($),APS2-MNL1-AWS-In-Bytes($),APS2-HNL1-AWS-In-Bytes($),APS2-PHL1-AWS-In-Bytes($),APS2-IAH1-AWS-In-Bytes($),APS2-ScheduledInvocation($),AP-DataTransfer-Out-Bytes($),AP-Requests-Tier2-HTTPS($),USW2-Catalog-Request($),us-west-2-KMS-Requests($),US-DataTransfer-Out-Bytes($),US-Requests-Tier2-HTTPS($),AP-Requests-Tier1($),CA-DataTransfer-Out-Bytes($),CA-Requests-Tier1($),CA-Requests-Tier2-HTTPS($),EU-DataTransfer-Out-Bytes($),EU-Requests-Tier2-HTTPS($),US-Requests-Tier1($),USE1-IssuePublicCertificateDomain($),EU-Requests-HTTP-Proxy($),EU-Requests-HTTPS-Proxy($),AP-Requests-HTTPS-Proxy($),APS2-MIA1-AWS-In-Bytes($),AP-Requests-HTTP-Proxy($),JP-DataTransfer-Out-Bytes($),JP-Requests-HTTPS-Proxy($),JP-Requests-Tier2-HTTPS($),US-Requests-HTTPS-Proxy($),IN-DataTransfer-Out-Bytes($),IN-Requests-Tier1($),IN-Requests-Tier2-HTTPS($),Invalidations($),ZA-DataTransfer-Out-Bytes($),ZA-Requests-Tier2-HTTPS($),APS2-MCT1-AWS-In-Bytes($),APS2-CPH1-AWS-In-Bytes($),CA-Requests-HTTPS-Proxy($),APS2-QRO1-AWS-In-Bytes($),APS2-PER1-AWS-Out-Bytes($),APS2-LAS1-AWS-In-Bytes($),APS2-AKL1-AWS-Out-Bytes($),JP-Requests-Tier1($),APS2-DataTransfer-xAZ-In-Bytes($),APS2-DataTransfer-xAZ-Out-Bytes($),USE1-APS2-AWS-In-Bytes($),USE1-DataTransfer-xAZ-In-Bytes($),USE1-DataTransfer-xAZ-Out-Bytes($),APS2-UGW1-AWS-In-Bytes($),US-Requests-HTTP-Proxy($),ME-DataTransfer-Out-Bytes($),ME-Requests-Tier2-HTTPS($),APS2-EBSOptimized:g4dn.xlarge($),APS2-HEL1-AWS-In-Bytes($),DashboardsUsageHour-Basic($),APS2-MXC1-AWS-In-Bytes($),APS2-EBSOptimized:t3.2xlarge($),IN-Requests-HTTPS-Proxy($),EUW2-CAN1-AWS-In-Bytes($),EUW2-CW:MetricMonitorUsage($),EUW2-DataTransfer-In-Bytes($),EUW2-EBSOptimized:c6a.4xlarge($),EUW2-EUC1-AWS-In-Bytes($),EUW2-USE1-AWS-In-Bytes($),EUW2-USE2-AWS-In-Bytes($),EUW2-USW2-AWS-In-Bytes($),ZA-Requests-HTTPS-Proxy($),EUW2-CloudFront-In-Bytes($),EUW2-CloudFront-Out-Bytes($),eu-west-2-KMS-Requests($),EUW2-APS2-AWS-In-Bytes($),EUW2-EU-AWS-In-Bytes($),APN1-Catalog-Request($),CAN1-Catalog-Request($),USE1-KiroEnterprise-Credits($),ap-northeast-1-KMS-Requests($),ca-central-1-KMS-Requests($),APS2-LIM1-AWS-In-Bytes($),EUW2-APS1-AWS-In-Bytes($),EUW2-EUN1-AWS-In-Bytes($),EUW2-USW1-AWS-In-Bytes($),EUW2-APN1-AWS-In-Bytes($),EU-on-demand($),EUW2-APS3-AWS-In-Bytes($),EUW2-APE1-AWS-In-Bytes($),EUW2-ILC1-AWS-In-Bytes($),Executions-CloudFrontFunctions($),SA-DataTransfer-Out-Bytes($),SA-Requests-Tier2-HTTPS($),Total costs($)
Usage type total,21428.415,10589.14529,6516.8,5734.674,5073.9822,4356.955327,3298.683884,2064.137809,1981.98,1507.043545,1469.020285,817.995338,814.0240042,810.9476964,592.2353087,534.1362286,506.4712106,503.6011349,382.969,242.5017485,175.1543736,175.10148,115.667063,103.15,89.05147128,84.83133823,75.60675579,72.00000135,61.06012088,58.37141507,49.401946,46.38060804,46.13196131,43.52148416,35.95147818,27.74232268,23.04,17.19709682,13.42867846,10.84996416,10.50210892,9.994390953,7.092338473,6.05964,5.1212136,5.020087495,4.730939974,2.956515,2.7919815,2.366867698,1.945200005,1.942006973,1.537947214,1.310255405,1.1425,1.0359,0.95226,0.93604,0.923319875,0.8601,0.85202,0.8455,0.83824,0.8344,0.83116,0.8311,0.8269,0.82636,0.82276,0.812,0.7768952,0.662796902,0.615600868,0.6134705,0.314339477,0.299501485,0.269694635,0.232675255,0.173841723,0.166532543,0.154165197,0.1282,0.118069461,0.090557822,0.087110943,0.081586237,0.079000392,0.070841678,0.043457408,0.03897,0.038154779,0.035315924,0.027991929,0.01536854,0.013493345,0.013137627,0.012565432,0.012127981,0.011505263,0.011333387,0.010120213,0.00816853,0.007742,0.006932571,0.006560084,0.006233989,0.0060126,0.004731404,0.004604132,0.004351451,0.003859882,0.00324,0.002909614,0.002848447,0.002677672,0.002430761,0.00237,0.002333598,0.001526304,0.001490299,0.001379413,0.001375739,0.001231605,0.0011385,0.000949752,0.000849323,0.0006,0.000504,0.000492919,0.00035991,0.000308899,0.000307494,0.0002345,0.000216455,0.0002156,0.000207769,0.00015796,0.0001485,0.00012,9.28E-05,0.000091688,9.04E-05,8.28E-05,0.00008,7.80E-05,6.66E-05,5.98E-05,0.000055,0.000055,3.51E-05,0.00003,0.0000228,2.19E-05,2.15E-05,0.00002,0.00002,0.0000188,0.000015,0.000015,0.000014,0.0000105,0.0000105,0.0000105,0.00001,0.00001,7.66E-06,7.48E-06,6.76E-06,5.99E-06,5.65E-06,5.65E-06,5.60E-06,5.53E-06,5.47E-06,5.42E-06,5.35E-06,5.30E-06,5.30E-06,5.24E-06,5.19E-06,5.16E-06,5.13E-06,5.10E-06,5.06E-06,4.95E-06,4.74E-06,4.62E-06,4.10E-06,4.02E-06,0.000003,0.000002805,2.19E-06,0.000001745,1.17E-06,4.26E-07,3.66E-07,3.52E-07,3.18E-07,1.50E-07,1.41E-07,1.39E-07,1.33E-07,1.33E-07,9.37E-08,7.98E-08,7.93E-08,4.40E-08,3.70E-08,3.67E-08,3.29E-08,2.92E-08,2.57E-08,2.19E-08,1.94E-08,1.84E-08,7.40E-09,7.30E-09,7.30E-09,6.40E-09,3.70E-09,0,0,0,0,0,0,0,0,0,0,0,0,0,0,0,0,0,0,0,0,0,0,0,0,0,0,0,0,0,0,0,0,0,0,0,0,0,0,0,0,0,0,0,0,0,0,0,0,0,0,0,0,0,0,0,0,0,0,0,0,0,0,0,0,0,0,0,0,0,0,0,0,0,0,0,0,0,0,0,0,0,0,0,0,0,0,0,0,0,0,0,0,0,0,0,0,0,0,0,0,0,0,0,0,0,0,0,0,0,0,0,0,0,0,0,0,0,0,0,0,0,0,0,0,0,0,0,0,0,0,0,0,0,0,0,0,0,0,0,0,0,0,0,0,0,0,0,0,0,0,0,0,0,0,0,0,0,0,0,0,0,0,0,0,0,0,0,0,0,0,0,0,0,0,0,0,0,0,0,0,0,0,0,0,0,0,0,0,0,0,0,0,0,0,0,0,0,0,0,0,0,0,70632.21204
17/09/2025,60.432,2.270995248,,17.496,16.98278166,,8.080000001,5.733468276,7.56,4.565815056,,,0.273488141,0,0,1.426440463,,1.367922262,,,0.36,0.05968,0.1307,,0,0.235642606,,0.199999999,,,0.066286,0.128835022,,0.05024932,0.100000001,,,0.013517021,0.068047322,,0.128323165,,,0.00514,,,0.026065057,,,0.01410948,0.005403333,0.004612703,,,0.00166,0.00134,0.00138,0.00138,,0.00136,0.00136,0.0014,0.00138,0.00142,0.00136,0.0012,0.00132,0.00142,0.00138,0.00102,,1.51E-06,,,,,4.69E-05,1.41E-06,0.000193821,,,,,,3.54E-06,0,,,,0.000095,3.50E-05,1.38E-06,7.78E-05,,1.48E-06,0.000006278,,5.20E-06,2.71E-06,1.48E-06,,,0.0000035,,1.39E-06,,0.00008976,1.45E-06,3.65E-06,,,,,3.64E-06,0.00000375,3.15E-06,,,,,,,,,,,,,,,,,,,,,,,,,,,,,,,,,,,,,,,,,,,,,,,,,,,,1.08E-08,2.16E-08,1.08E-08,,1.08E-08,1.02E-08,1.02E-08,,1.02E-08,,1.08E-08,,1.02E-08,1.02E-08,1.02E-08,1.02E-08,1.02E-08,,,,,,,5.10E-09,,,,,,,,,,,,,,,,,,,,,,,,,,,,,,0,0,0,0,0,0,0,0,0,0,0,0,0,0,0,0,0,0,0,0,0,0,0,0,0,0,0,0,0,0,0,0,0,0,0,0,0,0,0,0,0,0,0,,,,,,,,,,,,,,,,,,,,,,,,,,,,,,,,,,,,,,,,,,,,,,,,,,,,,,,,,,,,,,,,,,,,,,,,,,,,,,,,,,,,,,,,,,,,,,,,,,,,,,,,,,,,,,,,,,,,,,,,,,,,,,,,,,,,,,,,,,,,,,,,,,,,,,,,,,,,,,,,127.8064861
18/09/2025,60.432,2.333065258,,17.496,16.98278166,,8.080000001,5.733468276,7.56,4.565815056,,,0.273488141,0,0,1.422607962,,1.369097738,,,0.36,0.07052,0.21612,,0,0.235642606,,0.199999999,,,0.026499,0.128835022,,0.09194504,0.100000001,,,0.037431689,0.067140601,,0.124088398,,,0.00422,,,0.01175973,,0.0000035,0.01412465,0.005403333,0.003276703,,,0.00164,0.00144,0.00144,0.00144,,0.00142,0.00142,0.00142,0.00142,0.00144,0.00126,0.00146,0.00114,0.00128,0.00148,0.00146,,2.74E-06,,,,,4.41E-05,1.76E-06,0.000588421,,,,,,4.86E-06,0,,,,0.0001,3.63E-05,0.000110909,7.78E-05,0.001265299,1.44E-06,4.37E-06,,8.93E-05,2.77E-06,3.53E-05,,0.000175331,,,1.62E-06,,,0.00092034,3.64E-06,,,,,3.64E-06,0.00000375,3.11E-06,,,,,,,,,,,,,,,,,,,,,,,,,,,8.02E-08,,,,,,,,,,,,,,,,,,,,,,,,,1.02E-08,2.16E-08,1.02E-08,,1.08E-08,1.02E-08,1.02E-08,,1.02E-08,,1.02E-08,1.08E-08,1.02E-08,,1.02E-08,1.02E-08,,1.02E-08,,,,,,5.10E-09,,,,,,,,,,,,,,,,,,,,,,,,,,,,,,0,0,0,0,0,0,0,0,0,0,0,0,0,0,0,0,0,0,0,0,0,0,0,0,0,0,0,0,0,0,0,0,0,0,0,0,0,0,0,0,0,0,0,0,0,,,,,,,,,,,,,,,,,,,,,,,,,,,,,,,,,,,,,,,,,,,,,,,,,,,,,,,,,,,,,,,,,,,,,,,,,,,,,,,,,,,,,,,,,,,,,,,,,,,,,,,,,,,,,,,,,,,,,,,,,,,,,,,,,,,,,,,,,,,,,,,,,,,,,,,,,,,,,,127.9699714
19/09/2025,60.432,1.767649988,,17.496,16.98278166,,8.080000001,5.733468276,7.56,4.565815056,,,0.273488141,0,0,1.422682603,,1.369097738,,,0.36,0.0744,0.141569,,0.063245198,0.235642606,,0.199999999,,,0.023342,0.128835022,,0.058619,0.100000001,,,0.06967165,0.073296853,,0.112935769,,,0.01738,,,0.009600212,,0.000007,0.014144934,0.005403333,0.002958847,,,0.00188,0.00182,0.00188,0.0018,,0.00186,0.00182,0.00182,0.00182,0.00182,0.00186,0.00162,0.00176,0.00182,0.00182,0.00154,,3.15E-06,,,,,0.000110324,1.80E-06,0.001244877,,,,,,2.73E-05,0,,,,0.00008,3.41E-05,1.85E-06,7.78E-05,0.000266813,1.77E-06,5.26E-06,,0.000007192,1.97E-06,1.82E-06,,3.57E-06,,,1.91E-06,,,1.79E-06,3.65E-06,,,,,3.64E-06,3.75E-06,3.07E-06,,,,,,,,,,,,0.000007,,,,,,,0.0000004,,,,,,,,,,,,3.98E-05,,,,,,,,,,,,,,,,,,,,,1.08E-08,1.08E-08,1.08E-08,,1.08E-08,1.02E-08,1.02E-08,,1.02E-08,,1.08E-08,,1.08E-08,1.02E-08,1.02E-08,1.02E-08,1.02E-08,,,,,,,5.10E-09,,,,,,,,,,,,,,,,,,,,,,,,,,,,,,0,0,0,0,0,0,0,0,0,0,0,0,0,0,0,0,0,0,0,0,0,0,0,0,0,0,0,0,0,0,0,0,0,0,0,0,0,0,0,0,0,0,0,0,0,0,,,,,,,,,,,,,,,,,,,,,,,,,,,,,,,,,,,,,,,,,,,,,,,,,,,,,,,,,,,,,,,,,,,,,,,,,,,,,,,,,,,,,,,,,,,,,,,,,,,,,,,,,,,,,,,,,,,,,,,,,,,,,,,,,,,,,,,,,,,,,,,,,,,,,,,,,,,,,127.4029095
20/09/2025,60.432,10.96942795,,17.496,16.98278166,,8.080000001,5.733468276,7.56,4.565815056,,,0.273488141,0,0,1.422847133,,1.369097738,,,0.36,0.06236,0.067394,,0.067492302,0.235642606,,0.199999999,,,0.0378895,0.128835022,,0.02664508,0.100000001,,,0.072154199,0.079185945,,0.102267124,,,0.004,,,0.007868952,,,0.014161711,0.005403333,0.013541428,,,0.00204,0.00212,0.002,0.00208,,0.00208,0.00204,0.00206,0.00202,0.00204,0.00206,0.00204,0.002,0.00192,0.00206,0.00216,,3.43E-06,,,,,0.000251139,1.93E-06,0.001329976,,,,,,0.000285193,0,,,,0.00009,0.000188293,0.000156902,7.78E-05,0.000489079,2.09E-06,4.75E-06,,5.77E-06,3.34E-06,0.000338712,,0.000284066,,,2.07E-06,,,2.12E-06,3.64E-06,,,,,3.64E-06,0.00000375,3.06E-06,,,,,,2.70E-09,,,,,,,,,,,,,,,,,,,,,,,,,,,,,,,,,,,,,,,,,,,,,,1.02E-08,1.02E-08,1.08E-08,,1.08E-08,1.02E-08,2.05E-08,,1.02E-08,,1.08E-08,1.02E-08,1.02E-08,1.02E-08,1.02E-08,1.02E-08,1.02E-08,1.02E-08,,,,,,5.10E-09,,,,,,,,,,,,,,,,,,,,,,,,,,,,,,0,0,0,0,0,0,0,0,0,0,0,0,0,0,0,0,0,0,0,0,0,0,0,0,0,0,0,0,0,0,0,0,0,0,0,0,0,0,0,0,0,0,0,0,0,,0,,,,,,,,,,,,,,,,,,,,,,,,,,,,,,,,,,,,,,,,,,,,,,,,,,,,,,,,,,,,,,,,,,,,,,,,,,,,,,,,,,,,,,,,,,,,,,,,,,,,,,,,,,,,,,,,,,,,,,,,,,,,,,,,,,,,,,,,,,,,,,,,,,,,,,,,,,,,136.504018
21/09/2025,60.432,22.58990433,,17.496,16.98278166,,8.080000001,5.733468276,7.56,4.565815056,,,0.273488141,0,0,1.420114533,,1.369936565,,,0.36,0.05922,0.103202,,0.098183199,0.235642606,,0.199999999,,,0.063789,0.128835022,,0.0391688,0.100000001,,,0.083539651,0.078506758,,0.099303396,,,0.0031,,,0.015613514,,,0.014178125,0.005403333,0.014921976,,,0.00166,0.0017,0.00166,0.0017,,0.00168,0.00164,0.00162,0.00164,0.00136,0.00152,0.00146,0.00162,0.00164,0.00164,0.00164,,0.000100509,,,,,0.000167566,5.99E-06,0.000996372,,,,,,3.23E-05,0,,,,0.00008,0.000157251,0.000839291,7.78E-05,0.000359465,1.81E-06,5.32E-06,,0.000111151,3.02E-06,0.000105937,,,,,3.11E-06,,,1.76E-06,4.23E-06,,,,,3.64E-06,3.75E-06,3.07E-06,,,,,,,,,,,,,,,,,,,,,,,,,,,,,,,,,,,,,,,,,,,,,,,,,,,,1.08E-08,1.08E-08,1.08E-08,,1.02E-08,1.02E-08,2.05E-08,,1.02E-08,,1.02E-08,,,1.02E-08,1.02E-08,1.02E-08,1.02E-08,1.02E-08,,,0.000000011,,,5.10E-09,,,,,,,,,,,,,,,,,,,,,,,,,,,,,,0,0,0,0,0,0,0,0,0,0,0,0,0,0,0,0,0,0,0,0,0,0,0,0,0,0,0,0,0,0,0,0,0,0,0,0,0,0,0,0,0,0,0,0,,,,0,,,,,,,,,,,,,,,,,,,,,,,,,,,,,,,,,,,,,,,,,,,,,,,,,,,,,,,,,,,,,,,,,,,,,,,,,,,,,,,,,,,,,,,,,,,,,,,,,,,,,,,,,,,,,,,,,,,,,,,,,,,,,,,,,,,,,,,,,,,,,,,,,,,,,,,,,,,148.2333594
22/09/2025,60.432,18.08087225,,17.496,16.98278166,,8.080000001,5.733468276,7.56,4.565815056,,,0.273488141,0,0,1.420331396,,1.369963221,,,0.36,0.0731,0.114926,,0.117463274,0.235642606,,0.199999999,,,0.087582,0.128835022,,0.04178636,0.100000001,,,0.052274753,0.084120127,,0.08900097,,,0.00958,,,0.013847119,,0.000007,0.014194628,0.005403333,0.004093268,,,0.00228,0.00238,0.00232,0.00224,,0.00226,0.00228,0.00232,0.00236,0.00228,0.0023,0.00228,0.00224,0.00232,0.00228,0.00238,,3.16E-06,,,,,0.000042121,1.94E-06,0.000988032,,,,,,8.18E-06,0,,,,0.000085,2.82E-05,4.07E-05,7.78E-05,0.000379824,0.00000205,4.73E-06,,3.13E-05,2.11E-06,0.000106497,,0.00018762,,,2.14E-06,,0.00030316,1.94E-06,3.06E-06,,,,,3.65E-06,0.00000375,3.06E-06,,,,,,,,,,,,0.000007,,,,,,,,,,,,,,,,,,,,,,,,,,,,,,,,,,,,,,,,1.08E-08,1.08E-08,1.02E-08,,1.08E-08,1.02E-08,1.02E-08,,1.02E-08,,1.08E-08,1.08E-08,1.02E-08,1.02E-08,1.02E-08,1.02E-08,1.02E-08,1.02E-08,,,,,,5.10E-09,,,,,,,,,,,,,,,,,,,,,,,,,,,,,,0,0,0,0,0,0,0,0,0,0,0,0,0,0,0,0,0,0,0,0,0,0,0,0,0,0,0,0,0,0,0,0,0,0,0,0,0,0,0,0,0,0,0,0,0,,,,,,,,,,,,,,,,,,,,,,,,,,,,,,,,,,,,,,,,,,,,,,,,,,,,,,,,,,,,,,,,,,,,,,,,,,,,,,,,,,,,,,,,,,,,,,,,,,,,,,,,,,,,,,,,,,,,,,,,,,,,,,,,,,,,,,,,,,,,,,,,,,,,,,,,,,,,,,143.7634136
23/09/2025,60.432,3.313571099,,17.496,16.98278166,,8.080000001,5.733468276,7.56,4.565815056,,,0.273488141,0,0,1.420568362,,1.369269345,,,0.36,0.06512,0.124513,,0.130074829,0.235642606,,0.199999999,,,0.1743995,0.128835022,,0.0393646,0.100000001,,,0.013382567,0.081521425,,0.097178145,,,0.00698,,,0.007656067,,0.0000035,0.01421163,0.005403333,0.004348396,,,0.00156,0.00154,0.00158,0.0016,,0.0016,0.00154,0.00154,0.0015,0.00158,0.0014,0.00136,0.0015,0.00154,0.00156,0.00122,,1.59E-06,,,,,2.67E-05,2.32E-06,0.00030941,,,,,,2.59E-05,0,,,,0.00007,3.24E-05,0.000727671,7.78E-05,0.000737056,1.55E-06,4.51E-06,,4.40E-06,2.77E-06,0.000342056,,,,,1.64E-06,,,1.55E-06,3.38E-06,,,,,0.000003375,3.49E-06,2.80E-06,,,,,,,,,0.000662015,7.70E-09,,0.0000035,,,,,,,,,,,,,,,,0.00006,,,,,,,,,,,,,,,,,,,,,,,7.70E-09,1.08E-08,1.02E-08,1.02E-08,,1.02E-08,1.02E-08,1.02E-08,,1.02E-08,,,,1.02E-08,1.02E-08,1.02E-08,1.02E-08,1.02E-08,,,,,,,5.10E-09,,,,,,,,,,,,,,3.30E-09,,,,,,,,,,,,,,,,0,0,0,0,0,0,0,0,0,0,0,0,0,0,0,0,0,0,0,0,0,0,0,0,0,0,0,0,0,0,0,0,0,0,0,0,0,0,0,0,0,0,0,0,,,,,0,0,0,,,,,,,,,,,,,,,,,,,,,,,,,,,,,,,,,,,,,,,,,,,,,,,,,,,,,,,,,,,,,,,,,,,,,,,,,,,,,,,,,,,,,,,,,,,,,,,,,,,,,,,,,,,,,,,,,,,,,,,,,,,,,,,,,,,,,,,,,,,,,,,,,,,,,,,,129.0413245
24/09/2025,60.432,2.273926401,,17.496,16.98278166,,8.080000001,5.733468276,7.56,4.565815056,,,0.273488141,0,0,1.420757817,,1.370069258,,,0.36,0.10448,0.124103,,0.145492566,0.235642606,,0.199999999,,,0.039281,0.128835022,,0.0498674,0.100000001,,,0.013188425,0.08560289,,0.085784623,,,0.08294,,,0.016142574,,0.0000105,0.014227718,0.005403333,0.002432708,,,0.00994,0.01,0.0104,0.00986,,0.00986,0.0099,0.0099,0.00986,0.00992,0.00996,0.0099,0.00972,0.00988,0.01,0.00986,,0.000003174,,,,,1.63E-05,1.56E-06,0.000772837,,,,,,6.71E-06,0,,,,0.000165,3.29E-05,0.000142694,7.78E-05,8.91E-05,1.65E-06,3.11E-06,,2.62E-06,2.80E-06,0.000148064,,,0.000007,,1.51E-06,,0.00011308,0.000001602,5.48E-07,,,,,5.39E-07,5.30E-07,5.34E-07,,,,,,,,,,,,,,,,,,,0.0000008,,,,,,,,4.56E-07,,,,,,,,,,,,,,,,,,,,,,,,7.70E-09,1.08E-08,2.16E-08,1.08E-08,,1.08E-08,1.02E-08,1.02E-08,,1.02E-08,,1.08E-08,1.02E-08,1.08E-08,,1.02E-08,1.02E-08,1.02E-08,1.02E-08,,,,,,5.10E-09,,,,,,,,,,,,,,,,,,,,,,,,,,,,6.40E-09,,0,0,0,0,0,0,0,0,0,0,0,0,0,0,0,0,0,0,0,0,0,0,0,0,0,0,0,0,0,0,0,0,0,0,0,0,0,0,0,0,0,0,0,0,,,,,,,0,0,0,,,,,,,,,,,,,,,,,,,,,,,,,,,,,,,,,,,,,,,,,,,,,,,,,,,,,,,,,,,,,,,,,,,,,,,,,,,,,,,,,,,,,,,,,,,,,,,,,,,,,,,,,,,,,,,,,,,,,,,,,,,,,,,,,,,,,,,,,,,,,,,,,,,,,,128.132294
25/09/2025,60.432,1.33034241,,17.496,16.98278166,,8.080000001,5.733468276,7.56,4.565815056,,,0.273488141,0,0,1.420974822,,1.370018376,,,0.36,0.139,0.099123,,0.139759511,0.235642606,,0.199999999,,,0.051249,0.128835022,,0.0382492,0.100000001,,,0.036644635,0.089658622,,0.078691691,,,0.07708,,,0.022396583,,0.0000105,0.014257494,0.005403333,0.001233334,,,0.0268,0.02656,0.02674,0.0268,,0.02678,0.0269,0.0269,0.02688,0.02694,0.02672,0.02676,0.02666,0.02688,0.02684,0.0269,,1.96E-06,,,,,1.70E-05,0.000000698,0.00062659,,,,,,0.000188746,0,,,,0.000175,2.90E-05,4.11E-05,7.78E-05,0.000568593,6.88E-07,6.45E-06,,8.12E-06,0.000000715,6.52E-07,,0.000272869,,,8.04E-07,,,6.92E-07,7.29E-06,,,,,7.29E-06,0.0000075,6.12E-06,,,,,,,,,,,,0.0000035,,,,,,,0.000004,,,,,,,,1.22E-07,,,,,,,,,,,7.70E-09,,,,,,,,,,,,,7.70E-09,1.08E-08,1.02E-08,1.08E-08,,1.02E-08,1.02E-08,1.02E-08,,1.02E-08,,1.08E-08,1.02E-08,0.000000021,1.02E-08,1.02E-08,1.02E-08,1.02E-08,1.02E-08,,,,,,5.10E-09,,,,,,,,,,,,,,,,,,,,,,,,,,,,,,0,0,0,0,0,0,0,0,0,0,0,0,0,0,0,0,0,0,0,0,0,0,0,0,0,0,0,0,0,0,0,0,0,0,0,0,0,0,0,0,0,0,0,0,0,,,,,,0,,,0,,,,,,,,,,,,,,,,,,,,,,,,,,,,,,,,,,,,,,,,,,,,,,,,,,,,,,,,,,,,,,,,,,,,,,,,,,,,,,,,,,,,,,,,,,,,,,,,,,,,,,,,,,,,,,,,,,,,,,,,,,,,,,,,,,,,,,,,,,,,,,,,,,,,,127.4662367
26/09/2025,60.432,2.824954338,,17.496,16.98278166,,8.080000001,5.733468276,7.56,4.565815056,,,0.273488141,0,0,1.421185537,,1.370029434,,,0.36,0.0664,0.052303,,0.052990725,0.235642606,,0.199999999,,,0.022077,0.128835022,,0.02062192,0.100000001,,,0.069617718,0.091543298,,0.075222131,,,0.01854,,,0.016701965,,0.000007,0.014285914,0.005403333,0.002680643,,,0.00168,0.00154,0.00154,0.00154,,0.00154,0.00154,0.00156,0.00158,0.0012,0.0016,0.00156,0.00166,0.00144,0.00166,0.00122,,0.000449572,,,,,0.000036282,0.000001531,0.000351571,,,,,,6.11E-06,0,,,,0.00009,0.000116689,6.45E-05,7.78E-05,0.000334252,1.63E-06,7.92E-06,,9.76E-06,2.40E-06,9.74E-06,,4.64E-06,,,1.58E-06,,,1.71E-06,7.28E-06,,,,,7.21E-06,0.0000075,6.12E-06,,,,,,,,,,7.70E-09,,0.0000035,,,,,,,,,,,,,,,8.28E-08,,,,,,,,,,,,,,,,,,,,,,,,7.70E-09,1.08E-08,0.000000021,1.08E-08,,1.08E-08,1.02E-08,1.02E-08,,1.02E-08,,1.08E-08,1.08E-08,,1.02E-08,1.02E-08,1.02E-08,1.02E-08,,,,,,,5.10E-09,,,,,,,,,,,,,,,,,,,,,,,,,,,,,,0,0,0,0,0,0,0,0,0,0,0,0,0,0,0,0,0,0,0,0,0,0,0,0,0,0,0,0,0,0,0,0,0,0,0,0,0,0,0,0,0,0,0,0,0,,,,,0,0,,,,,,,,,,,,,,,,,,,,,,,,,,,,,,,,,,,,,,,,,,,,,,,,,,,,,,,,,,,,,,,,,,,,,,,,,,,,,,,,,,,,,,,,,,,,,,,,,,,,,,,,,,,,,,,,,,,,,,,,,,,,,,,,,,,,,,,,,,,,,,,,,,,,,,,,128.2970542
27/09/2025,60.432,2.163449346,,17.496,16.98278166,,8.080000001,5.733468276,7.56,4.565815056,,,0.250697462,0,0,1.421325347,,1.370029434,,,0.36,0.05424,0.029167,,0.031995125,0.235642606,,0.199999999,,,0.0222585,0.128835022,,0.01086932,0.100000001,,,0.067873555,0.092616911,,0.07327718,,,0.00354,,,0.004528393,,,0.014300429,0.005403333,0.000959718,,,0.00182,0.00186,0.0018,0.00192,,0.00186,0.00182,0.00178,0.0018,0.00178,0.00194,0.00182,0.00168,0.00182,0.00176,0.00182,,0.000003005,,,,,2.64E-05,1.76E-06,0.000584618,,,,,,0.000202777,0,,,,0.00009,4.99E-05,4.24E-05,7.78E-05,,1.80E-06,0.000007949,,9.29E-06,2.75E-06,1.70E-06,,0.000125506,,,1.60E-06,,,1.56E-06,7.79E-06,,,,,7.29E-06,0.0000075,0.000104963,,,,,,,,,,7.70E-09,,,,,,,,,0.0000004,,,,,,,,,,,,,,,,,,,7.70E-09,,,,,,,,,,,,,7.70E-09,1.08E-08,1.08E-08,1.08E-08,,1.08E-08,1.02E-08,1.02E-08,,1.02E-08,,1.08E-08,1.02E-08,1.08E-08,1.02E-08,1.02E-08,1.02E-08,1.02E-08,1.02E-08,,,,,,5.10E-09,,,,,,,,,,,,,,3.30E-09,,,,,,,,,,,,,,,,0,0,0,0,0,0,0,0,0,0,0,0,0,0,0,0,0,0,0,0,0,0,0,0,0,0,0,0,0,0,0,0,0,0,0,0,0,0,0,0,0,0,0,,0,,,,0,0,0,,,0,,,,,,,,,,,,,,,,,,,,,,,,,,,,,,,,,,,,,,,,,,,,,,,,,,,,,,,,,,,,,,,,,,,,,,,,,,,,,,,,,,,,,,,,,,,,,,,,,,,,,,,,,,,,,,,,,,,,,,,,,,,,,,,,,,,,,,,,,,,,,,,,,,,,,127.5197125
28/09/2025,60.432,0.622893186,,17.496,16.98278166,,8.080000001,5.733468276,7.56,4.565815056,,,0.273488141,0,0,1.421472913,,1.370029434,,,0.36,0.05956,0.038789,,0.043765379,0.235642606,,0.199999999,,,0.0245245,0.128835022,,0.01507484,0.100000001,,,0.068341122,0.093511019,,0.071657418,,,0.00398,,,0.005534329,,,0.014315493,0.005403333,0.000708284,,,0.00228,0.00228,0.0023,0.0023,,0.0023,0.00228,0.0023,0.00234,0.00228,0.0023,0.0023,0.00228,0.00228,0.0023,0.0023,,0.000003294,,,,,0.000125023,1.89E-06,0.001130369,,,,,,5.25E-06,0,,,,0.000085,5.15E-05,0.000121538,7.78E-05,0.00102491,2.08E-06,8.24E-06,,1.08E-05,2.11E-06,1.99E-06,,,,,1.98E-06,,,1.89E-06,6.71E-06,,,,3.70E-09,7.29E-06,0.0000075,6.13E-06,,,,,,,7.30E-09,,,,,,,,,,,,,,,,,,,,,,,,,,,,,,,,,,,,,,,,,,,,,1.08E-08,1.02E-08,1.08E-08,,1.08E-08,1.02E-08,1.02E-08,,1.02E-08,,1.08E-08,1.02E-08,1.08E-08,1.02E-08,1.02E-08,1.02E-08,1.02E-08,1.02E-08,,,,,,5.10E-09,,,,,,,,,,,,,,,,,,,,,,,,,,,,,,0,0,0,0,0,0,0,0,0,0,0,0,0,0,0,0,0,0,0,0,0,0,0,0,0,0,0,0,0,0,0,0,0,0,0,0,0,0,0,0,0,0,0,0,,,,,,,,,,,0,0,,,,,,,,,,,,,,,,,,,,,,,,,,,,,,,,,,,,,,,,,,,,,,,,,,,,,,,,,,,,,,,,,,,,,,,,,,,,,,,,,,,,,,,,,,,,,,,,,,,,,,,,,,,,,,,,,,,,,,,,,,,,,,,,,,,,,,,,,,,,,,,,,,,126.0446944
29/09/2025,60.432,1.43256141,,17.496,16.98278166,,8.080000001,5.733468276,7.56,4.565815056,,,0.273488141,0,0,1.421616307,,1.371225593,,,0.36,0.06326,0.109781,,0.117777925,0.235642606,,0.199999999,,,0.0282095,0.128835022,,0.04494116,0.100000001,,,0.045194272,0.090357357,,0.07138978,,,0.00302,,,0.004985813,,,0.014330848,0.005403333,0.000583422,,,0.00174,0.0017,0.00172,0.0017,,0.0017,0.00174,0.00172,0.00178,0.0017,0.00174,0.00154,0.00164,0.0015,0.00174,0.00142,,1.82E-06,,,,,0.000039473,1.75E-06,0.000917292,,,,,,4.06E-06,0,,,,0.00007,0.000256856,4.24E-05,7.78E-05,,1.68E-06,0.000007986,,9.27E-06,4.22E-06,8.47E-05,,,,,1.90E-06,,,1.73E-06,7.87E-06,,,,,7.29E-06,0.0000075,6.14E-06,,,,,,,,,,,,,,,,,,,,,,,,,,,,,,,,,,,,,,,,,,,,,,,,,,,,1.02E-08,1.08E-08,1.08E-08,,1.08E-08,1.02E-08,1.02E-08,,1.02E-08,,1.08E-08,,1.08E-08,1.02E-08,1.02E-08,1.02E-08,,,,,,,,5.10E-09,,,,,,,,,,,,,,,,,,,,,,,,,,,,,,0,0,0,0,0,0,0,0,0,0,0,0,0,0,0,0,0,0,0,0,0,0,0,0,0,0,0,0,0,0,0,0,0,0,0,0,0,0,0,0,0,0,0,,,,,,,,,,,,,,,,,,,,,,,,,,,,,,,,,,,,,,,,,,,,,,,,,,,,,,,,,,,,,,,,,,,,,,,,,,,,,,,,,,,,,,,,,,,,,,,,,,,,,,,,,,,,,,,,,,,,,,,,,,,,,,,,,,,,,,,,,,,,,,,,,,,,,,,,,,,,,,,,126.9993004
30/09/2025,60.432,1.201663173,,17.496,17.01600023,,8.080000001,5.733468276,7.56,4.565815056,,,0.273488141,0,0,1.421777716,,1.3714836,,,0.36,0.07234,0.13033,,0.142225992,0.235642606,,0.199999999,,,0.035915,0.128835022,,0.05317928,0.100000001,,,0.011517246,0.093854656,,0.063764059,,,0.011,,,0.00573428,,0.0001225,0.014345643,0.005403333,0.000532326,,,0.00204,0.0021,0.00204,0.00212,,0.00204,0.00206,0.00204,0.00208,0.00204,0.0021,0.0021,0.00182,0.00204,0.0021,0.0021,,3.09E-06,,,,,2.61E-05,9.67E-06,0.000602489,,,,,,5.09E-06,0,,,,0.00019,5.33E-05,3.34E-05,7.78E-05,0.000437935,1.75E-06,7.97E-06,,9.93E-06,1.86E-06,1.83E-06,,,,,2.04E-06,,0.00000704,1.83E-06,6.91E-06,,,,,7.29E-06,0.0000075,6.14E-06,,,,,,,,,,1.54E-08,,0.0000035,,,,,,,0.0000016,,,,,,,,0.000000941,,,,,,,,,,,,,,,,,,,,,,,,1.54E-08,1.02E-08,1.08E-08,1.02E-08,,1.02E-08,1.02E-08,1.02E-08,,1.02E-08,,1.08E-08,1.08E-08,1.08E-08,,1.02E-08,2.05E-08,1.02E-08,2.05E-08,,,,,,5.10E-09,,,,,,,,,,,,,,3.30E-09,,,,,,,,,,,,,,,,0,0,0,0,0,0,0,0,0,0,0,0,0,0,0,0,0,0,0,0,0,0,0,0,0,0,0,0,0,0,0,0,0,0,0,0,0,0,0,0,0,0,0,0,,,,,0,0,0,,,,,,,,,,,,,,,,,,,,,,,,,,,,,,,,,,,,,,,,,,,,,,,,,,,,,,,,,,,,,,,,,,,,,,,,,,,,,,,,,,,,,,,,,,,,,,,,,,,,,,,,,,,,,,,,,,,,,,,,,,,,,,,,,,,,,,,,,,,,,,,,,,,,,,,,126.8487653
1/10/2025,60.432,0,439.17,17.496,18.19393154,223.584063,7.819354838,5.548517686,7.56,4.418530711,,,0.273488141,0,0,1.34589459,,1.327282964,,,0.36,0.06946,0.100049,,0,0.228041232,,0.193548386,,,0.034936,0.124679054,,0.0399476,0.092741934,,,0.003948399,0.092635632,,0.058226953,,,0.01462,,,0.003216676,,0.0000455,0.014361855,0.005229032,0.002869897,,,0.00226,0.0023,0.00226,0.0022,,0.00226,0.00228,0.00228,0.0023,0.00232,0.0023,0.00206,0.0022,0.00226,0.00232,0.00226,,3.23E-06,,,,,1.95E-05,9.85E-06,0.000086627,,,0,,,5.52E-06,0,,,,0.00012,3.10E-05,7.81E-05,7.52E-05,0.00017351,2.30E-06,8.42E-06,,9.10E-06,0.000922146,2.22E-06,,,0.000007,,8.41E-05,,0.00004268,2.13E-06,7.08E-06,,,0.0018,,7.29E-06,0.0000075,6.12E-06,0.00027,,,,,,,,,,,,,,,,,,0.0000004,,0.00002244,,,,,,8.28E-08,,,,,,,,,,,,,,,,,,,,,,,,,0.000000047,1.08E-08,1.08E-08,,1.08E-08,1.02E-08,1.02E-08,,1.02E-08,,1.02E-08,,1.08E-08,1.02E-08,1.02E-08,1.02E-08,1.02E-08,1.02E-08,,,,,,5.10E-09,,,,,,,,,,,,,,,,,,,,,,,,,,,,,,0,0,0,0,0,0,0,0,0,0,0,0,0,0,0,0,0,0,0,0,0,0,0,0,0,0,0,0,0,0,0,0,0,0,0,0,0,0,0,0,0,0,0,0,,,,,,,,,,,,,,,,,,,,,,,,,,,,,,,,,,,,,,,,,,,,,,,,,,,,,,,,,,,,,,,,,,,,,,,,,,,,,,,,,,,,,,,,,,,,,,,,,,,,,,,,,,,,,,,,,,,,,,,,,,,,,,,,,,,,,,,,,,,,,,,,,,,,,,,,,,,,,,,788.6452843
2/10/2025,60.432,0,,17.496,18.60352996,,7.819354838,5.548517686,7.56,4.418530711,,,0.273488141,0,0,1.347359894,,1.327282964,,,0.36,0.06564,0.095099,,0,0.228041232,,0.193548386,,,0.0412665,0.124679054,,0.03612752,0.096774192,,,0.038185456,0.092498765,,0.0584749,,,0.01094,,,0.011773443,,,0.014379193,0.005229032,0.003887918,,,0.00226,0.00226,0.00222,0.00222,,0.00222,0.00222,0.00212,0.00212,0.0021,0.0022,0.00228,0.00218,0.00202,0.00226,0.00222,,0.000002346,,,,,9.71E-05,2.10E-06,0.000481473,,0.039323973,0,,,0.000004411,0,,,,0.000085,0.000053649,2.07E-06,7.52E-05,0.00023822,2.34E-06,9.36E-06,,1.03E-05,3.25E-06,2.12E-06,,,,,9.81E-06,,,2.13E-06,7.87E-06,,,,,7.28E-06,0.0000075,0.000006124,,,,,,,,,,,,,,,,,,,,,,,,,,,,,,,,,,,,,,,,,,,,,,,,,,,,1.08E-08,1.08E-08,1.08E-08,,1.08E-08,1.02E-08,1.02E-08,,1.02E-08,,1.08E-08,2.16E-08,1.08E-08,1.02E-08,1.02E-08,1.02E-08,,1.02E-08,,,,,,5.10E-09,,,,,,,,,,,,,,,,,,,,,,,,,,,,,,0,0,0,0,0,0,0,0,0,0,0,0,0,0,0,0,0,0,0,0,0,0,0,0,0,0,0,0,0,0,0,0,0,0,0,0,0,0,0,0,0,0,0,0,,,,,,,,,,,,,,,,,,,,,,,,,,,,,,,,,,,,,,,,,,,,,,,,,,,,,,,,,,,,,,,,,,,,,,,,,,,,,,,,,,,,,,,,,,,,,,,,,,,,,,,,,,,,,,,,,,,,,,,,,,,,,,,,,,,,,,,,,,,,,,,,,,,,,,,,,,,,,,,126.3759426
3/10/2025,60.432,0.537439876,,17.496,18.60352996,,7.819354838,5.548517686,7.56,4.418530711,,,0.273488141,0,0,1.348590907,,1.327282964,,,0.36,0.06362,0.073916,,0,0.228041232,,0.193548386,,,0.0285065,0.124679054,,0.02954908,0.096774192,,,0.069157699,0.092819724,,0.057893454,,,0.0086,,,0.005357331,,0.0000175,0.01440077,0.005229032,0.000794509,,,0.00208,0.00204,0.00204,0.00204,,0.00202,0.00206,0.00204,0.00206,0.00208,0.00196,0.00206,0.00208,0.00206,0.00208,0.00174,,3.00E-06,0.004441575,,,,1.06E-05,1.93E-06,0.000601532,,0.010408843,,,,5.36E-06,0,,,,0.00016,0.000155862,2.03E-06,7.52E-05,0.000421963,1.81E-06,8.14E-06,,9.33E-06,0.000003113,2.09E-06,,,0.0000035,,1.79E-06,,,1.81E-06,0.000006706,,,,,7.29E-06,0.0000075,6.12E-06,,,,,,,0.000000004,,,7.70E-09,,,,,,,,,,,0.00002024,,,,,,5.59E-07,,,,,,,,,,,7.70E-09,,,,,,,,,,,,,,2.16E-08,1.08E-08,1.08E-08,,1.08E-08,1.02E-08,1.02E-08,,1.02E-08,,1.08E-08,1.08E-08,0.000000021,1.02E-08,1.02E-08,1.02E-08,1.02E-08,,,,,,,5.10E-09,,,,,,,,,,,,,,,,,,,,,,,,,,,,,,0,0,0,0,0,0,0,0,0,0,0,0,0,0,0,0,0,0,0,0,0,0,0,0,0,0,0,0,0,0,0,0,0,0,0,0,0,0,0,0,0,0,0,0,,,,,,0,,,,0,,0,,,,,,,,,,,,,,,,,,,,,,,,,,,,,,,,,,,,,,,,,,,,,,,,,,,,,,,,,,,,,,,,,,,,,,,,,,,,,,,,,,,,,,,,,,,,,,,,,,,,,,,,,,,,,,,,,,,,,,,,,,,,,,,,,,,,,,,,,,,,,,,,,,,126.8644477
4/10/2025,60.432,0.482486796,,17.496,18.60352996,,7.819354838,5.548517686,7.56,4.418530711,,,0.273488141,0,0,1.348712496,,1.327282964,,,0.36,0.05704,0.028087,,0,0.228041232,,0.193548386,,,0.0190465,0.124679054,,0.01054636,0.096774192,,,0.06757949,0.092819724,,0.057893454,,,0.00446,,,0.004737471,,,0.014414904,0.005229032,0.001753278,,,0.00246,0.00248,0.00246,0.00246,,0.0025,0.00246,0.00246,0.00246,0.0025,0.0022,0.00246,0.0024,0.00254,0.0025,0.00246,,3.19E-06,,,,,0.000007381,1.79E-06,0.000117806,,,,,,0.000200178,0,,,,0.00008,5.10E-05,7.54E-05,7.52E-05,0.000799073,1.80E-06,8.04E-06,,9.35E-06,3.04E-06,1.84E-06,,,,,1.84E-06,,,1.79E-06,7.87E-06,,,,,7.29E-06,0.0000075,6.13E-06,,,,,,,,,,7.70E-09,,,,,,,,,,,,,,,,,,,,,,,,,,,,,,,,,,,,,,,,,,1.08E-08,1.08E-08,1.08E-08,,1.08E-08,1.02E-08,1.02E-08,,1.02E-08,,1.08E-08,1.08E-08,1.08E-08,1.02E-08,1.02E-08,,1.02E-08,1.02E-08,,,,,,5.10E-09,,,,,,,,,,,,,,,,,,,,,,,,,,,,,,0,0,0,0,0,0,0,0,0,0,0,0,0,0,0,0,0,0,0,0,0,0,0,0,0,0,0,0,0,0,0,0,0,0,0,0,0,0,0,0,0,0,0,0,,,,,,0,,,,,,,,,,,,,,,,,,,,,,,,,,,,,,,,,,,,,,,,,,,,,,,,,,,,,,,,,,,,,,,,,,,,,,,,,,,,,,,,,,,,,,,,,,,,,,,,,,,,,,,,,,,,,,,,,,,,,,,,,,,,,,,,,,,,,,,,,,,,,,,,,,,,,,,,,126.7148214
5/10/2025,60.432,0.678407294,,17.496,18.60352996,,7.819354838,5.548517686,7.56,4.418530711,,,0.273488141,0,0,1.348828642,,1.327282964,,,0.36,0.05686,0.038801,,0,0.228041232,,0.193548386,,,0.018997,0.124679054,,0.01522576,0.096774192,,,0.068620479,0.092819724,,0.057893454,,,0.00428,,,0.004900331,,,0.014429061,0.005229032,0.003329494,,,0.0022,0.00218,0.0022,0.00218,,0.00224,0.00218,0.00218,0.00214,0.00222,0.00218,0.00194,0.0021,0.00222,0.00224,0.00184,,1.95E-06,,,,,2.10E-05,2.00E-06,0.000141242,,,,,,5.30E-06,0,,,,0.000075,4.71E-05,1.91E-06,7.52E-05,,2.13E-06,7.23E-06,,7.71E-06,2.11E-06,3.38E-05,,,,,2.08E-06,,0.00000176,0.000001961,6.17E-06,,,,,0.000006759,6.96E-06,5.59E-06,,,,,0.000000011,,,,,,,,,,,,,,,,,,,,,,,,,,,,,,,,,,,,,,,,,,,,,,7.70E-09,1.08E-08,1.02E-08,1.08E-08,,1.02E-08,1.02E-08,1.02E-08,,1.02E-08,,,1.08E-08,1.02E-08,,1.02E-08,1.02E-08,1.02E-08,,,,,,,5.10E-09,,,,,,,,,,,,,,,,,,,,,,,,,,,,,,0,0,0,0,0,0,0,0,0,0,0,0,0,0,0,0,0,0,0,0,0,0,0,0,0,0,0,0,0,0,0,0,0,0,0,0,0,0,0,0,0,0,0,,,,,,,,0,,,,,,0,,,,,,,,,,,,,,,,,,,,,,,,,,,,,,,,,,,,,,,,,,,,,,,,,,,,,,,,,,,,,,,,,,,,,,,,,,,,,,,,,,,,,,,,,,,,,,,,,,,,,,,,,,,,,,,,,,,,,,,,,,,,,,,,,,,,,,,,,,,,,,,,,,126.9230636
6/10/2025,60.432,0.995403091,,17.496,18.60352996,,7.819354838,5.548517686,7.56,4.418530711,,,0.273488141,0,0,1.365379822,,1.327724665,,,0.36,0.05758,0.084116,,0,0.228041232,,0.193548386,,,0.021703,0.124679054,,0.033231,0.096774192,,,0.048037281,0.091575357,,0.057939233,,,0.00518,,,0.004589556,,0.000007,0.014443951,0.005229032,0.000970232,,,0.00172,0.0017,0.00172,0.00174,,0.0017,0.0017,0.00176,0.0017,0.00172,0.00174,0.00172,0.00166,0.00156,0.00178,0.00174,,1.08E-05,,,,,8.35E-05,1.49E-06,0.000419795,,,,,,7.52E-05,0,,,,0.000085,5.58E-05,2.06E-06,7.52E-05,0.000996891,1.41E-06,2.52E-06,,2.63E-06,9.17E-06,1.59E-06,,,,,2.30E-06,,,1.46E-06,1.12E-06,,,,,5.42E-07,5.39E-07,5.34E-07,,,,,,2.70E-09,,,,,,0.0000035,,,,,,,,,,,,,,,,,,,,,,,,,,7.70E-09,,,,,,,,,,,,,,1.08E-08,1.02E-08,1.08E-08,,1.08E-08,1.02E-08,1.02E-08,,1.02E-08,,1.08E-08,1.02E-08,1.08E-08,1.02E-08,1.02E-08,1.02E-08,1.02E-08,1.02E-08,,,,,,5.10E-09,,,,,,,,,,,,,,,,,,,,,,,,,,,,,,0,0,0,0,0,0,0,0,0,0,0,0,0,0,0,0,0,0,0,0,0,0,0,0,0,0,0,0,0,0,0,0,0,0,0,0,0,0,0,0,0,0,0,0,,,0,,,,,,,0,,,,,,,,,,,,,,,,,,,,,,,,,,,,,,,,,,,,,,,,,,,,,,,,,,,,,,,,,,,,,,,,,,,,,,,,,,,,,,,,,,,,,,,,,,,,,,,,,,,,,,,,,,,,,,,,,,,,,,,,,,,,,,,,,,,,,,,,,,,,,,,,,,,,,127.2950667
7/10/2025,60.432,1.291423363,,17.496,18.60352996,,7.819354838,5.548517686,7.56,4.418530711,,,0.273488141,0,0,1.379367764,,1.328516337,,,0.36,0.07456,0.079338,,0,0.228041232,,0.193548386,,,0.0210705,0.124679054,,0.0321332,0.096774192,,,0.013060945,0.089390342,,0.057939233,,,0.01076,,,0.003885325,,0.0000035,0.014457458,0.005229032,0.00111695,,,0.0015,0.00142,0.00154,0.0014,,0.00154,0.00154,0.0015,0.0015,0.00156,0.0016,0.00138,0.00122,0.00154,0.00158,0.0015,,1.66E-06,,,,,0.000010806,1.44E-05,0.00014269,,,0,,,5.15E-06,0,,,,0.00011,3.19E-05,1.65E-06,7.52E-05,0.00019986,1.57E-06,7.99E-06,,1.10E-05,7.97E-05,1.49E-06,,,0.0000105,,0.000001624,,,1.50E-06,6.71E-06,,,0.00132,,7.29E-06,0.0000075,6.12E-06,,,,,,,,,,,,,,,,,,,,,0.00001232,,,,,,2.43E-07,,,,,,,,,,,,,,,,,,,,,,,,,1.08E-08,1.08E-08,1.08E-08,,1.02E-08,1.02E-08,1.02E-08,,1.02E-08,,1.08E-08,1.08E-08,1.08E-08,,1.02E-08,1.02E-08,1.02E-08,1.02E-08,,,,,,5.10E-09,,,,,,,,,,,,,,,,,,,,,,,,,,,,,,0,0,0,0,0,0,0,0,0,0,0,0,0,0,0,0,0,0,0,0,0,0,0,0,0,0,0,0,0,0,0,0,0,0,0,0,0,0,0,0,0,0,0,0,,,,,,,,,,,,,,,,,,,,,,,,,,,,,,,,,,,,,,,,,,,,,,,,,,,,,,,,,,,,,,,,,,,,,,,,,,,,,,,,,,,,,,,,,,,,,,,,,,,,,,,,,,,,,,,,,,,,,,,,,,,,,,,,,,,,,,,,,,,,,,,,,,,,,,,,,,,,,,,127.5811052
8/10/2025,60.432,1.532491293,,17.496,18.60352996,,7.819354838,5.548517686,7.56,4.418530711,,,0.034186018,0,0,1.381062524,,1.329215463,,,0.350631945,0.16302,0.094587,,0,0.228041232,,0.193548386,0.009368055,,0.025795,0.124679054,,0.03813392,0.096774192,,,0.015887923,0.087460756,,0.057939233,,,0.0506,,,0.001877762,,0.0002205,0.014474286,0.005229032,0.002755068,,0,0.00214,0.00208,0.00198,0.00198,,0.00198,0.00206,0.00208,0.00198,0.0021,0.002,0.00202,0.00196,0.00172,0.00202,0.00202,,3.15E-06,,,,,1.49E-05,1.79E-06,0.000418119,,0.045901588,,,,4.01E-06,0,,,,0.00009,2.99E-05,1.95E-06,7.52E-05,3.00E-06,1.81E-06,7.66E-06,,0.000009949,5.28E-06,1.80E-06,,,0.000119,,0.000003243,,0.00000308,0.000001817,7.18E-06,,,,,7.18E-06,0.000007395,5.44E-06,,,,,,,,,,,,0.000007,,,,,,,,,,,,,,,,,,,,,,,,,,,,,,,,,,,,,,,7.70E-09,1.02E-08,1.08E-08,1.08E-08,,1.02E-08,1.02E-08,1.02E-08,,1.02E-08,,1.08E-08,1.08E-08,2.16E-08,1.02E-08,1.02E-08,1.02E-08,,1.02E-08,,,,,,5.10E-09,,,,,,,,,,,,,,,,,,,,,,,,,,,,,,0,0,0,0,0,0,0,0,0,0,0,0,0,0,0,0,0,0,0,0,0,0,0,0,0,0,0,0,0,0,0,0,0,0,0,0,0,0,0,0,0,0,0,0,,,,,,,0,,,,,,,0,0,,,,,,,,,,,,,,,,,,,,,,,,,,,,,,,,,,,,,,,,,,,,,,,,,,,,,,,,,,,,,,,,,,,,,,,,,,,,,,,,,,,,,,,,,,,,,,,,,,,,,,,,,,,,,,,,,,,,,,,,,,,,,,,,,,,,,,,,,,,,,,,,127.7927635
9/10/2025,60.432,0.708388529,,17.496,18.60352996,,7.819354838,5.548517686,7.56,4.418530711,,,,0,0,1.379899228,,1.328595746,,,0.36,0.07302,0.069434,,0,0.228041232,,0.193548386,,,0.0219725,0.124679054,,0.02670888,0.096774192,,,0.040155487,0.088887325,,0.058453451,,,0.0109,,,0.000236635,,0.000021,0.014491534,0.005229032,0.000744318,,0,0.00212,0.0021,0.00218,0.00206,,0.00208,0.0021,0.00214,0.00218,0.00206,0.00212,0.002,0.00202,0.0021,0.0022,0.00214,,3.14E-06,,,,,8.64E-06,8.37E-06,7.58E-06,,,,,,5.24E-06,0,,,,0.00011,3.41E-05,2.73E-05,7.52E-05,3.02E-06,1.85E-06,8.23E-06,,9.53E-06,0.000001913,1.81E-06,,,,,2.02E-06,,,1.91E-06,7.29E-06,,,,,7.29E-06,7.42E-06,6.12E-06,,,,,,,,,,,,0.0000035,,,,,,,,,,,,,,,1.66E-07,,,,,,,,,,,7.70E-09,,,,,,,,,,,,,7.70E-09,1.08E-08,1.02E-08,1.08E-08,,1.08E-08,1.02E-08,1.02E-08,,1.02E-08,,0.000000021,1.08E-08,1.08E-08,1.02E-08,1.02E-08,1.02E-08,1.02E-08,1.02E-08,,,,,,5.10E-09,,,,,,,,,,,,,,,,,,,,,,,,,,,,,,0,0,0,0,0,0,0,0,0,0,0,0,0,0,0,0,0,,0,0,0,0,0,0,0,0,0,0,0,0,0,0,0,0,0,0,0,0,0,0,0,0,0,0,,,,,,,0,,,0,,,,0,0,,,,,,,,,,,,,,,,,,,,,,,,,,,,,,,,,,,,,,,,,,,,,,,,,,,,,,,,,,,,,,,,,,,,,,,,,,,,,,,,,,,,,,,,,,,,,,,,,,,,,,,,,,,,,,,,,,,,,,,,,,,,,,,,,,,,,,,,,,,,,,,,126.7400556
10/10/2025,60.432,0.626738895,,17.496,18.60352996,,7.819354838,5.548517686,7.56,4.418530711,,,,0,0,1.378969078,,1.328624454,,,0.36,0.07114,0.038692,,0,0.228041232,,0.193548386,,,0.0203225,0.124679054,,0.01480556,0.096774192,,,0.069945843,0.090173262,,0.055980316,,,0.00834,,,0.00042697,,0.000007,0.014506324,0.005229032,0.000441208,,0,0.00248,0.0024,0.00238,0.00242,,0.00236,0.00256,0.00248,0.00246,0.0022,0.00204,0.00248,0.00242,0.00236,0.00236,0.00248,,3.03E-06,,,,,7.56E-06,0.000014411,0.000004811,,,,,,6.44E-06,0,,,,0.000075,3.26E-05,1.76E-06,7.52E-05,,1.81E-06,8.23E-06,,9.13E-06,2.01E-06,0.000001802,,,,,1.95E-06,,0.00009856,1.85E-06,7.87E-06,,,,,7.29E-06,0.0000075,6.12E-06,,,,,,,,,,,,0.0000035,,,,,,,,,,,,,,,,,,,,,,,,,,,,,,,,,,,,,,,1.54E-08,1.02E-08,1.08E-08,1.02E-08,,1.08E-08,1.02E-08,1.02E-08,,1.02E-08,,1.08E-08,1.08E-08,,1.02E-08,1.02E-08,,1.02E-08,1.02E-08,,,,,,5.10E-09,,,,,,,,,,,,,,,,,,,,,,,,,,,,,,0,0,0,0,0,0,0,0,0,0,0,0,0,0,0,0,0,,0,0,0,0,0,0,0,0,0,0,0,0,0,0,0,0,0,0,0,0,0,0,0,0,0,,,,,,,,0,,,,,,,0,0,,,,,,,,,,,,,,,,,,,,,,,,,,,,,,,,,,,,,,,,,,,,,,,,,,,,,,,,,,,,,,,,,,,,,,,,,,,,,,,,,,,,,,,,,,,,,,,,,,,,,,,,,,,,,,,,,,,,,,,,,,,,,,,,,,,,,,,,,,,,,,,,126.6415771
11/10/2025,60.432,0.337257706,,17.496,18.60352996,,7.819354838,5.548517686,7.56,4.418530711,,,,0,0,1.379096775,,1.328624454,,,0.36,0.05482,0.0235,,0,0.228041232,,0.193548386,,,0.0176605,0.124679054,,0.00833272,0.096774192,,,0.074739243,0.090609063,,0.055190821,,,0.0045,,,0.000767482,,,0.014521584,0.005229032,0.000459566,,0,0.00216,0.00218,0.00218,0.00214,,0.00228,0.00216,0.0022,0.00216,0.00224,0.00234,0.00224,0.00224,0.00222,0.00224,0.0022,,2.43E-06,,,,,9.24E-06,2.04E-06,5.98E-06,,,,,,8.59E-06,0,,,,0.000095,2.80E-05,1.85E-05,7.52E-05,,2.11E-06,8.37E-06,,9.50E-06,2.78E-06,2.12E-06,,,,,3.15E-06,,,1.89E-06,0.000007293,,,,,7.29E-06,0.0000075,6.13E-06,,,,,,,,,,,,,,,,,,,,,,,,,,,,,,,,,,,,,,,,,,,,,,,,,,,,1.02E-08,1.02E-08,1.08E-08,,1.08E-08,1.02E-08,1.02E-08,,1.02E-08,,1.08E-08,1.08E-08,1.02E-08,1.02E-08,1.02E-08,1.02E-08,1.02E-08,1.02E-08,,,,,,1.02E-08,,,,,,,,,,,,,,,,,,,,,,,,,,,,,,0,0,0,0,0,0,0,0,0,0,0,0,0,0,0,0,0,,0,0,0,0,0,0,0,0,0,0,0,0,0,0,0,0,0,0,0,0,0,0,0,0,0,,,,,,,,,,,,,,,0,0,0,,,,,,,,,,,,,,,,,,,,,,,,,,,,,,,,,,,,,,,,,,,,,,,,,,,,,,,,,,,,,,,,,,,,,,,,,,,,,,,,,,,,,,,,,,,,,,,,,,,,,,,,,,,,,,,,,,,,,,,,,,,,,,,,,,,,,,,,,,,,,,,126.3097683
12/10/2025,60.432,0.574279791,,17.496,18.60352996,,7.819354838,5.548517686,7.56,4.418530711,,,,0,0,1.379214117,,1.328878144,,,0.36,0.05252,0.037348,,0,0.228041232,,0.193548386,,,0.0184965,0.124679054,,0.01416096,0.096774192,,,0.076320659,0.089908879,,0.055190821,,,0.0032,,,0.000410828,,,0.014533249,0.005229032,0.000453865,,0,0.00168,0.00162,0.00166,0.0017,,0.00164,0.0016,0.0016,0.00158,0.00166,0.00148,0.00146,0.0015,0.0016,0.00156,0.00162,,1.70E-06,,,,,8.79E-06,1.78E-06,5.62E-06,,,,,,5.25E-06,0,,,,0.00009,2.78E-05,6.54E-06,7.52E-05,,1.72E-06,7.88E-06,,8.71E-06,1.93E-06,1.64E-06,,,,,1.78E-06,,0.0000022,7.82E-05,6.70E-06,,,,,7.29E-06,0.0000075,6.12E-06,,,,,,,,,,,,,,,,,,,0.0000004,,,,,,,,,,,,,,,,,,,,,,,,,,,,,,,,,1.02E-08,1.08E-08,1.08E-08,,1.08E-08,1.02E-08,1.02E-08,,1.02E-08,,1.02E-08,1.02E-08,1.08E-08,1.02E-08,1.02E-08,1.02E-08,1.02E-08,1.02E-08,,,,,,6.30E-09,,,,,,,,,,,,,,,,,,,,,,,,,,,,,,0,0,0,0,0,0,0,0,0,0,0,0,0,0,0,0,0,,0,0,0,0,0,0,0,0,0,0,0,0,0,0,0,0,0,0,0,0,0,0,0,0,0,,,,,,,,,,,,,,,0,0,,,,,,,,,,,,,,,,,,,,,,,,,,,,,,,,,,,,,,,,,,,,,,,,,,,,,,,,,,,,,,,,,,,,,,,,,,,,,,,,,,,,,,,,,,,,,,,,,,,,,,,,,,,,,,,,,,,,,,,,,,,,,,,,,,,,,,,,,,,,,,,,126.5554359
13/10/2025,60.432,1.058044447,,17.496,18.60352996,,7.819354838,5.548517686,7.56,4.418530711,,,,0,0,1.379346219,,1.330252905,,,0.36,0.05578,0.077475,,0,0.228041232,,0.193548386,,,0.019987,0.124679054,,0.03130424,0.096774192,,,0.049017356,0.098688038,,0.032412745,,,0.0036,,,0.050715345,,0.0000105,0.01454838,0.005229032,0.001069652,,0,0.00168,0.0017,0.00172,0.00166,,0.00168,0.00168,0.0017,0.00172,0.00168,0.0017,0.0017,0.00162,0.0017,0.00178,0.00146,,2.88E-06,,,,,0.0001527,1.55E-06,2.01E-05,,,,,,0.000003867,0,,,,0.00008,0.00014637,1.30E-05,7.52E-05,,0.000001663,7.81E-06,,9.82E-06,0.000003025,1.60E-06,,,,,1.70E-06,,0.00001804,1.55E-06,7.29E-06,,,,,7.29E-06,0.0000075,6.12E-06,,,,,,,,,,7.70E-09,,,,,,,,,,,,,,,,,,,,,,,,,,,,,,,,,,,,,,,,,7.70E-09,1.08E-08,1.08E-08,1.02E-08,,1.02E-08,1.02E-08,1.02E-08,,1.02E-08,,1.08E-08,1.08E-08,1.08E-08,1.02E-08,1.02E-08,1.02E-08,1.02E-08,,,,,,,6.30E-09,,,,,,,,,,,,,,,,,,,,,,,,,,,,,,0,0,0,0,0,0,0,0,0,0,0,0,0,0,0,0,0,,0,0,0,0,0,0,0,0,0,0,0,0,0,0,0,0,0,0,0,0,0,0,0,0,0,,,,,,,0,0,,,,,,,0,0,,,,,,,,,,,,,,,,,,,,,,,,,,,,,,,,,,,,,,,,,,,,,,,,,,,,,,,,,,,,,,,,,,,,,,,,,,,,,,,,,,,,,,,,,,,,,,,,,,,,,,,,,,,,,,,,,,,,,,,,,,,,,,,,,,,,,,,,,,,,,,,,127.1142062
14/10/2025,60.432,0.684137488,,17.496,18.60280789,,7.819354838,5.548517686,7.56,4.503285407,,,,0,0,1.379492921,,1.330296453,,,0.36,0.06512,0.038804,,0,0.228041232,,0.193548386,,,0.020196,0.124679054,,0.0144056,0.096774192,,,0.017139713,0.098460419,,0.032607354,,,0.00656,,,0.006708438,,0.0000385,0.014561988,0.005229032,0.00230903,,0,0.0017,0.00178,0.00168,0.00166,,0.00172,0.0017,0.0017,0.00148,0.00176,0.00172,0.00168,0.00136,0.00168,0.0017,0.0017,,2.90E-06,,,,,0.000997736,8.79E-06,0.00010575,,,,,,6.06E-06,0,,,,0.000115,3.20E-05,1.18E-05,7.52E-05,,1.66E-06,7.80E-06,,8.72E-05,2.90E-06,1.66E-06,,,,,1.75E-06,,,1.59E-06,7.88E-06,,,,,7.29E-06,0.0000075,6.13E-06,,,,,,,,,,7.70E-09,,0.0000035,,,,,,,,,,,,,,,8.28E-08,,,,,,,,,,,,,,,,,,,,,,,,,1.08E-08,1.08E-08,2.16E-08,,1.08E-08,1.02E-08,2.05E-08,,1.02E-08,,1.08E-08,1.02E-08,2.16E-08,,1.02E-08,1.02E-08,1.02E-08,1.02E-08,,,,,,1.26E-08,,,,,,,,,,,,,,,,,,,,,,,,,,,,,,0,0,0,0,0,0,0,0,0,0,0,0,0,0,0,0,0,,0,0,0,0,0,0,0,0,0,0,0,0,0,0,0,0,0,0,0,0,0,0,0,0,0,,,,,,,0,,,,,,,,0,0,,,,,,,,,,,,,,,,,,,,,,,,,,,,,,,,,,,,,,,,,,,,,,,,,,,,,,,,,,,,,,,,,,,,,,,,,,,,,,,,,,,,,,,,,,,,,,,,,,,,,,,,,,,,,,,,,,,,,,,,,,,,,,,,,,,,,,,,,,,,,,,,126.707588
15/10/2025,60.432,0.882377817,,17.496,18.5987081,,7.819354838,5.548517686,7.56,5.525223571,,,,0,0,1.37807286,,1.330468018,,,0.36,0.05436,0.047818,,0,0.228041232,,0.193548386,,,0.0623865,0.124679054,,0.01533796,0.096774192,,,0.016712922,0.097986901,,0.032607354,,,0.0079,,,0.004215389,,0.0000035,0.014575226,0.005229032,0.004695528,,0,0.00254,0.00256,0.00256,0.00256,,0.00262,0.00258,0.00256,0.0026,0.0022,0.0024,0.00256,0.0025,0.00238,0.00258,0.00262,,2.05E-06,,,,,1.40E-05,2.02E-06,0.000240384,,,,,,7.91E-05,0,,,,0.00008,9.78E-05,0.000699328,7.52E-05,,2.00E-06,8.20E-06,,9.42E-06,3.33E-06,1.91E-06,,,,,2.49E-06,,,2.00E-06,6.70E-06,,,,,7.29E-06,0.0000075,6.12E-06,,,,,,,,,,,,,,,,,,,,,,,,,,,8.28E-08,,,,,,,,,,,7.70E-09,,,,,,,,,,,,,7.70E-09,1.08E-08,1.08E-08,1.08E-08,,1.08E-08,1.02E-08,1.02E-08,,1.02E-08,,1.02E-08,1.08E-08,,1.02E-08,1.02E-08,,,1.02E-08,,,,,,6.30E-09,,,,,,,,,,,,,,,,,,,,,,,,,,,,,,0,0,0,0,0,0,0,0,0,0,0,0,0,0,0,0,0,,0,0,0,0,0,0,0,0,0,0,0,0,0,0,0,0,0,0,0,0,0,0,0,0,0,,,,,,,,0,,,0,,,,0,0,,,,,,,,,,,,,,,,,,,,,,,,,,,,,,,,,,,,,,,,,,,,,,,,,,,,,,,,,,,,,,,,,,,,,,,,,,,,,,,,,,,,,,,,,,,,,,,,,,,,,,,,,,,,,,,,,,,,,,,,,,,,,,,,,,,,,,,,,,,,,,,,127.9767612
16/10/2025,60.432,0.611239078,,17.496,18.5987081,,7.819354838,5.548517686,7.56,5.525223571,,,,0,0,1.378213739,,1.330509118,,,0.36,0.05076,0.049429,,0,0.228041232,,0.193548386,,,0.0177045,0.124679054,,0.01980528,0.096774192,,,0.044019566,0.097904233,,0.032551612,,,0.0041,,,0.01059496,,0.0000105,0.014590582,0.005229032,0.000761818,,0,0.002,0.0019,0.00194,0.0019,,0.00198,0.00194,0.0019,0.0019,0.0019,0.0019,0.00196,0.00164,0.00192,0.00192,0.00156,,1.96E-06,,,,,1.28E-05,1.79E-06,8.39E-05,,,,,,0.002581215,0,,,,0.000105,0.000109829,0.001552385,7.52E-05,,1.89E-06,8.22E-06,,9.41E-06,0.000079243,1.91E-06,,,,,8.01E-05,,,1.88E-06,7.29E-06,,,,,7.29E-06,0.0000075,6.12E-06,,,,,,,,,,,,,,,,,,,,,,,,,,,2.04E-07,,,,,,,,,,,,,,,,,,,,,,,,,1.08E-08,1.08E-08,1.02E-08,,1.08E-08,1.02E-08,1.02E-08,,1.02E-08,,1.02E-08,1.02E-08,1.02E-08,,1.02E-08,1.02E-08,1.02E-08,,,,,,,5.10E-09,,,,,,,,,,,,,,,,,,,,,,,,,,,,,,0,0,0,0,0,0,0,0,0,0,0,0,0,0,0,0,0,,0,0,0,0,0,0,0,0,0,0,0,0,0,0,0,0,0,0,0,0,0,0,0,0,0,,,,,,,,,,,,,,,0,0,,,,,,,,,,,,,,,,,,,,,,,,,,,,,,,,,,,,,,,,,,,,,,,,,,,,,,,,,,,,,,,,,,,,,,,,,,,,,,,,,,,,,,,,,,,,,,,,,,,,,,,,,,,,,,,,,,,,,,,,,,,,,,,,,,,,,,,,,,,,,,,,127.6832654
17/10/2025,60.432,0.346360445,,17.496,18.5987081,,7.819354838,5.548517686,7.56,5.525223571,,,,0,0,1.378349506,,1.333513259,,,0.36,0.05078,0.037435,,0,0.228041232,,0.193548386,,,0.0163515,0.124679054,,0.01476508,0.096774192,,,0.074468392,0.090963915,,0.030103949,,,0.00418,,,0.018543438,,,0.014603226,0.005229032,0.00041892,,0,0.0023,0.0023,0.00226,0.00226,,0.00228,0.00226,0.00224,0.00226,0.00224,0.00224,0.00224,0.00218,0.00212,0.00228,0.00224,,0.000002021,,,,,0.000121922,1.97E-06,5.07E-05,,,,,,4.03E-06,0,,,,0.00009,0.000191216,3.54E-06,7.52E-05,,2.00E-06,8.14E-06,,0.000020436,2.02E-06,1.95E-06,,,,,2.03E-06,,,8.04E-05,7.87E-06,,,,,7.29E-06,0.0000075,6.12E-06,,,,,,,,,,,,,,,,,,,,,,,,,,,,,,,,,,,,,,7.70E-09,,,,,,,,,,,,,7.70E-09,1.08E-08,1.08E-08,1.02E-08,,1.08E-08,1.02E-08,2.05E-08,,1.02E-08,,1.08E-08,1.02E-08,1.08E-08,1.02E-08,1.02E-08,1.02E-08,1.02E-08,1.02E-08,,,,,,5.10E-09,,,,,,,,,,,,,,,,,,,,,,,,,,,,,,0,0,0,0,0,0,0,0,0,0,0,0,0,0,0,0,0,,0,0,0,0,0,0,0,0,0,0,0,0,0,0,0,0,0,0,0,0,0,0,0,0,0,,,,,,,,0,,,0,,,,0,0,0,,,,,,,,,,,,,,,,,,,,,,,,,,,,,,,,,,,,,,,,,,,,,,,,,,,,,,,,,,,,,,,,,,,,,,,,,,,,,,,,,,,,,,,,,,,,,,,,,,,,,,,,,,,,,,,,,,,,,,,,,,,,,,,,,,,,,,,,,,,,,,,127.4332992
18/10/2025,60.432,0.352371239,,17.496,18.5987081,,7.819354838,5.548517686,7.56,5.525223571,,,,0,0,1.378467632,,1.333888328,,,0.36,0.04422,0.016169,,0,0.228041232,,0.193548386,,,0.014927,0.124679054,,0.005962,0.096774192,,,0.07376411,0.091049036,,0.028074398,,,0.00342,,,0.012967194,,0.0000035,0.014613743,0.005229032,0.000459027,,0,0.00176,0.00176,0.00174,0.00174,,0.00176,0.00174,0.0018,0.0017,0.00152,0.0014,0.0016,0.00168,0.00172,0.00174,0.0014,,0.000001717,,,,,1.45E-05,1.65E-06,0.001063671,,,,,,0.000003722,0,,,,0.000075,0.000181094,1.65E-06,7.52E-05,,1.58E-06,7.82E-06,,9.74E-06,1.75E-06,1.67E-06,,,,,1.66E-06,,,1.61E-06,0.000007293,,,,,7.29E-06,0.0000075,6.12E-06,,,,,,,,,,,,,,,,,,,,,,,,,,,,,,,,,,,,,,,,,,,,,,,,,,,,1.02E-08,1.08E-08,1.08E-08,,1.02E-08,1.02E-08,1.02E-08,,1.02E-08,,1.02E-08,,,1.02E-08,1.02E-08,,1.02E-08,,,,,,,1.02E-08,,,,,,,,,,,,,,,,,,,,,,,,,,,,,,0,0,0,0,0,0,0,0,0,0,0,0,0,0,0,0,0,,0,0,0,0,0,0,0,0,0,0,0,0,0,0,0,0,0,0,0,0,0,0,0,0,0,,,,,,,,,,,,,,,0,0,,,,,,,,,,,,,,,,,,,,,,,,,,,,,,,,,,,,,,,,,,,,,,,,,,,,,,,,,,,,,,,,,,,,,,,,,,,,,,,,,,,,,,,,,,,,,,,,,,,,,,,,,,,,,,,,,,,,,,,,,,,,,,,,,,,,,,,,,,,,,,,,127.3849647
19/10/2025,60.432,1.244182456,,17.496,18.5987081,,7.819354838,5.548517686,7.56,5.525223571,,,,0,0,1.378577311,,1.333888328,,,0.36,0.04608,0.027197,,0,0.228041232,,0.193548386,,,0.0157685,0.124679054,,0.01036376,0.096774192,,,0.076327969,0.091049036,,0.028074398,,,0.00396,,,0.011750298,,,0.014624288,0.005229032,0.003151378,,0,0.00208,0.00206,0.00208,0.00206,,0.00206,0.00202,0.00206,0.00212,0.00204,0.00202,0.00204,0.00182,0.00208,0.00202,0.00214,,1.86E-06,,,,,1.61E-05,1.69E-06,2.84E-05,,,,,,9.72E-05,0,,,,0.00009,0.000946237,3.06E-06,7.52E-05,,1.81E-06,9.10E-06,,9.31E-06,1.83E-06,1.73E-06,,,,,1.62E-06,,,1.68E-06,7.28E-06,,,,,7.29E-06,0.0000075,6.12E-06,,,,3.70E-09,,,,,,,,,,,,,,,,,,,,,,,,,,,,,,,,,,,,,,,,,,,,,,,,1.02E-08,2.16E-08,1.08E-08,,1.08E-08,1.02E-08,1.02E-08,,1.02E-08,,1.02E-08,1.08E-08,1.08E-08,1.02E-08,1.02E-08,1.02E-08,1.02E-08,1.02E-08,,,,,,6.30E-09,,,,1.46E-08,,,3.70E-09,,,,,,,,,,,,0.000000011,,,,,,,,,,,0,0,0,0,0,0,0,0,0,0,0,0,0,0,0,0,0,,0,0,0,0,0,0,0,0,0,0,0,0,0,0,0,0,0,0,0,0,0,0,0,0,0,,,,0,,,,,,,,,,,0,0,,0,0,0,0,,,,,,,,,,,,,,,,,,,,,,,,,,,,,,,,,,,,,,,,,,,,,,,,,,,,,,,,,,,,,,,,,,,,,,,,,,,,,,,,,,,,,,,,,,,,,,,,,,,,,,,,,,,,,,,,,,,,,,,,,,,,,,,,,,,,,,,,,,,128.305086
20/10/2025,60.432,2.606154135,,17.496,18.5987081,,7.819354838,5.548517686,7.56,5.525223571,,,,0,0,1.378696714,,1.333888328,,,0.36,0.043,0.028611,,0,0.228041232,,0.193548386,,,0.019811,0.124679054,,0.01022736,0.096774192,,,0.050330653,0.091049036,,0.028074398,,,0.0033,,,0.038303169,,,0.014635426,0.005229032,0.000747405,,0,0.00128,0.00124,0.00132,0.00124,,0.00136,0.00126,0.00136,0.00124,0.0013,0.00122,0.00128,0.00116,0.00112,0.00124,0.00122,,2.30E-06,,,,,1.28E-05,0.000001335,0.000264068,,,,,,0.000137351,0,,,,0.0001,9.81E-05,1.74E-06,7.52E-05,,1.33E-06,7.55E-06,,9.87E-06,0.002786917,0.000001272,,,0.0000035,,1.97E-06,,,7.95E-05,6.71E-06,,,0.00012,,7.29E-06,0.0000075,6.12E-06,0.00105,,,,1.68E-08,2.70E-09,,,,1.54E-08,,,,,,,,,0.0000004,,0.00001584,,,,,,,,,,,,,,,,,,,,,,,,,,,,,,,1.08E-08,1.02E-08,2.16E-08,,1.08E-08,1.02E-08,1.02E-08,,1.02E-08,,1.02E-08,0.000000021,1.02E-08,1.02E-08,1.02E-08,1.02E-08,,1.02E-08,,,,,,1.14E-08,,,,,,,,,,,,,,,,,,,,,,,,,,,,,,0,0,0,0,0,0,0,0,0,0,0,0,0,0,0,0,0,,0,0,0,0,0,0,0,0,0,0,0,0,0,0,0,0,0,0,0,0,0,0,0,0,0,,,,0,,,0,,,,,,,0,0,0,,,,,,,,,,,,,,,,,,,,,,,,,,,,,,,,,,,,,,,,,,,,,,,,,,,,,,,,,,,,,,,,,,,,,,,,,,,,,,,,,,,,,,,,,,,,,,,,,,,,,,,,,,,,,,,,,,,,,,,,,,,,,,,,,,,,,,,,,,,,,,,,129.6585436
21/10/2025,60.432,1.315582232,,17.496,18.5987081,,7.819354838,5.548517686,7.56,5.525223571,,,,0,0,1.378829827,,1.333888328,,,0.36,0.06326,0.027679,,0,0.228041232,,0.193548386,,,0.022495,0.124679054,,0.00966196,0.096774192,,,0.01672031,0.091049036,,0.028074398,,,0.01326,,,0.02397767,,0.0000035,0.014647808,0.005229032,0.000782345,,0,0.0018,0.00178,0.00184,0.0016,,0.00176,0.00176,0.00174,0.00178,0.00176,0.00144,0.00146,0.0014,0.00154,0.00176,0.00142,,2.92E-06,,,,,1.53E-05,1.56E-06,0.000168178,,,0,,,3.62E-06,0,,,,0.000075,2.85E-05,0.000001645,7.52E-05,,1.57E-06,7.80E-06,,9.03E-06,1.60E-06,1.53E-06,,,,,1.49E-06,,,1.49E-06,7.87E-06,,,,,7.29E-06,0.0000075,6.12E-06,0.00003,,,,,,,,,,,,,,,,,,,,0.00000044,,,,,,1.22E-07,,,,,,,,,,,7.70E-09,,,,,,,,,,,,,,,1.08E-08,1.08E-08,,1.08E-08,1.02E-08,1.02E-08,,1.02E-08,,1.02E-08,,1.08E-08,,1.02E-08,,1.02E-08,,,,,,,5.10E-09,,,,,,,,,,,,,,,,,,,,,,,,,,,,,,0,0,0,0,0,0,0,0,0,0,0,0,0,0,0,0,0,,0,0,0,0,0,0,0,0,0,0,0,0,0,0,0,0,0,0,0,0,0,0,0,0,0,,,,0,,,0,,,,0,,,,0,0,0,,,,,0,0,0,,,,,,,,,,,,,,,,,,,,,,,,,,,,,,,,,,,,,,,,,,,,,,,,,,,,,,,,,,,,,,,,,,,,,,,,,,,,,,,,,,,,,,,,,,,,,,,,,,,,,,,,,,,,,,,,,,,,,,,,,,,,,,,,,,,,,,,,128.3532834
22/10/2025,60.432,10.17489131,,17.496,18.5987081,,7.819354838,5.548517686,7.56,5.525223571,,,,0,0,1.38092113,,1.333911736,,,0.36,0.05162,0.033968,,0,0.228041232,,0.193548386,,,0.0187605,0.124679054,,0.01263724,0.096774192,,,0.016452482,0.090984431,,0.028074398,,,0.00512,,,0.010810726,,,0.014660772,0.005229032,0.00114226,,0,0.00188,0.0017,0.00186,0.00184,,0.00188,0.00186,0.00188,0.00184,0.00186,0.00186,0.00188,0.0018,0.00186,0.00196,0.00192,,2.31E-06,,,,,1.33E-05,9.27E-06,2.05E-06,,0.058530794,0,,,1.45E-05,0,,,,0.00008,4.15E-05,2.91E-06,7.52E-05,,0.000001978,8.16E-06,,9.47E-06,2.07E-06,2.04E-06,,,0.0000035,,0.000002039,,,1.99E-06,6.71E-06,,,,,7.29E-06,7.50E-06,6.12E-06,,,,,,,,,,,,,,,,,,,,,0.00001892,,,,,,,,,,,,,,,,,7.70E-09,,,,,,,,,,,,,,1.94E-08,1.08E-08,1.08E-08,,1.02E-08,,,,1.02E-08,,,1.08E-08,1.02E-08,1.02E-08,1.02E-08,1.02E-08,1.02E-08,1.02E-08,,,,,,6.30E-09,,,,,,,,,,,,,,,,,,,,,,,,,,,,,,0,0,0,0,0,0,0,0,0,0,0,0,0,0,0,0,0,,0,0,0,0,0,0,0,0,0,0,0,0,0,0,0,0,0,0,0,0,0,0,0,0,0,,,,,,,,,,,0,,,,0,0,,,,,,,,,,,,,,,,,,,,,,,,,,,,,,,,,,,,,,,,,,,,,,,,,,,,,,,,,,,,,,,,,,,,,,,,,,,,,,,,,,,,,,,,,,,,,,,,,,,,,,,,,,,,,,,,,,,,,,,,,,,,,,,,,,,,,,,,,,,,,,,,137.2487608
23/10/2025,60.432,27.6605832,,17.496,18.5987081,,7.819354838,5.548517686,7.56,5.525223571,,,,0,0,1.447406933,,1.333967574,,,0.36,0.06176,0.028441,,0,0.228041232,,0.193548386,,,0.0243595,0.124679054,,0.00945252,0.096774192,,,0.046071392,0.095198512,,0.020161003,,,0.00978,,,0.005585814,,,0.014673294,0.005229032,0.001449009,,0,0.00168,0.00172,0.00174,0.0017,,0.0017,0.00166,0.00166,0.00164,0.00168,0.00142,0.00168,0.00162,0.00166,0.00182,0.00164,,1.65E-06,0.425974562,,,,1.67E-05,0.001169672,6.56E-05,,,,,,0.000121899,0,,,,0.0001,4.40E-05,7.59E-05,7.52E-05,,1.57E-06,0.000007858,,9.25E-06,7.65E-05,1.58E-06,,,,,1.61E-06,0.006233989,,1.63E-06,7.28E-06,,,,,7.29E-06,0.0000075,6.12E-06,0.00024,,,,,,,,,,,,,,,,,,,,0.00003256,,0.00006,,,,,,,,,,,,,,,1.54E-08,,,,,,,,,,,,,,1.94E-08,1.08E-08,0.000000021,,1.08E-08,1.02E-08,1.02E-08,,1.02E-08,,1.08E-08,0.000000021,1.02E-08,1.02E-08,1.02E-08,1.02E-08,1.02E-08,1.02E-08,,,,,,6.30E-09,,,,,,,,,,,,,,,,,,,,,,,,,,,,,,0,0,0,0,0,0,0,0,0,0,0,0,0,0,0,0,0,,0,0,0,0,0,0,0,0,0,0,0,0,0,0,0,0,0,0,0,0,0,0,0,0,0,,,,,,,,,,,0,,,,0,0,,,,,,,,,,,,,,,,,,,,,,,,,,,,,,,,,,,,,,,,,,,,,,,,,,,,,,,,,,,,,,,,,,,,,,,,,,,,,,,,,,,,,,,,,,,,,,,,,,,,,,,,,,,,,,,,,,,,,,,,,,,,,,,,,,,,,,,,,,,,,,,,155.2063261
24/10/2025,60.432,0.551049724,,17.496,18.5987081,,7.819354838,5.548784415,7.56,5.525223571,,,,0,0,1.447546861,,1.334029363,,,0.36,0.0464,0.024485,,0,0.228041232,,0.193548386,,,0.0149215,0.124679054,,0.00911108,0.096774192,,,0.075113676,0.095027976,,0.020161003,,,0.0032,,,0.012683152,,,0.014685395,0.005229032,0.000685468,,0,0.00186,0.00174,0.00188,0.00188,,0.00186,0.00196,0.00188,0.00192,0.0019,0.00188,0.0017,0.00182,0.00172,0.00186,0.00188,,2.00E-06,,,,,0.00139797,2.03E-06,1.81E-06,,,0,,,1.52E-05,0,,,,0.000075,0.001829698,1.76E-06,7.52E-05,0.000673461,1.92E-06,8.15E-06,,9.55E-06,1.90E-06,1.91E-06,,,,,2.00E-06,,,0.000001797,0.000007293,,,,,7.29E-06,0.0000075,6.12E-06,,,,,,,,,,,,,,,,,,,,,,,0.00006,,,,,,,,,,,,,,,7.70E-09,,,,,,,,,,,,,,1.02E-08,1.08E-08,1.02E-08,,1.08E-08,1.02E-08,1.02E-08,,1.02E-08,,1.08E-08,,1.08E-08,1.02E-08,1.02E-08,1.02E-08,,1.02E-08,,,,,,6.30E-09,,,,,,,,,,,,,,,,,,,,,,,,,,,,,,0,0,0,0,0,0,0,0,0,0,0,0,0,0,0,0,0,,0,0,0,0,0,0,0,0,0,0,0,0,0,0,0,0,0,0,0,0,0,0,0,0,0,0,,,,,,,,,,0,,,,0,0,,,,,,,,,,,,,,,,,,,,,,,,,,,,,,,,,,,,,,,,,,,,,,,,,,,,,,,,,,,,,,,,,,,,,,,,,,,,,,,,,,,,,,,,,,,,,,,,,,,,,,,,,,,,,,,,,,,,,,,,,,,,,,,,,,,,,,,,,,,,,,,,127.6693728
25/10/2025,60.432,0.368982673,,17.496,18.5987081,,7.819354838,5.548784415,7.56,5.525223571,,,,0,0,1.455620257,,1.335339096,,,0.36,0.0436,0.018809,,0,0.228041232,,0.193548386,,,0.014388,0.124679054,,0.00704572,0.096774192,,,0.074106755,0.092758385,,0.017723911,,,0.00268,,,0.020234344,,,0.014696651,0.005229032,0.003887092,,0,0.00166,0.00148,0.00156,0.00156,,0.00162,0.00158,0.00164,0.00168,0.00142,0.00156,0.0017,0.00168,0.00162,0.00156,0.00138,,0.000498907,0.049321463,,,,1.10E-05,1.42E-06,1.21E-05,,,,,,0.000201238,0,,,,0.00008,0.000147179,7.64E-05,7.52E-05,,1.56E-06,7.73E-06,,3.36E-05,0.000001527,1.45E-06,,,,,1.35E-06,,0.00000264,1.47E-06,7.87E-06,,,,,7.29E-06,0.0000075,6.12E-06,,,,,,,,,,,,,,,,,,,,,,,,,,,,,,,,,,,,,,,,,,,,,,,,,,,7.70E-09,1.08E-08,1.08E-08,1.08E-08,,1.08E-08,1.02E-08,1.02E-08,,1.02E-08,,1.08E-08,1.08E-08,1.08E-08,1.02E-08,1.02E-08,1.02E-08,1.02E-08,,,,,,,6.30E-09,,,,,,,,,,,,,,,,,,,,,,,,,,,,,,0,0,0,0,0,0,0,0,0,0,0,0,0,0,0,0,0,,0,0,0,0,0,0,0,0,0,0,0,0,0,0,0,0,0,0,0,0,0,0,0,0,0,,,,,,,,0,,,,,,,0,0,,,,,,,,,,,,,,,,,,,,,,,,,,,,,,,,,,,,,,,,,,,,,,,,,,,,,,,,,,,,,,,,,,,,,,,,,,,,,,,,,,,,,,,,,,,,,,,,,,,,,,,,,,,,,,,,,,,,,,,,,,,,,,,,,,,,,,,,,,,,,,,,127.5324198
26/10/2025,60.432,3.830593633,,17.496,18.5987081,,7.819354838,5.548784415,7.56,5.525223571,,,,0,0,1.455736785,,1.335366194,,,0.36,0.05026,0.026412,,0,0.228041232,,0.193548386,,,0.0165055,0.124679054,,0.0093522,0.096774192,,,0.076108774,0.092671237,,0.017746301,,,0.0046,,,0.015323478,,,0.014707974,0.005229032,0.001465865,,0,0.00226,0.00238,0.00224,0.00224,,0.0023,0.0022,0.00226,0.0022,0.0022,0.00198,0.0021,0.00228,0.0022,0.00228,0.00218,,1.90E-06,,,,,7.64E-05,1.95E-06,0.000284689,,,,,,2.64E-05,0,,,,0.0001,0.00012743,2.04E-06,7.52E-05,,1.82E-06,8.21E-06,,1.06E-05,2.04E-06,1.85E-06,,,0.0000035,,2.03E-06,,,1.87E-06,6.71E-06,,,,,7.29E-06,0.0000075,6.12E-06,,,,,,,,,,0.000000011,,,,,,,,,0.0000004,,0.0000176,,,,,,,,,,,,,,,,,,,,,,,,,,,,,,7.70E-09,1.08E-08,1.02E-08,1.08E-08,,1.26E-08,1.02E-08,2.05E-08,,1.02E-08,,1.08E-08,1.08E-08,1.08E-08,1.02E-08,1.02E-08,,1.02E-08,1.02E-08,,,,,,1.26E-08,,,,,,,,0.000000011,,,,,,,,,,,,,,,,,,,,,,0,0,0,0,0,0,0,0,0,0,0,0,0,0,0,0,0,,0,0,0,0,0,0,0,0,0,0,0,0,0,0,0,0,0,0,0,0,0,0,0,0,0,,,,,,,0,0,,,,,,,0,0,,,,,,,,,0,,,,,,,,,,,,,,,,,,,,,,,,,,,,,,,,,,,,,,,,,,,,,,,,,,,,,,,,,,,,,,,,,,,,,,,,,,,,,,,,,,,,,,,,,,,,,,,,,,,,,,,,,,,,,,,,,,,,,,,,,,,,,,,,,,,,,,,130.9692666
27/10/2025,60.432,0.959294338,,17.496,18.5987081,,7.819354838,5.548784415,7.56,5.525223571,,,,0,0,1.455857566,,1.336198997,,,0.36,0.04692,0.029049,,0,0.228041232,,0.193548386,,,0.0157465,0.124679054,,0.0106282,0.092741934,,,0.049336578,0.090372701,,0.017746301,,,0.00306,,,0.000565979,,,0.014719936,0.005229032,0.00193221,,0,0.0018,0.00178,0.0018,0.00192,,0.0018,0.0018,0.00178,0.0018,0.00178,0.00188,0.00184,0.00166,0.00182,0.0017,0.00182,,1.94E-06,,,,,7.63E-06,0.000001859,0.000376998,,,,,,3.86E-05,0,,,,0.000085,0.000030166,1.78E-06,7.52E-05,,1.89E-06,7.93E-06,,1.17E-05,1.90E-06,1.70E-06,,,,,1.87E-06,,,0.000001701,7.87E-06,,,,,7.29E-06,0.0000075,6.12E-06,,,,,,,,,,,,,,,,,,,,,,,,,,,,,,,,,,,,,,,,,,,,,,,,,,,,1.08E-08,1.08E-08,1.08E-08,,1.32E-08,1.02E-08,1.26E-08,,1.02E-08,,1.32E-08,1.32E-08,1.32E-08,1.26E-08,1.26E-08,1.26E-08,1.02E-08,1.02E-08,,,,,,6.30E-09,,,,,,,,,,,,,,,,,,,,,,,,,,,,,,0,0,0,0,0,0,0,0,0,0,0,0,0,0,0,0,0,,0,0,0,0,0,0,0,0,0,0,0,0,0,0,0,0,0,0,0,0,0,0,0,0,0,,,,,,,,,,,,,,,0,0,,,,,,,,,,,,,,,,,,,,,,,,,,,,,,,,,,,,,,,,,,,,,,,,,,,,,,,,,,,,,,,,,,,,,,,,,,,,,,,,,,,,,,,,,,,,,,,,,,,,,,,,,,,,,,,,,,,,,,,,,,,,,,,,,,,,,,,,,,,,,,,,128.0433957
28/10/2025,60.432,1.654068055,,17.496,18.5987081,,7.819354838,5.548784415,7.56,5.525223571,,,,0,0,1.455980682,,1.337960985,,,0.36,0.04612,0.029607,,0,0.228041232,,0.193548386,,,0.0164945,0.124679054,,0.0108372,0.096774192,,,0.016768563,0.085509612,,0.017746301,,,0.00306,,,9.05E-05,,,0.014731982,0.005229032,0.000563699,,0,0.00174,0.00168,0.00176,0.0018,,0.00178,0.00174,0.00184,0.00174,0.00164,0.00146,0.0016,0.00156,0.00166,0.0014,0.0014,,0.000001572,,,,,0.000074434,1.58E-06,0.000103707,,,,,,3.68E-06,0,,,,0.00007,2.88E-05,0.000001513,7.52E-05,2.42E-05,1.56E-06,7.77E-06,,1.08E-05,1.61E-06,1.47E-06,,,,,1.50E-06,,0.00006644,0.000001519,7.29E-06,,,,,7.29E-06,0.0000075,6.12E-06,,,,,,,,,,7.70E-09,,,,,,,,,,,,,,,,,,,,,1.93E-05,,,,,,,,,,,,,,,,,,,,,1.02E-08,1.02E-08,1.02E-08,,1.26E-08,1.26E-08,1.26E-08,,1.26E-08,,1.26E-08,,1.26E-08,,,,1.02E-08,,,,,,,1.26E-08,,,,,,,,,,,,,,,,,,,,,,,,,,,,,,0,0,0,0,0,0,0,0,0,0,0,0,0,0,0,0,0,,0,0,0,0,0,0,0,0,0,0,0,0,0,0,0,0,0,0,0,0,0,0,0,0,0,0,,0,,,,0,,,,,,,,0,0,,,,,,,,,,,,,,,,,,,,,,,,,,,,,,,,,,,,,,,,,,,,,,,,,,,,,,,,,,,,,,,,,,,,,,,,,,,,,,,,,,,,,,,,,,,,,,,,,,,,,,,,,,,,,,,,,,,,,,,,,,,,,,,,,,,,,,,,,,,,,,,,128.703207
29/10/2025,60.432,1.392307171,,17.496,18.5987081,,7.819354838,5.548784415,7.56,5.525223571,,,,0,0,1.456099614,,1.337537752,,,0.36,0.04786,0.045209,,0,0.228041232,,0.193548386,,,0.0230725,0.124679054,,0.0170038,0.096774192,,,0.0174284,0.084899214,,0.02096826,,,0.00328,,,0.00052313,,,0.014743092,0.005229032,0.002244833,,0,0.0019,0.00188,0.00188,0.002,,0.00186,0.0019,0.00188,0.00178,0.0019,0.0019,0.0019,0.00186,0.00188,0.00186,0.00186,,1.82E-06,,,,,9.12E-06,1.86E-06,8.15E-05,,,,,,3.89E-06,0,,,,0.000085,2.95E-05,0.000161451,7.52E-05,,1.76E-06,7.99E-06,,9.39E-06,0.000001803,0.000001863,,,,,1.88E-06,,,1.75E-06,7.28E-06,,,,,7.29E-06,0.0000075,6.12E-06,,,,,,,,,,,,,,,,,,,,,,,,,,,,,,,,,,,,,,0.000006319,,,,,,,,,,,,,,1.02E-08,1.26E-08,1.08E-08,,1.32E-08,1.26E-08,1.26E-08,,1.26E-08,,1.32E-08,1.32E-08,1.26E-08,1.26E-08,1.26E-08,1.26E-08,1.02E-08,1.26E-08,,,,,,6.30E-09,,,,,,,,,,,,,,,,,,,,,,,,,,,,,,0,0,0,0,0,0,0,0,0,0,0,0,0,0,0,0,0,,0,0,0,0,0,0,0,0,0,0,0,0,0,0,0,0,0,0,0,0,0,0,0,0,0,,,,,,,,,,,0,,,,0,0,,,,,,,,,,,,,,,,,,,,,,,,,,,,,,,,,,,,,,,,,,,,,,,,,,,,,,,,,,,,,,,,,,,,,,,,,,,,,,,,,,,,,,,,,,,,,,,,,,,,,,,,,,,,,,,,,,,,,,,,,,,,,,,,,,,,,,,,,,,,,,,,128.4802701
30/10/2025,60.432,1.592982291,,17.496,18.5987081,,7.819354838,5.548784415,7.56,5.525223571,,,,0,0,1.456230198,,1.339153576,,,0.36,0.04724,0.074602,,0,0.228041232,,0.193548386,,,0.0212465,0.124679054,,0.0301158,0.096774192,,,0.045603236,0.08043954,,0.02096826,,,0.00336,,,0.004489235,,,0.014754723,0.005229032,0.002160149,,0,0.0018,0.00178,0.00176,0.00182,,0.00178,0.00176,0.00178,0.00172,0.00172,0.00176,0.00174,0.00172,0.00154,0.00176,0.00176,,1.52E-06,,,,,1.20E-05,0.000001491,0.000102474,,,,,,3.69E-06,0,,,,0.000085,3.35E-05,0.000143285,7.52E-05,,1.48E-06,0.000927153,,1.31E-05,1.48E-06,1.50E-06,,,,,2.23E-06,,,7.95E-05,6.71E-06,,,,,7.29E-06,0.0000075,6.12E-06,,,,,5.46E-07,,,,,,,,,,,,,,0.0000004,,,,,,,,,,,,,,,,,,,,,,,,,,,,,,,,,1.26E-08,1.26E-08,1.32E-08,,1.32E-08,1.26E-08,1.26E-08,,1.26E-08,,1.26E-08,,1.26E-08,1.26E-08,1.26E-08,1.26E-08,1.02E-08,1.26E-08,,,,,,6.30E-09,,,,,,,,,,,,,,3.30E-09,,,,,,,,,,,,,,,,0,0,0,0,0,0,0,0,0,0,0,0,0,0,0,0,0,,0,0,0,0,0,0,0,0,0,0,0,0,0,0,0,0,0,0,0,0,0,0,0,0,0,,,,,,0,,,,,,,,0,0,0,,,,,,,,,,,,,,,,,,,,,,,,,,,,,,,,,,,,,,,,,,,,,,,,,,,,,,,,,,,,,,,,,,,,,,,,,,,,,,,,,,,,,,,,,,,,,,,,,,,,,,,,,,,,,,,,,,,,,,,,,,,,,,,,,,,,,,,,,,,,,,,,128.7494017
31/10/2025,60.432,0.403102834,,17.496,18.62131124,,7.819354838,5.548784415,7.56,5.525223571,,,,0,0,1.456371872,,1.33956124,,,0.36,0.0516,0.020824,,0,0.228041232,,0.193548386,,,0.0153175,0.124679054,,0.00784828,0.096774192,,,0.074149287,0.079314388,,0.02096826,,,0.00322,,,0.00619212,,0.0001155,0.014767189,0.005229032,0.000970785,,0,0.00182,0.00182,0.00184,0.00182,,0.00188,0.0019,0.00192,0.00182,0.00184,0.00148,0.00188,0.00182,0.0018,0.00182,0.00182,,1.83E-06,,,,,8.80E-06,1.66E-06,0.003068802,,,,,,9.45E-05,0,,,,0.000085,0.000107122,0.000001929,7.52E-05,,1.65E-06,7.87E-06,,1.26E-05,1.66E-06,1.63E-06,,,,,1.63E-06,,,2.62E-06,7.28E-06,,,,,7.29E-06,0.0000075,6.13E-06,,,,,,,,,,,,,,,,,,,,,,,,,,,,,,,,,,,,,,,,,,,,,,,,,,,,1.32E-08,1.26E-08,1.26E-08,,1.32E-08,1.26E-08,1.26E-08,,1.26E-08,,1.26E-08,1.26E-08,1.32E-08,1.26E-08,1.26E-08,,1.02E-08,1.26E-08,,,,,,1.26E-08,,,,,,,,,,,,,,,,,,,,,,,,,,,,,,0,0,0,0,0,0,0,0,0,0,0,0,0,0,0,0,0,,0,0,0,0,0,0,0,0,0,0,0,0,0,0,0,0,0,0,0,0,0,0,0,0,0,,,,,,,,,,,,,,,0,0,,,,,,,,,,,,,,,,,,,,,,,,,,,,,,,,,,,,,,,,,,,,,,,,,,,,,,,,,,,,,,,,,,,,,,,,,,,,,,,,,,,,,,,,,,,,,,,,,,,,,,,,,,,,,,,,,,,,,,,,,,,,,,,,,,,,,,,,,,,,,,,,127.5360521
1/11/2025,60.432,0,428.27,17.496,20.50973006,218.0270012,8.080000001,5.733743895,7.56,5.709397678,,,,0,0,1.471398161,,1.384635694,,,0.36,0.04552,0.015576,,0,0.235642606,,0.199999999,,,0.014729,0.128835022,,0.00557436,0.100000001,,,0.063489814,0.082620181,,0.018355898,,,0.00318,,,0.003128999,,0.0000245,0.014780007,0.005403333,0.000413462,,0,0.0018,0.0018,0.00176,0.00182,,0.00176,0.00176,0.00182,0.00166,0.00174,0.00178,0.0018,0.00176,0.0018,0.00178,0.00176,,1.55E-06,,,,,7.78E-05,0.000001427,7.90E-05,,,,,,0.000093566,0,,,,0.00009,2.85E-05,8.14E-05,7.78E-05,,1.38E-06,8.60E-06,,9.47E-06,1.53E-06,1.46E-06,,,,,0.000002196,,0.0000748,1.40E-06,7.56E-06,,,,,7.29E-06,0.0000075,6.13E-06,,,,,,,,,,,,,,,,,,,,,,,,,,,,,,,,,,,,,,,,,,,,,,,,,,,,2.57E-08,1.32E-08,1.26E-08,,1.32E-08,1.26E-08,1.26E-08,,1.26E-08,,1.32E-08,1.32E-08,1.26E-08,1.26E-08,1.26E-08,1.26E-08,1.02E-08,1.26E-08,,,,2.59E-08,,6.30E-09,,,,,,,,,,,,,,,,,,,,,,,,,,,,,,0,0,0,0,0,0,0,0,0,0,0,0,0,0,0,0,0,,0,0,0,0,0,0,0,0,0,0,0,0,0,0,0,0,0,0,0,0,0,0,0,0,0,,,,,,,,,,,,,,,0,0,,,,,,,,,,0,,,,,,,,,,,,,,,,,,,,,,,,,,,,,,,,,,,,,,,,,,,,,,,,,,,,,,,,,,,,,,,,,,,,,,,,,,,,,,,,,,,,,,,,,,,,,,,,,,,,,,,,,,,,,,,,,,,,,,,,,,,,,,,,,,,,,,775.9984405
2/11/2025,60.432,0,,17.496,20.56073128,,8.080000001,5.733743895,7.56,5.709397678,,,,0,0,1.402951833,,1.384762379,,,0.36,0.04836,0.017233,,0,0.235642606,,0.199999999,,,0.0148555,0.128835022,,0.00617892,0.100000001,,,0.073716043,0.081496544,,0.019758047,,,0.00468,,,0.003870276,,0.0000035,0.014791078,0.005403333,0.000652655,,0,0.00182,0.00178,0.00178,0.00182,,0.00178,0.00178,0.00178,0.00178,0.0018,0.00182,0.0017,0.00156,0.00168,0.00144,0.0015,,1.79E-06,,,,,9.65E-06,1.74E-06,8.07E-05,,,,,,1.90E-06,0,,,,0.00008,2.92E-05,1.72E-06,7.78E-05,,1.78E-06,7.98E-06,,9.35E-06,0.000001858,1.80E-06,,,0.0000105,,1.82E-06,,0.000011,1.79E-06,7.02E-06,,,,,0.000007292,0.0000075,6.12E-06,,,,,,,,,,,,,,,,,,,,,,,,,,,1.48E-07,,,,,,,,,,,,,,,,,,,,,,,,,1.26E-08,1.26E-08,1.26E-08,,1.32E-08,1.26E-08,1.26E-08,,1.26E-08,,1.26E-08,,1.26E-08,1.26E-08,,1.26E-08,,,,,,3.33E-08,,6.30E-09,,,,,,,,,,,,,,,,,7.30E-09,,,,7.40E-09,,,7.40E-09,,,,,,0,0,0,0,0,0,0,0,0,0,0,0,0,0,0,0,0,,0,0,0,0,0,0,0,0,0,0,0,0,0,0,0,0,0,0,0,0,0,0,0,0,0,,,,,,,,,,,,,,,0,0,,,,,,,0,,,0,0,0,,,,,,,,,,,,,,,,,,,,,,,,,,,,,,,,,,,,,,,,,,,,,,,,,,,,,,,,,,,,,,,,,,,,,,,,,,,,,,,,,,,,,,,,,,,,,,,,,,,,,,,,,,,,,,,,,,,,,,,,,,,,,,,,,,,,129.7012443
3/11/2025,60.432,0,,17.496,20.56073128,,8.080000001,5.733743895,7.56,5.709397678,,,,0,0,1.403061884,,1.386011069,,,0.36,0.04774,0.02088,,0,0.235642606,,0.199999999,,,0.015147,0.128835022,,0.0078826,0.100000001,,,0.047001854,0.076258509,,0.023003794,,,0.00524,,,0.002519626,,,0.014802043,0.005403333,0.000499999,,0,0.00174,0.0017,0.00172,0.00174,,0.00178,0.00172,0.00174,0.0018,0.00154,0.00174,0.0017,0.00166,0.00172,0.00174,0.00174,,1.87E-06,,,,,9.16E-06,1.77E-06,0.000704186,,,,,,2.58E-05,0,,,,0.000095,0.000103728,5.41E-06,7.78E-05,,1.70E-06,7.85E-06,,2.29E-05,1.62E-06,1.74E-06,,,0.000007,,1.82E-06,,,0.000001643,7.29E-06,,,,,7.29E-06,0.0000075,6.13E-06,,,,,,,1.93E-05,,,1.54E-08,,,,,,,,,,,,,,,,,1.48E-07,,,,,,,,,,,,,,,,,,,,,,,,,1.32E-08,1.26E-08,1.26E-08,,1.26E-08,1.26E-08,1.26E-08,,1.26E-08,,1.26E-08,1.26E-08,,1.26E-08,1.26E-08,1.26E-08,1.02E-08,1.26E-08,,,,1.85E-08,,6.30E-09,,,,,,,,,,,,,,,,,,,,,,,,,,,,,,0,0,0,0,0,0,0,0,0,0,0,0,0,0,0,0,0,,0,0,0,0,0,0,0,0,0,0,0,0,0,0,0,0,0,0,0,0,0,0,0,0,0,,,,,,,0,,,,,,0,,0,0,,,,,,,,,,0,,,,,,,,,,,,,,,,,,,,,,,,,,,,,,,,,,,,,,,,,,,,,,,,,,,,,,,,,,,,,,,,,,,,,,,,,,,,,,,,,,,,,,,,,,,,,,,,,,,,,,,,,,,,,,,,,,,,,,,,,,,,,,,,,,,,,,129.678701
4/11/2025,60.432,0,,17.496,20.56073128,,8.080000001,5.733743895,7.56,5.709397678,,,,0,0,1.394953309,,1.38603585,,,0.36,0.04644,0.036279,,0,0.235642606,,0.199999999,,,0.014674,0.128835022,,0.01246256,0.100000001,,,0.025021793,0.076190113,,0.023003794,,,0.00396,,,0.005033259,,0.0000105,0.014814408,0.005403333,0.00228203,,0,0.00134,0.00142,0.00134,0.00138,,0.00138,0.00136,0.00136,0.00136,0.00134,0.00136,0.00134,0.00128,0.00112,0.00142,0.00136,,4.12E-06,,,,,0.000009269,1.50E-06,7.00E-05,,,,,,3.27E-06,0,,,,0.000105,7.26E-05,0.000717422,7.78E-05,,1.23E-06,7.47E-06,,1.22E-05,1.29E-06,0.000001272,,,,,1.32E-06,,,8.59E-06,7.88E-06,,,,,7.29E-06,0.0000075,6.12E-06,,,,,,,,,,,,0.0000035,,,,,,,,,,,,,,,1.51E-07,,,,,,,,,,,,,,,,,,,,,,,,7.70E-09,1.26E-08,1.26E-08,1.32E-08,,1.26E-08,1.26E-08,2.51E-08,,1.26E-08,,1.26E-08,1.26E-08,1.26E-08,1.26E-08,1.26E-08,1.26E-08,,1.26E-08,,,,2.59E-08,,6.30E-09,,,,,,,,,,,,,,,,,,,,,,,,,,,,,,0,0,0,0,0,0,0,0,0,0,0,0,0,0,0,0,0,,0,0,0,0,0,0,0,0,0,0,0,0,0,0,0,0,0,0,0,0,0,0,0,0,0,,,,,,,,0,,,,,,,0,0,,,,,,,,,,0,,,,,,,,,,,,,,,,,,,,,,,,,,,,,,,,,,,,,,,,,,,,,,,,,,,,,,,,,,,,,,,,,,,,,,,,,,,,,,,,,,,,,,,,,,,,,,,,,,,,,,,,,,,,,,,,,,,,,,,,,,,,,,,,,,,,,,129.6642013
5/11/2025,60.432,0,,17.496,20.56073128,,8.080000001,5.733743895,7.56,5.709397678,,,,0,0,1.395063129,,1.386484156,,,0.36,0.04802,0.028621,,0,0.235642606,,0.199999999,,,0.0153175,0.128835022,,0.01022032,0.100000001,,,0.017497703,0.0749789,,0.022956489,,,0.00304,,,0.005944463,,,0.014824527,0.005403333,0.000415797,,0,0.00182,0.00184,0.00184,0.00186,,0.00184,0.00186,0.00192,0.00182,0.0019,0.0018,0.00184,0.00182,0.00178,0.00182,0.00182,,6.97E-05,,,,,1.24E-05,3.42E-06,0.000100854,,,,,,3.80E-06,0,,,,0.00009,9.40E-05,1.85E-06,7.78E-05,,1.72E-06,7.98E-06,,9.19E-06,1.85E-06,1.65E-06,,,,,1.65E-06,,,1.73E-06,6.70E-06,,,,,7.29E-06,0.0000075,6.12E-06,,,,,,,,,,1.54E-08,,,,,,,,,,,,,,,,,,,,,,,,,,,,,,,,,,,,,,,,,,1.32E-08,1.26E-08,1.26E-08,,1.32E-08,1.26E-08,1.26E-08,,1.26E-08,,1.26E-08,1.26E-08,1.26E-08,2.51E-08,1.26E-08,1.26E-08,1.26E-08,1.26E-08,,,,2.22E-08,,6.30E-09,,,,3.58E-07,,,,,,,,,,,,,,,,,,,,,,,,,,0,0,0,0,0,0,0,0,0,0,0,0,0,0,0,0,0,,0,0,0,0,0,0,0,0,0,0,0,0,0,0,0,0,0,0,0,0,0,0,0,0,0,,,,,,,0,,,,,,,,0,0,,,,0,,,,,,0,,,,,,,,,,,,,,,,,,,,,,,,,,,,,,,,,,,,,,,,,,,,,,,,,,,,,,,,,,,,,,,,,,,,,,,,,,,,,,,,,,,,,,,,,,,,,,,,,,,,,,,,,,,,,,,,,,,,,,,,,,,,,,,,,,,,,,129.6532255
6/11/2025,60.432,0,,17.496,20.56073128,,8.080000001,5.733743895,7.56,5.709397678,,,,0,0,1.419937572,,1.387121573,,,0.36,0.04302,0.024632,,0,0.235642606,,0.199999999,,,0.014157,0.128835022,,0.00867504,0.100000001,,,0.043656338,0.073219629,,0.022956489,,,0.00302,,,0.003809703,,,0.014836903,0.005403333,0.001122463,,0,0.00154,0.00154,0.00154,0.00154,,0.0016,0.00156,0.00156,0.00154,0.00154,0.00118,0.00158,0.00148,0.00142,0.00154,0.00154,,1.50E-06,,,,,7.07E-05,1.43E-06,0.000162345,,,,,,3.63E-06,0,,,,0.000075,0.001883462,7.78E-05,7.78E-05,,1.51E-06,7.74E-06,,8.71E-06,1.69E-06,1.43E-06,,,,,1.51E-06,,0.00001188,1.49E-06,7.29E-06,,,,,7.29E-06,0.0000075,6.12E-06,,,,,,,,,,7.70E-09,,,,,,,,,,,,,,,,,,,,,,,,,,,,,,,,,,,,,,,,,,1.26E-08,1.26E-08,1.26E-08,,1.26E-08,1.26E-08,1.26E-08,,1.26E-08,,1.26E-08,1.26E-08,1.32E-08,1.26E-08,1.26E-08,,,1.26E-08,,,,2.22E-08,,6.30E-09,,,,,,,,,,,,,,,,,,,,,,,,,,,,,,0,0,0,0,0,0,0,0,0,0,0,0,0,0,0,0,0,,0,0,0,0,0,0,0,0,0,0,0,0,0,0,0,0,0,0,0,0,0,0,0,0,0,,,,,,,0,,,,,,,,0,0,,,,,,,,,,0,,,,,,,,,,,,,,,,,,,,,,,,,,,,,,,,,,,,,,,,,,,,,,,,,,,,,,,,,,,,,,,,,,,,,,,,,,,,,,,,,,,,,,,,,,,,,,,,,,,,,,,,,,,,,,,,,,,,,,,,,,,,,,,,,,,,,,129.6870365
7/11/2025,60.432,0,,17.496,20.56073128,,8.080000001,5.733743895,7.56,5.709397678,,,,0,0,1.426948386,,1.387473069,,,0.36,0.0438,0.021574,,0,0.235642606,,0.199999999,,,0.014476,0.128835022,,0.00791428,0.100000001,,,0.075328582,0.072035447,,0.023344265,,,0.0031,,,0.004649773,,,0.01484821,0.005403333,0.001564577,,0,0.00172,0.00182,0.00184,0.0017,,0.0018,0.00174,0.00176,0.00176,0.00148,0.00178,0.00166,0.0017,0.00172,0.00186,0.00176,,0.000072489,,,,,0.000010299,1.87E-06,7.01E-05,,,,,,3.58E-06,0,,,,0.000085,4.70E-05,0.000001394,7.78E-05,,3.20E-05,7.68E-06,,9.93E-06,0.000002827,2.25E-05,,,,,0.00226929,,,1.95E-06,7.87E-06,,,,,7.29E-06,0.0000075,6.12E-06,,,,,,,,,,,,,,,,,,,,,,,,,,,,,,,,,,,,,,,,,,,,,,,,,,,,1.26E-08,1.26E-08,1.26E-08,,1.26E-08,1.26E-08,1.26E-08,,1.26E-08,,1.26E-08,1.32E-08,1.26E-08,1.26E-08,1.26E-08,1.26E-08,1.26E-08,1.26E-08,,,,1.48E-08,,6.30E-09,,,,,,,,,,,,,,,,,,,,,,,,,,,,,,0,0,0,0,0,0,0,0,0,0,0,0,0,0,0,0,0,,0,0,0,0,0,0,0,0,0,0,0,0,0,0,0,0,0,0,0,0,0,0,0,0,0,,,,,,,,,,,,,,,0,0,,,,,,,,,,0,,,,,,,,,,,,,,,,,,,,,,,,,,,,,,,,,,,,,,,,,,,,,,,,,,,,,,,,,,,,,,,,,,,,,,,,,,,,,,,,,,,,,,,,,,,,,,,,,,,,,,,,,,,,,,,,,,,,,,,,,,,,,,,,,,,,,,129.7276551
8/11/2025,60.432,0,,17.496,20.56073128,,8.080000001,5.733743895,7.56,5.709397678,,,,0,0,1.427071959,,1.387473069,,,0.36,0.0442,0.018088,,0,0.235642606,,0.199999999,,,0.014311,0.128835022,,0.00671044,0.100000001,,,0.073772848,0.073802878,,0.020142398,,,0.00308,,,0.006753062,,,0.014859242,0.005403333,0.000811372,,0,0.00178,0.00164,0.0016,0.00158,,0.00162,0.0017,0.00172,0.0017,0.00172,0.0015,0.00174,0.00148,0.00146,0.0016,0.00158,,1.50E-06,,,,,9.39E-06,1.54E-06,0.000233796,,,,,,0.000311276,0,,,,0.000075,2.73E-05,0.000126278,7.78E-05,,2.74E-05,7.74E-06,,8.99E-06,1.53E-06,1.48E-06,,,,,1.52E-06,,,1.49E-06,6.71E-06,,,,,7.29E-06,0.0000075,6.12E-06,,,,,,,,,,,,,,,,,,,,,,,,,,,,,,,,,,,,,,,,,,,,,,,,,,,,1.26E-08,1.26E-08,1.26E-08,,1.26E-08,,1.26E-08,,1.26E-08,,1.26E-08,1.26E-08,1.26E-08,,1.26E-08,1.26E-08,1.26E-08,1.26E-08,,,,2.59E-08,,6.30E-09,,,,,,,,,,,,,,,,,,,,,,,,,,,,,,0,0,0,0,0,0,0,0,0,0,0,0,0,0,0,0,0,,0,0,0,0,0,0,0,0,0,0,0,0,0,0,0,0,0,0,0,0,0,0,0,0,0,,,,,,,,,,,,,,,0,0,,,,,,,,,,0,,,,,,,,,,,,,,,,,,,,,,,,,,,,,,,,,,,,,,,,,,,,,,,,,,,,,,,,,,,,,,,,,,,,,,,,,,,,,,,,,,,,,,,,,,,,,,,,,,,,,,,,,,,,,,,,,,,,,,,,,,,,,,,,,,,,,,129.7181919
9/11/2025,60.432,0,,17.496,20.56073128,,8.080000001,5.733743895,7.56,5.709397678,,,,0,0,1.427194918,,1.387473069,,,0.36,0.0459,0.019476,,0,0.235642606,,0.199999999,,,0.015224,0.128835022,,0.00697004,0.100000001,,,0.0751989,0.073802878,,0.020142398,,,0.00392,,,0.003329574,,,0.014870089,0.005403333,0.0030894,,0,0.00186,0.00188,0.00194,0.00184,,0.00192,0.00186,0.0019,0.0019,0.00186,0.00188,0.00186,0.00182,0.0019,0.00188,0.00196,,1.57E-06,,,,,1.01E-05,0.000900911,0.000128526,,,,,,2.58E-05,0,,,,0.00009,2.62E-05,1.61E-06,7.78E-05,,1.61E-06,7.81E-06,,1.04E-05,1.66E-06,1.57E-06,,,,,1.54E-06,,,1.57E-06,7.47E-06,,,,,7.29E-06,0.0000075,6.12E-06,,,,,,,,,,,,,,,,,,,,,,,,,,,,,,,,,,,,,,,,,,,,,,,,,,,,1.26E-08,1.26E-08,1.26E-08,,2.51E-08,1.26E-08,1.26E-08,,1.26E-08,,1.26E-08,1.26E-08,1.26E-08,1.26E-08,1.26E-08,1.26E-08,1.26E-08,1.26E-08,,,,2.22E-08,,6.30E-09,,,,,,,,,,,,,,,,,,,,,,,,,,,,,,0,0,0,0,0,0,0,0,0,0,0,0,0,0,0,0,0,,0,0,0,0,0,0,0,0,0,0,0,0,0,0,0,0,0,0,0,0,0,0,0,0,0,,,,,,,,,,,,,,,0,0,,,,,,,,,,0,,,,,,,,,,,,,,,,,,,,,,,,,,,,,,,,,,,,,,,,,,,,,,,,,,,,,,,,,,,,,,,,,,,,,,,,,,,,,,,,,,,,,,,,,,,,,,,,,,,,,,,,,,,,,,,,,,,,,,,,,,,,,,,,,,,,,,129.7279223
10/11/2025,60.432,0,0,17.496,20.56073128,,8.080000001,5.733743895,7.56,5.709397678,,,,0,0,1.427319139,,1.387480634,,,0.36,0.04998,0.067216,,0,0.235642606,,0.199999999,,,0.0263285,0.128835022,,0.02633444,0.100000001,,,0.048520201,0.077384633,,0.013615886,,,0.00374,,,0.003975252,,0.0000035,0.014880947,0.005403333,0.000415578,,0,0.00186,0.0019,0.0019,0.00196,,0.00194,0.00184,0.00188,0.00188,0.00184,0.0019,0.00186,0.0018,0.00174,0.00204,0.00152,,1.66E-06,,,,,4.48E-06,0.000448439,7.06E-05,,,,,,3.82E-06,0,,,,0.000085,3.01E-05,0.000156278,7.78E-05,2.80E-05,0.000001696,7.93E-06,,9.17E-06,1.84E-06,1.65E-06,,,,,1.63E-06,,0.00000176,1.55E-06,8.88E-06,,,,,7.29E-06,0.0000075,4.06E-05,,,,,0.001372015,,,,,0.000490062,,,0.000490985,,,,,,,,,,,,,,4.94E-08,,8.68E-06,,,,,,,,,2.11E-06,,,,,,,,,,,,,0.000004004,1.26E-08,1.26E-08,1.26E-08,,1.26E-08,1.26E-08,1.26E-08,,1.26E-08,2.77E-06,1.26E-08,1.26E-08,1.26E-08,1.26E-08,2.51E-08,1.26E-08,,,,,,1.11E-08,,6.30E-09,,,,,,,,,,,,,,,,,,,,,,,,,,,,,,0,0,0,0,0,0,0,0,0,0,0,0,0,0,0,0,0,,0,0,0,0,0,0,0,0,0,0,0,0,0,0,0,0,0,0,0,0,0,0,0,0,0,0,,,,,,0,0,,,0,,,0,0,0,0,,,,,,,,,0,,,0,0,,,,,,,,,,,,,,,,,,,,,,,,,,,,,,,,,,,,,,,,,,,,,,,,,,,,,,,,,,,,,,,,,,,,,,,,,,,,,,,,,,,,,,,,,,,,,,,,,,,,,,,,,,,,,,,,,,,,,,,,,,,,,,,,,,129.7801769
11/11/2025,60.432,0,,17.496,20.56073128,,8.080000001,5.733743895,7.56,5.709397678,,,,0,0,1.427460786,,1.387480634,,,0.36,0.0644,0.02629,,0,0.235642606,,0.199999999,,,0.0182105,0.128835022,,0.00943624,0.100000001,,,0.016562006,0.077349397,,0.013679719,,,0.0126,,,0.003451523,,0.0000105,0.014894673,0.005403333,0.000574747,,0,0.00228,0.0023,0.00226,0.00212,,0.00228,0.0023,0.00226,0.00224,0.00236,0.00244,0.0023,0.00204,0.00232,0.00226,0.00228,,2.18E-06,,,,,2.39E-05,0.000475937,8.23E-05,,,,,,0.000014333,0,,,,0.000115,2.69E-05,2.34E-06,7.78E-05,,1.91E-06,8.05E-06,,9.43E-06,1.70E-06,0.000001778,,,,,1.83E-06,,0.00003212,1.78E-06,6.70E-06,,,,,7.29E-06,0.0000075,6.13E-06,,,,,,0.000000003,,,,,,,,,,,,,,,,,,,,,2.96E-07,,,,,,,,,,,,,,,,,,,,,,,,,1.26E-08,1.26E-08,1.26E-08,,1.26E-08,1.26E-08,1.26E-08,,1.26E-08,,1.26E-08,1.26E-08,1.26E-08,,1.26E-08,1.26E-08,1.26E-08,1.26E-08,,,,0.000000037,,1.26E-08,,,,,,,,,,,,,,,,,,,,,,,,,,,,,,0,0,0,0,0,0,0,0,0,0,0,0,0,0,0,0,0,,0,0,0,0,0,0,0,0,0,0,0,0,0,0,0,0,0,0,0,0,0,0,0,0,0,,,,0,,,,,,,,,,,0,0,,,,,,,,,,0,,,,,,,,,,,,,,,,,,,,,,,,,,,,,,,,,,,,,,,,,,,,,,,,,,,,,,,,,,,,,,,,,,,,,,,,,,,,,,,,,,,,,,,,,,,,,,,,,,,,,,,,,,,,,,,,,,,,,,,,,,,,,,,,,,,,,,129.709102
12/11/2025,60.432,0,,17.496,20.56073128,,8.080000001,5.733743895,7.56,5.709397678,,,,0,0,1.42758932,,1.387420648,,,0.36,0.04434,0.024848,,0,0.235642606,,0.199999999,,,0.0148775,0.128835022,,0.00937992,0.100000001,,,0.015574542,0.080123766,,0.008953619,,,0.00388,,,0.000500504,,,0.014907586,0.005403333,0.002930864,,0,0.00154,0.00158,0.00156,0.00156,,0.00158,0.00156,0.00156,0.00158,0.00144,0.00156,0.00158,0.00152,0.00122,0.00154,0.00158,,1.53E-06,,,,,1.04E-05,1.32E-06,0.000008721,,,,,,3.45E-06,0,,,,0.00008,0.00240313,3.57E-06,7.78E-05,,1.35E-06,7.60E-06,,8.28E-06,0.000001527,0.00000134,,,,,1.30E-06,,,0.00000134,7.87E-06,,,,,7.29E-06,0.0000075,6.12E-06,,,,,,,,,,,,,,,,,,,,,,,,,,,,,,,,,,,,,,,,,,,,,,,,,,,7.70E-09,1.26E-08,1.26E-08,1.26E-08,,1.26E-08,1.26E-08,2.51E-08,,1.26E-08,,1.26E-08,1.26E-08,,1.26E-08,1.26E-08,1.26E-08,,1.26E-08,,,,1.85E-08,,6.30E-09,,,,,,,,,,,,,,,,,,,,,,,,,,,,,,0,0,0,0,0,0,0,0,0,0,0,0,0,0,0,0,0,,0,0,0,0,0,0,0,0,0,0,0,0,0,0,0,0,0,0,0,0,0,0,0,0,0,,,,,,,,0,,,,,,,0,0,,,,,,,,,,0,,,,,,,,,,,,,,,,,,,,,,,,,,,,,,,,,,,,,,,,,,,,,,,,,,,,,,,,,,,,,,,,,,,,,,,,,,,,,,,,,,,,,,,,,,,,,,,,,,,,,,,,,,,,,,,,,,,,,,,,,,,,,,,,,,,,,,129.6626817
13/11/2025,60.432,0,,17.496,20.56073128,,8.080000001,5.733743895,7.56,5.709397678,,,,0,0,1.427715037,,1.387420648,,,0.36,0.05352,0.053851,,0,0.235642606,,0.199999999,,,0.016324,0.128835022,,0.02154196,0.100000001,,,0.043654212,0.080234771,,0.008752522,,,0.0052,,,0.000327873,,0.0000035,0.014917896,0.005403333,0.000584855,,0,0.00184,0.00184,0.0019,0.00186,,0.00182,0.00186,0.00184,0.00182,0.00172,0.00164,0.00194,0.00182,0.00184,0.00188,0.00182,,1.61E-06,,,,,1.26E-05,1.61E-06,0.00083228,,,,,,3.89E-06,0,,,,0.00011,2.81E-05,0.000094247,7.78E-05,,1.52E-06,7.81E-06,,9.57E-06,0.000001754,1.59E-06,,,,,1.61E-06,,,1.54E-06,7.29E-06,,,,,7.29E-06,0.0000075,6.12E-06,,,,,,,,,,7.70E-09,,,,,,,,,,,,,,,,,2.96E-07,,,,,,,,,,,7.70E-09,,,,,,,,,,,,,,1.26E-08,1.26E-08,1.26E-08,,1.26E-08,1.26E-08,1.26E-08,,1.26E-08,,1.26E-08,1.26E-08,1.26E-08,1.26E-08,1.26E-08,,1.26E-08,1.26E-08,,,,2.59E-08,,6.30E-09,,,,,,,,,,,,,,3.70E-09,,,,,,,,,,,,,,,,0,0,0,0,0,0,0,0,0,0,0,0,0,0,0,0,0,,0,0,0,0,0,0,0,0,0,0,0,0,0,0,0,0,0,0,0,0,0,0,0,0,0,,,,,,0,0,,,,0,,,,0,0,,,,,,,,,,0,,,,,,,,,,,,,,,,,,,,,,,,,,,,,,,,,,,,,,,,,,,,,,,,,,,,,,,,,,,,,,,,,,,,,,,,,,,,,,,,,,,,,,,,,,,,,,,,,,,,,,,,,,,,,,,,,,,,,,,,,,,,,,,,,,,,,,129.7444584
14/11/2025,60.432,0,,17.496,20.55918459,,8.080000001,5.733743895,7.56,5.882293493,,,,0,0,1.427848816,,1.38745381,,,0.36,0.04842,0.020935,,0,0.235642606,,0.199999999,,,0.015004,0.128835022,,0.00731852,0.100000001,,,0.074482508,0.080143245,,0.008752522,,,0.00414,,,0.001104482,,0.0000385,0.014929774,0.005403333,0.003913216,,0,0.00182,0.00176,0.0018,0.00174,,0.00176,0.00176,0.00176,0.00176,0.00192,0.00174,0.0016,0.00176,0.00178,0.00178,0.00178,,3.51E-06,,,,,5.79E-06,0.000002494,2.67E-06,,,,,,3.79E-06,0,,,,0.00009,2.91E-05,6.60E-06,7.78E-05,,1.59E-06,7.80E-06,,9.07E-06,0.000001658,1.49E-06,,,,,2.91E-06,,0.0002376,1.56E-06,7.28E-06,,,,,7.29E-06,0.0000075,6.12E-06,,,,,,,,,,,,,,,,,,,,,,,,,,,4.94E-08,,,,,,,,,,,,,,,,,,,,,,,,7.70E-09,1.26E-08,1.26E-08,1.26E-08,,1.26E-08,1.26E-08,1.26E-08,,1.26E-08,,1.26E-08,,2.51E-08,1.26E-08,1.26E-08,1.26E-08,1.26E-08,1.26E-08,,,,1.11E-08,,6.30E-09,,,,,,,,,,,,,,,,,,,,,,,,,,,,,,0,0,0,0,0,0,0,0,0,0,0,0,0,0,0,0,0,,0,0,0,0,0,0,0,0,0,0,0,0,0,0,0,0,0,0,0,0,0,0,0,0,0,,,,,,,,0,,,,,,,0,0,,,,,,,,,,0,,,,,,,,,,,,,,,,,,,,,,,,,,,,,,,,,,,,,,,,,,,,,,,,,,,,,,,,,,,,,,,,,,,,,,,,,,,,,,,,,,,,,,,,,,,,,,,,,,,,,,,,,,,,,,,,,,,,,,,,,,,,,,,,,,,,,,129.8946212
15/11/2025,60.432,0,,17.496,20.54817188,,8.080000001,5.733743895,7.56,6.852980522,,,,0,0,1.427978457,,1.385741222,,,0.36,0.05054,0.01655,,0,0.235642606,,0.199999999,,,0.0164395,0.128835022,,0.00592944,0.100000001,,,0.074185342,0.07698518,,0.023036593,,,0.0048,,,0.002011664,,,0.014942346,0.005403333,0.002624674,,0,0.00258,0.00248,0.00252,0.0025,,0.00246,0.00246,0.00246,0.00248,0.00242,0.00224,0.0025,0.00256,0.00226,0.00246,0.00246,,2.81E-06,,,,,0.001369616,0.000001711,4.79E-06,,,,,,0.002231803,0,,,,0.000095,0.002334492,8.30E-05,7.78E-05,,1.87E-06,8.05E-06,,8.72E-06,0.000001737,1.80E-06,,,,,1.87E-06,,,3.76E-06,0.000006711,,,,,7.29E-06,0.0000075,6.12E-06,,,,,,0.000000003,,,,,,,,,,,,,,,,,,,,,,,,,,,,,,,,,,,,,,,,,,,,,,1.26E-08,2.51E-08,1.26E-08,,1.26E-08,1.26E-08,1.26E-08,,1.26E-08,,1.26E-08,1.26E-08,2.51E-08,1.26E-08,1.26E-08,,1.26E-08,1.26E-08,,,,3.32E-08,,6.30E-09,,,,,,,,,,,,,,,,,,,,,,,,,,,,,,0,0,0,0,0,0,0,0,0,0,0,0,0,0,0,0,0,,0,0,0,0,0,0,0,0,0,0,0,0,0,0,0,0,0,0,0,0,0,0,0,0,0,,,,0,,,,,,,,,,,0,0,,,,,,,,,,0,,,,,,,,,,,,,,,,,,,,,,,,,,,,,,,,,,,,,,,,,,,,,,,,,,,,,,,,,,,,,,,,,,,,,,,,,,,,,,,,,,,,,,,,,,,,,,,,,,,,,,,,,,,,,,,,,,,,,,,,,,,,,,,,,,,,,,130.8776383
16/11/2025,60.432,0,,17.496,20.54817188,,8.080000001,5.733743895,7.56,6.852980522,,,,0,0,1.428103672,,1.385818172,,,0.36,0.04904,0.020378,,0,0.235642606,,0.199999999,,,0.015708,0.128835022,,0.00720808,0.100000001,,,0.074890834,0.076772798,,0.023036593,,,0.00588,,,0.001064345,,,0.014953949,0.005403333,0.001383932,,0,0.00196,0.00186,0.00196,0.0019,,0.00196,0.00196,0.00196,0.00202,0.00204,0.0019,0.00182,0.002,0.00196,0.002,0.00182,,1.83E-06,,,,,1.69E-05,1.69E-06,0.00014129,,,,,,3.76E-06,0,,,,0.000085,2.73E-05,0.000706524,7.78E-05,,1.66E-06,0.00286833,,9.73E-06,1.70E-06,1.75E-06,,,0.000007,,1.62E-06,,,1.72E-06,7.87E-06,,,,,7.29E-06,0.0000075,6.12E-06,0.00078,,,,,,,,,,,,,,,,,,0.0000004,,0.00001188,,,,,,,,,,,,,,,,,,,,,,,,,,,,,,,1.26E-08,1.26E-08,1.26E-08,,1.26E-08,1.26E-08,,,1.26E-08,,1.26E-08,,1.26E-08,1.26E-08,1.26E-08,1.26E-08,1.26E-08,1.26E-08,,,,1.85E-08,,6.30E-09,,,,,,,,,,,,,,,,,,,,,,,,,,,,,,0,0,0,0,0,0,0,0,0,0,0,0,0,0,0,0,0,,0,0,0,0,0,0,0,0,0,0,0,0,0,0,0,0,0,0,0,0,0,0,0,0,0,,,,,,,,,,,,,,,0,0,,,,,,,,,,0,,,,,,,,,,,,,,,,,,,,,,,,,,,,,,,,,,,,,,,,,,,,,,,,,,,,,,,,,,,,,,,,,,,,,,,,,,,,,,,,,,,,,,,,,,,,,,,,,,,,,,,,,,,,,,,,,,,,,,,,,,,,,,,,,,,,,,130.8709125
17/11/2025,60.432,0,,17.496,20.54817188,,8.080000001,5.733743895,7.56,6.852980522,,,,0,0,1.428226411,,1.386665126,,,0.36,0.0491,0.034519,,0,0.235642606,,0.199999999,,,0.0201795,0.128835022,,0.01293424,0.100000001,,,0.04931014,0.074435207,,0.023036593,,,0.00958,,,0.002471578,,,0.014964589,0.005403333,0.000993221,,0,0.00166,0.00162,0.0016,0.00166,,0.0016,0.00162,0.0017,0.0016,0.0016,0.00148,0.00164,0.00154,0.00166,0.00164,0.0016,,1.75E-06,,,,,1.00E-05,0.000001559,0.001734601,,,,,,3.63E-06,0,,,,0.000085,2.67E-05,1.61E-06,7.78E-05,,1.52E-06,7.76E-06,,8.46E-06,1.54E-06,1.43E-06,,,,,0.000001567,,,1.47E-06,0.000007293,,,,,7.29E-06,0.0000075,6.12E-06,,,,,,,,,,,,,,,,,,,,,,,,,,,,,,,,,,,,,,,,,,,,,,,,,,,,1.26E-08,1.26E-08,1.26E-08,,1.26E-08,1.26E-08,1.26E-08,,1.26E-08,,1.26E-08,1.26E-08,1.26E-08,1.26E-08,1.26E-08,1.26E-08,1.26E-08,1.26E-08,,,,1.48E-08,,6.30E-09,,,,,,,,,,,,,,,,,,,,,,,,,,,,,,0,0,0,0,0,0,0,0,0,0,0,0,0,0,0,0,0,,0,0,0,0,0,0,0,0,0,0,0,0,0,0,0,0,0,0,0,0,0,0,0,0,0,,,,,,,,,,,,,,,0,0,,,,,,,,,,0,,,,,,,,,,,,,,,,,,,,,,,,,,,,,,,,,,,,,,,,,,,,,,,,,,,,,,,,,,,,,,,,,,,,,,,,,,,,,,,,,,,,,,,,,,,,,,,,,,,,,,,,,,,,,,,,,,,,,,,,,,,,,,,,,,,,,,130.8654076
18/11/2025,60.432,0,,17.496,20.54817188,,8.080000001,5.733743895,7.56,6.852980522,,,,0,0,1.428383811,,1.388895652,,,0.36,0.12524,0.039183,,0,0.235642606,,0.199999999,,,0.0191785,0.128835022,,0.01467708,0.100000001,,,0.015897434,0.068278955,,0.023036593,,,0.03256,,,0.006770956,0,0.000021,0.014978757,0.005403333,0.004089203,,0,0.00342,0.00344,0.00344,0.00218,,0.00348,0.00344,0.00288,0.00284,0.00288,0.00286,0.0028,0.0034,0.00252,0.00218,0.00318,,1.60E-06,,,,,1.21E-05,1.45E-06,6.98E-05,,,0,7.24E-06,,1.52E-06,0,,4.34E-06,,0.000195,0.000125199,1.52E-06,7.78E-05,,0.000001518,7.79E-06,,9.67E-06,1.61E-06,1.49E-06,,,0.0001295,,1.45E-06,,0.00003036,1.52E-06,6.70E-06,,,,,7.29E-06,0.0000075,6.12E-06,,,,,,,,,,7.70E-09,,,,,,,,,0.0000036,,,,,,,,1.39E-06,,,,,,,,,,,,,,,,,,,,,,,,,4.25E-08,1.26E-08,1.26E-08,,1.26E-08,1.26E-08,1.26E-08,,1.26E-08,,1.26E-08,,1.26E-08,1.26E-08,1.26E-08,1.26E-08,,,,,,2.96E-08,,6.30E-09,,,,,,,,,,,,,,,,,,,,,,,,,,,,,,0,0,0,0,0,0,0,0,0,0,0,0,0,0,0,0,0,,0,0,0,0,0,0,0,0,0,0,0,0,0,0,0,0,0,0,0,0,0,0,0,0,0,,,,,,,0,,,0,,,,,0,0,,,,,,,,,,0,,,,,0,0,0,0,,,,,,,,,,,,,,,,,,,,,,,,,,,,,,,,,,,,,,,,,,,,,,,,,,,,,,,,,,,,,,,,,,,,,,,,,,,,,,,,,,,,,,,,,,,,,,,,,,,,,,,,,,,,,,,,,,,,,,,,,,,,,,130.9596234
19/11/2025,60.432,0.015417605,,17.496,20.54817188,,8.080000001,5.733743895,7.56,6.852980522,,,,0,0,1.451166019,,1.391029381,,,0.36,0.07682,0.025856,,0,0.235642606,,0.199999999,,,0.0181005,0.128835022,,0.00861652,0.100000001,,,0.016320132,0.062389863,,0.023036593,,,0.01062,,,0.003732466,,0.000007,0.014993216,0.005403333,0.003632323,,0,0.00208,0.00202,0.00198,0.00198,,0.00198,0.00198,0.00198,0.00198,0.00198,0.00168,0.00198,0.00192,0.00196,0.00202,0.00202,,1.70E-06,0.135863269,,,,9.81E-05,2.74E-06,3.20E-06,,,,,,3.02E-05,0,,,,0.000105,3.08E-05,0.000158129,7.78E-05,,1.61E-06,7.83E-06,,1.23E-05,1.61E-06,1.49E-06,,,,,1.56E-06,,,1.60E-06,7.88E-06,,,,,7.29E-06,7.50E-06,6.13E-06,,,,,,,,,,7.70E-09,,,,,,,,,0.0000008,,,,,,,,2.10E-07,,,,,,,,,,,,,,,,,,,,,,,,,1.73E-08,1.26E-08,1.26E-08,,1.26E-08,1.26E-08,1.26E-08,,1.26E-08,,1.26E-08,1.26E-08,1.26E-08,1.26E-08,1.26E-08,,1.26E-08,1.26E-08,,,,7.40E-09,,6.30E-09,,,,,,,,,,,,,,,,,,,,,,,,,,,,,,0,0,0,0,0,0,0,0,0,0,0,0,0,0,0,0,0,,0,0,0,0,0,0,0,0,0,0,0,0,0,0,0,0,0,0,0,0,0,0,0,0,0,,,,,,,0,,,,,,,,0,0,,,,,,,,,,0,,,,,0,0,,,,,,,,,,,,,,,,,,,,,,,,,,,,,,,,,,,,,,,,,,,,,,,,,,,,,,,,,,,,,,,,,,,,,,,,,,,,,,,,,,,,,,,,,,,,,,,,,,,,,,,,,,,,,,,,,,,,,,,,,,,,,,,,131.0204839
20/11/2025,60.432,0.533291728,,17.496,20.54817188,,8.080000001,5.733743895,7.56,6.852980522,,,,0,0,1.451295861,,1.391369699,,,0.36,0.0551,0.023302,,0,0.235642606,,0.199999999,,,0.017501,0.128835022,,0.00795476,0.100000001,,,0.044192268,0.061450586,,0.023036593,,,0.0623,,,0.013056634,,,0.01500576,0.005403333,0.003012095,,0,0.00204,0.00198,0.00198,0.00194,,0.00196,0.00196,0.00198,0.00196,0.00202,0.002,0.00206,0.00176,0.00184,0.00198,0.0021,,1.82E-06,,,,,1.04E-05,1.87E-06,3.81E-06,,,,,,2.00E-06,0,,,,0.000135,2.66E-05,1.83E-06,7.78E-05,0.000205881,1.92E-06,8.12E-06,,1.40E-05,1.92E-06,1.91E-06,,,0.000028,,1.92E-06,,0.0000308,1.91E-06,7.29E-06,,,,,7.29E-06,0.0000075,6.12E-06,,,,,,,,,,,,,,,,,,,0.0000004,,0.00000572,,,,,,,,,,,,,,,,,,,,,,,,,,,0,,,,1.26E-08,1.26E-08,1.26E-08,,1.26E-08,1.26E-08,1.26E-08,,1.26E-08,,1.26E-08,1.26E-08,1.26E-08,,1.26E-08,1.26E-08,,2.51E-08,,,,0.000000037,,6.30E-09,,,,,,,,,,,,,,,,,,,,,,,,,,,,,,0,0,0,0,0,0,0,0,0,0,0,0,0,0,0,0,0,,0,0,0,0,0,0,0,0,0,0,0,0,0,0,0,0,0,0,0,0,0,0,0,0,0,0,,,,,,,,,,,,,,0,0,,,,,,,,,,0,,,,,0,,,,0,0,0,0,,,,,,,,,,,,,,,,,,,,,,,,,,,,,,,,,,,,,,,,,,,,,,,,,,,,,,,,,,,,,,,,,,,,,,,,,,,,,,,,,,,,,,,,,,,,,,,,,,,,,,,,,,,,,,,,,,,,,,,,,,131.4647983
21/11/2025,60.432,0.822419979,,17.496,20.54817188,,8.080000001,5.733743895,7.56,6.852980522,,,,0,0,1.45142341,,1.393430184,,,0.36,0.05302,0.019716,,0,0.235642606,,0.199999999,,,0.018326,0.128835022,,0.00693176,0.100000001,,,0.074518014,0.055763646,,0.023036593,,,0.0167,,,0.003696571,,,0.015017111,0.005403333,0.001385915,,0,0.00202,0.00218,0.00202,0.00206,,0.00204,0.00204,0.00202,0.0019,0.00206,0.00206,0.00196,0.00196,0.00206,0.00204,0.00166,,1.78E-06,,,,,3.62E-05,0.000001778,8.56E-05,,,,,,1.79E-06,0,,,,0.00008,0.000106512,1.79E-06,7.78E-05,,1.80E-06,7.98E-06,,9.37E-06,1.91E-06,1.78E-06,,,,,1.67E-06,,0.00019668,0.000001778,7.29E-06,,,,,7.29E-06,7.50E-06,6.12E-06,,,,,,,,,,,,,,,,,,,,,,,,,,,,,,,,,,,,,,,,,,,,,,,,0,,,7.70E-09,1.26E-08,1.26E-08,1.26E-08,,1.26E-08,1.26E-08,1.26E-08,,1.26E-08,,,,2.51E-08,1.26E-08,1.26E-08,1.26E-08,1.26E-08,,,,,3.33E-08,,6.30E-09,,,,,,,,,,,,,,3.70E-09,,,,,,,,,,,,,,,,0,0,0,0,0,0,0,0,0,0,0,0,0,0,0,0,0,,0,0,0,0,0,0,0,0,0,0,0,0,0,0,0,0,0,0,0,0,0,0,0,0,0,,,,,,0,,0,,,,,,,0,0,,,,,,,,,,0,,,,,0,,,,,0,0,,,,,,,,,,,,,,,,,,,,,,,,,,,,,,,,,,,,,,,,,,,,,,,,,,,,,,,,,,,,,,,,,,,,,,,,,,,,,,,,,,,,,,,,,,,,,,,,,,,,,,,,,,,,,,,,,,,,,,,,,,,131.718887
22/11/2025,60.432,0.311424991,,17.496,20.54817188,,8.080000001,5.733743895,7.56,6.852980522,,,,0,0,1.451559464,,1.391616889,,,0.36,0.05286,0.014108,,0,0.235642606,,0.199999999,,,0.0173415,0.128835022,,0.00479512,0.100000001,,,0.073738828,0.053140973,,0.036854288,,,0.00478,,,0.004206018,,,0.01503119,0.005403333,0.000400625,,0,0.00246,0.0025,0.00256,0.00254,,0.0025,0.00258,0.00246,0.00264,0.0026,0.00212,0.0025,0.00242,0.00248,0.00256,0.00254,,1.87E-06,,,,,7.27E-05,5.29E-06,4.89E-06,,,,,,3.96E-06,0,,,,0.000085,2.56E-05,1.75E-06,7.78E-05,,0.000001778,7.98E-06,,9.41E-06,1.74E-06,1.72E-06,,,,,1.71E-06,,,1.73E-06,7.29E-06,,,,,7.29E-06,0.0000075,6.12E-06,,,,,,,,,,,,,,,,,,,,,,,,,,,,,,,,,,,,,,1.54E-08,,,,,,,,,,,,,,1.26E-08,1.26E-08,1.26E-08,,1.26E-08,1.26E-08,1.26E-08,,1.26E-08,,1.26E-08,1.26E-08,1.26E-08,1.26E-08,1.26E-08,,1.26E-08,2.51E-08,,,,1.11E-08,,6.30E-09,,,,,,,0.000000004,,,,,,,,,,,,,,,,,,,,,,,0,0,0,0,0,0,0,0,0,0,0,0,0,0,0,0,0,,0,0,0,0,0,0,0,0,0,0,0,0,0,0,0,0,0,0,0,0,0,0,0,0,0,,,,,,,,,,,0,,,,0,0,,,,,0,,,,,0,,,,,0,0,,,,0,,,,,,,,,,,,,,,,,,,,,,,,,,,,,,,,,,,,,,,,,,,,,,,,,,,,,,,,,,,,,,,,,,,,,,,,,,,,,,,,,,,,,,,,,,,,,,,,,,,,,,,,,,,,,,,,,,,,,,,,,,,,131.2024285
23/11/2025,60.432,0.366907433,,17.496,20.54817188,,8.080000001,5.733743895,7.56,6.852980522,,,,0,0,1.451687231,,1.393895593,,,0.36,0.07396,0.016529,,0,0.235642606,,0.199999999,,,0.018326,0.128835022,,0.0057508,0.100000001,,,0.074041759,0.046851749,,0.036854288,,,0.01886,,,0.003576349,0,0.0000035,0.015043028,0.005403333,0.000552607,,0,0.00274,0.00272,0.0028,0.00226,,0.0027,0.00268,0.00254,0.00248,0.00212,0.0025,0.00248,0.00254,0.0026,0.00228,0.00268,,1.88E-06,,,,,4.96E-06,2.02E-06,9.89E-05,,,,6.67E-06,,1.88E-06,0,,4.00E-06,,0.00014,9.21E-05,1.91E-06,7.78E-05,,1.87E-06,0.000008087,,9.41E-06,2.01E-06,1.93E-06,,,0.0000665,,1.87E-06,,,1.92E-06,6.71E-06,,,,,7.29E-06,0.0000075,6.12E-06,,,,,,,,,,,,,,,,,,,0.0000012,,,,,,,,6.72E-07,,,,,,,,,,,7.70E-09,,,,,,,,,,,,,7.70E-09,2.52E-08,1.26E-08,1.26E-08,,1.26E-08,1.26E-08,1.26E-08,,1.26E-08,,1.26E-08,1.26E-08,,,1.26E-08,1.26E-08,1.26E-08,1.26E-08,,,,3.33E-08,,6.30E-09,,,,,,,,,,,,,,,,,,,,,,,,,,,,,,0,0,0,0,0,0,0,0,0,0,0,0,0,0,0,0,0,,0,0,0,0,0,0,0,0,0,0,0,0,0,0,0,0,0,0,0,0,0,0,0,0,0,,,,,,,,0,,0,0,,,,0,0,,,,,,,,,,0,,,,,0,,,,,0,,,,,,,,,,,,,,,,,,,,,,,,,,,,,,,,,,,,,,,,,,,,,,,,,,,,,,,,,,,,,,,,,,,,,,,,,,,,,,,,,,,,,,,,,,,,,,,,,,,,,,,,,,,,,,,,,,,,,,,,,,,,131.2942919
24/11/2025,60.432,0.499399077,,17.496,20.54817188,,8.080000001,5.733743895,7.56,6.852980522,,,,0,0,1.451820452,,1.395245579,,,0.36,0.0852,0.030167,,0,0.235642606,,0.199999999,,,0.01903,0.128835022,,0.01138632,0.100000001,,,0.047489129,0.043125788,,0.036854288,,,0.03064,,,0.006220106,,0.000007,0.015055908,0.005403333,0.001987645,,0,0.00222,0.00226,0.0022,0.00214,,0.0023,0.0022,0.00216,0.00216,0.00218,0.00216,0.00218,0.00214,0.0022,0.00216,0.002,,1.74E-06,,,,,5.82E-06,1.87E-06,0.00028794,,,,,,0.000002397,0,,,,0.00013,2.85E-05,1.82E-06,7.78E-05,,0.000001778,8.01E-06,,9.59E-06,1.78E-06,1.80E-06,,,0.000014,,7.87E-05,,,0.000001778,7.87E-06,,,,,7.29E-06,0.0000075,6.12E-06,,,,,,,,,,,,,,,,,,,,,,,,,,,4.02E-07,,,,,,,,,,,,,,,,,,,,,,,,,1.73E-08,1.26E-08,1.26E-08,,1.26E-08,1.26E-08,1.26E-08,,1.26E-08,,1.26E-08,1.26E-08,1.26E-08,1.26E-08,1.26E-08,1.26E-08,1.26E-08,,,,,2.96E-08,,6.30E-09,,,,,,,,,,,,,,,,,,,,,,,,,,,,,,0,0,0,0,0,0,0,0,0,0,0,0,0,0,0,0,0,,0,0,0,0,0,0,0,0,0,0,0,0,0,0,0,0,0,0,0,0,0,0,0,0,0,,,,,,,,,,,,,,,0,0,,,,,,,,,,0,,,,,0,0,,,,0,,,0,,,,,,,,,,,,,,,,,,,,,,,,,,,,,,,,,,,,,,,,,,,,,,,,,,,,,,,,,,,,,,,,,,,,,,,,,,,,,,,,,,,,,,,,,,,,,,,,,,,,,,,,,,,,,,,,,,,,,,,,,131.4397502
25/11/2025,60.432,0.564423699,,17.496,20.54817188,,8.080000001,5.733743895,7.56,6.852980522,,,,0,0,1.451956107,,1.395939491,,,0.36,0.07526,0.028238,,0,0.235642606,,0.199999999,,,0.019866,0.128835022,,0.01013232,0.100000001,,,0.015872856,0.041223363,,0.036831151,,,0.05546,,,0.003708613,,,0.015068245,0.005403333,0.000785725,,0,0.00314,0.00314,0.00312,0.0027,,0.00318,0.00312,0.00296,0.00298,0.0029,0.00304,0.00288,0.0032,0.0028,0.0027,0.00312,,1.53E-06,,,,,0.000949255,2.82E-06,6.82E-05,,,,,,1.52E-06,0,,,,0.000205,2.73E-05,0.001387692,7.78E-05,0.000157311,1.65E-06,1.37E-05,,1.13E-05,1.65E-06,1.65E-06,,,0.000035,,1.61E-06,,,1.65E-06,7.28E-06,,,,,7.29E-06,0.0000075,6.12E-06,,,,,,,,,,,,,,,,,,,0.0000012,,,,,,,,0.00000099,,,,,,,,,,,,,,,,,,,,,,,,,1.26E-08,1.26E-08,2.51E-08,,1.26E-08,1.26E-08,1.26E-08,,1.26E-08,,1.26E-08,1.26E-08,1.26E-08,1.26E-08,1.26E-08,1.26E-08,1.26E-08,1.26E-08,,,,1.85E-08,,6.30E-09,,,,,,,,,,,,,,,,,,,,,,,,,,,,,,0,0,0,0,0,0,0,0,0,0,0,0,0,0,0,0,0,,0,0,0,0,0,0,0,0,0,0,0,0,0,0,0,0,0,0,0,0,0,0,0,0,0,0,,,,,,,,,,,,,,0,0,,,,,,,,,,0,,,,,0,,,,0,0,0,0,,0,,,,,,,,,,,,,,,,,,,,,,,,,,,,,,,,,,,,,,,,,,,,,,,,,,,,,,,,,,,,,,,,,,,,,,,,,,,,,,,,,,,,,,,,,,,,,,,,,,,,,,,,,,,,,,,,,,,,,,,,131.4955
26/11/2025,60.432,0.559298995,,17.496,20.54817188,,8.080000001,5.733743895,7.56,6.852980522,,,,0,0,1.452095786,,1.396328481,,,0.36,0.05798,0.024601,,0,0.235642606,,0.199999999,,,0.0189035,0.128835022,,0.00777788,0.100000001,,,0.017552272,0.04014975,,0.036831151,,,0.02214,,,0.006089924,,,0.015083146,0.005403333,0.001339011,,0,0.00238,0.00244,0.00242,0.0024,,0.0024,0.00238,0.00238,0.0024,0.00204,0.00244,0.00238,0.00224,0.0023,0.0023,0.002,,2.00E-06,,,,,1.70E-05,4.39E-06,6.34E-06,,,,,,1.86E-06,0,,,,0.000115,0.000026906,0.000072767,7.78E-05,,1.95E-06,8.10E-06,,9.37E-06,8.08E-05,1.97E-06,,,0.0000035,,1.89E-06,,,1.87E-06,7.29E-06,,,,,7.29E-06,0.0000075,6.13E-06,,,,,,,,,,7.70E-09,,,,,,,,,,,,,,,,,2.96E-07,,,,,,,,,,,,,,,,,,,,,0,,,,2.52E-08,1.26E-08,1.26E-08,,1.26E-08,1.26E-08,1.26E-08,,1.26E-08,,1.26E-08,1.26E-08,,1.26E-08,1.26E-08,1.26E-08,1.26E-08,,,,,1.48E-08,,6.30E-09,,,,,,,,,,,,,,,,,,,,,,,,,,,,,,0,0,0,0,0,0,0,0,0,0,0,0,0,0,0,0,0,,0,0,0,0,0,0,0,0,0,0,0,0,0,0,0,0,0,0,0,0,0,0,0,0,0,,,,,,,0,,,,,,,,0,0,,,,,,,,,,0,,,,,0,,,,,0,0,,,,,,,,,,,,,,,,,,,,,,,,,,,,,,,,,,,,,,,,,,,,,,,,,,,,,,,,,,,,,,,,,,,,,,,,,,,,,,,,,,,,,,,,,,,,,,,,,,,,,,,,,,,,,,,,,,,,,,,,,,,131.4243104
27/11/2025,60.432,0.499407616,,17.496,19.96196608,,8.080000001,5.733743895,7.56,6.616389671,,,,0,0,1.452222797,,1.396652433,,,0.36,0.07546,0.023512,,0,0.235642606,,0.199999999,,,0.0195415,0.128835022,,0.00884268,0.100000001,,,0.042351521,0.039255641,,0.036831151,,,0.03858,,,0.003758651,,0.0000875,0.015094044,0.005403333,0.000561029,,0,0.00552,0.00556,0.0055,0.00414,,0.0055,0.0055,0.00514,0.0051,0.0051,0.00508,0.00494,0.00544,0.00504,0.00416,0.00552,,1.84E-06,,,,,1.70E-05,1.88E-06,0.000417059,,,,,,1.12E-05,0,,,,0.00023,0.000114956,6.93E-05,7.78E-05,0.00029597,1.90E-06,1.67E-05,,9.37E-06,1.91E-06,1.87E-06,,,0.0000455,,1.78E-06,,,1.87E-06,6.71E-06,,,,,7.29E-06,0.0000075,0.000006202,,,,,,,,,,,,,,,,,,,0.0000028,,,,,,,,1.66E-06,,,,,,,,,,,,,,,,,,,,,,,,,1.26E-08,1.26E-08,1.26E-08,,1.26E-08,1.26E-08,1.26E-08,,1.26E-08,,1.26E-08,,2.51E-08,1.26E-08,1.26E-08,1.26E-08,1.26E-08,1.26E-08,,,,3.70E-09,,6.30E-09,,,,,,,,,,,,,,,,,,,,,,,,,,,,,,0,0,0,0,0,0,0,0,0,0,0,0,0,0,0,0,0,,0,0,0,0,0,0,0,0,0,0,0,0,0,0,0,0,0,0,0,0,0,0,0,0,0,0,,,,,,,,,,,,,,0,0,,,,,,,,,,0,,,,,0,,,,,0,,,,0,,,,,,,,,,,,,,,,,,,,,,,,,,,,,,,,,,,,,,,,,,,,,,,,,,,,,,,,,,,,,,,,,,,,,,,,,,,,,,,,,,,,,,,,,,,,,,,,,,,,,,,,,,,,,,,,,,,,,,,,130.6407294
28/11/2025,60.432,0.448255293,,17.496,16.57379301,,8.080000001,5.733743895,7.56,5.479129015,,,,0,0,1.452360362,,1.396705961,,,0.36,0.05458,0.019829,,0,0.235642606,,0.199999999,,,0.0170665,0.128835022,,0.00675576,0.100000001,,,0.074728631,0.04094571,,0.033501793,,,0.00466,,,0.008095285,,0.0000735,0.015109534,0.005403333,0.005658347,,0,0.00214,0.00208,0.00216,0.00224,,0.00224,0.00216,0.0021,0.00214,0.00218,0.0022,0.00222,0.0021,0.00204,0.00216,0.00214,,1.96E-06,,,,,7.88E-06,0.000001997,3.62E-06,,,,,,3.15E-06,0,,,,0.000095,0.000102246,3.06E-05,7.78E-05,8.37E-05,2.02E-06,3.33E-05,,0.002501331,2.14E-06,2.09E-06,,,,,2.00E-06,,0.00000616,0.000001997,0.000007293,,,,,7.29E-06,7.50E-06,6.12E-06,,,,,,,,,,,,,,,,,,,,,,,,,,,,,,,,,,,,,,,,,,,,,,,,,,,,1.26E-08,1.26E-08,2.51E-08,,1.26E-08,1.26E-08,1.26E-08,,1.26E-08,,1.26E-08,2.51E-08,1.26E-08,1.26E-08,1.26E-08,1.26E-08,1.26E-08,1.26E-08,,,,2.22E-08,,6.30E-09,,,,,,,,,,,,,,,,,,,,,,,,,,,,,,0,0,0,0,0,0,0,0,0,0,0,0,0,0,0,0,0,,0,0,0,0,0,0,0,0,0,0,0,0,0,0,0,0,0,0,0,0,0,0,0,0,0,0,,,,,,,,,,,,,,0,0,,,,,,,,,,0,,,,,0,,,,,0,,,,,,,,,,,,,,,,,,,,,,,,,,,,,,,,,,,,,,,,,,,,,,,,,,,,,,,,,,,,,,,,,,,,,,,,,,,,,,,,,,,,,,,,,,,,,,,,,,,,,,,,,,,,,,,,,,,,,,,,,,,,125.9981599
29/11/2025,60.432,0.313773517,,17.496,14.28807259,,8.080000001,5.733743895,7.56,4.573910417,,,,0,0,1.429845609,,1.397768647,,,0.36,0.04934,0.014844,,0,0.235642606,,0.199999999,,,0.0151745,0.128835022,,0.00540188,0.100000001,,,0.073781045,0.037888748,,0.033726337,,,0.0045,,,0.004213544,0,0.0000035,0.015120885,0.005403333,0.003261288,,0,0.00176,0.00176,0.0018,0.00178,,0.0018,0.0018,0.0018,0.00176,0.00176,0.00144,0.00182,0.0017,0.00172,0.0018,0.00174,,1.71E-06,,,,,7.46E-05,1.75E-06,0.003056684,,,,,,6.82E-05,0,,,,0.000095,0.000110317,4.62E-06,7.78E-05,,1.73E-06,7.97E-06,,9.23E-06,1.83E-06,1.66E-06,,,0.0000035,,1.70E-06,,0.00000748,1.73E-06,7.87E-06,,,,,7.29E-06,0.0000075,6.12E-06,,,,,,,,,,,,,,,,,,,,,,,,,,,1.48E-07,,,,,,,,,,,,,,,,,,,,,,,,,1.26E-08,1.26E-08,1.26E-08,,1.26E-08,1.26E-08,1.26E-08,,1.26E-08,,1.26E-08,1.26E-08,1.26E-08,1.26E-08,1.26E-08,,1.26E-08,1.26E-08,,,,2.96E-08,,6.30E-09,,,,,,,,1.10E-07,,,,,,,,,,,,,,,,,,,,,,0,0,0,0,0,0,0,0,0,0,0,0,0,0,0,0,0,,0,0,0,0,0,0,0,0,0,0,0,0,0,0,0,0,0,0,0,0,0,0,0,0,0,,,,,,,,,,,,,,,0,0,0,,,,,,,,0,0,,,,,0,,,,,0,,,,,,,,,,,,,,,,,,,,,,,,,,,,,,,,,,,,,,,,,,,,,,,,,,,,,,,,,,,,,,,,,,,,,,,,,,,,,,,,,,,,,,,,,,,,,,,,,,,,,,,,,,,,,,,,,,,,,,,,,,,,122.6220481
30/11/2025,60.432,0.549520109,,17.496,14.34978452,,8.089554964,5.733743895,7.56,4.573910417,,,,0,0,1.429969392,,1.398044878,,,0.40038194,0.10396,0.018829,,0,0.235642606,,0.199999999,0.14404722,,0.017754,0.128835022,0.211926,0.00645832,0.100000001,,,0.076840189,0.035903642,,0.03594139,,,0.02706,,,0.003812583,,0.0002485,0.015131581,0.005403333,0.004351369,,0,0.0021,0.00208,0.00204,0.00206,,0.0021,0.00208,0.00208,0.00212,0.00212,0.00206,0.00196,0.00202,0.00206,0.00212,0.00212,,0.000001997,,,,,0.000057639,3.80E-06,0.000149282,,,,,,0.000176419,0,,,,0.00013,2.77E-05,3.73E-06,7.78E-05,0.00030665,0.004800576,8.34E-06,,1.01E-05,7.79E-05,2.01E-06,,,0.000021,,0.002327099,,0.00006908,2.04E-06,6.71E-06,,,,,7.29E-06,0.0000075,6.13E-06,,,,,7.30E-09,,,,,,,,,,,,,,,,,,,7.40E-09,,,2.96E-07,,,,,,,,,,,,,,,,,,,,,,,,,1.44E-08,1.26E-08,1.26E-08,,1.26E-08,1.26E-08,1.26E-08,,1.26E-08,,1.26E-08,1.26E-08,1.26E-08,1.26E-08,1.26E-08,1.26E-08,1.26E-08,1.26E-08,,,7.30E-09,2.22E-08,,6.30E-09,,,,,,,,,,,,,,,,,,,,,,,,,,,,,,0,0,0,0,0,0,0,0,0,0,0,0,0,0,0,0,0,,0,0,0,0,0,0,0,0,0,0,0,0,0,0,0,0,0,0,0,0,0,0,0,0,0,0,,,,0,,,,,,,,,0,0,0,,,,,,,,,,0,,,,,0,0,,,,0,,,,,0,0,,,,,,,,,,,,,,,,,,,,,,,,,,,,,,,,,,,,,,,,,,,,,,,,,,,,,,,,,,,,,,,,,,,,,,,,,,,,,,,,,,,,,,,,,,,,,,,,,,,,,,,,,,,,,,,,,,,,,,123.4244561
1/12/2025,60.432,0,415.48,17.496,14.43340238,211.5238192,7.819354838,5.548784415,7.56,4.426364928,,,,0,0,1.228124752,,1.352946656,,,0.36,0.0509,0.029137,,0,0.228041232,,0.193548386,0.24,,0.016577,0.124679054,,0.01003816,0.096774192,,,0.039935531,0.03474546,,0.03478199,,,0.00798,,,0.008140227,,,0.015143789,0.005229032,0.005670057,,0,0.0017,0.0018,0.00168,0.00172,,0.00166,0.00166,0.00166,0.00166,0.0017,0.00168,0.00166,0.00146,0.00134,0.00172,0.00132,,1.72E-06,,,,,8.60E-06,1.66E-06,0.000256559,,,,,,2.87E-06,0,,,,0.000085,0.00013205,0.000001559,7.52E-05,,0.002434454,8.98E-06,,9.07E-06,1.81E-06,1.70E-06,,,0.0000035,,1.67E-06,,0.00000352,3.98E-06,7.88E-06,,,,,7.29E-06,0.0000075,6.12E-06,,,,,,,,,,,,,,,,,,,,,,,,,,,,,,,,,,,,,,,,,,,,,,,,,,,,1.26E-08,1.26E-08,1.26E-08,,1.26E-08,1.26E-08,2.51E-08,,1.26E-08,,1.26E-08,1.26E-08,1.26E-08,1.26E-08,1.26E-08,1.26E-08,,,,,,7.40E-09,,6.30E-09,,,,,,,,,,,,,,3.70E-09,,,,,,,,,,,,,,,,0,0,0,0,0,0,0,0,0,0,0,0,0,0,0,0,0,,0,0,0,0,0,0,0,0,0,0,0,0,0,0,0,0,0,0,0,0,0,0,0,0,0,,,,,,0,,,,,,,,,0,0,,,,,,,,,,0,,,,,0,,,,,0,,,0,,,,,,,,,,,,,,,,,,,,,,,,,,,,,,,,,,,,,,,,,,,,,,,,,,,,,,,,,,,,,,,,,,,,,,,,,,,,,,,,,,,,,,,,,,,,,,,,,,,,,,,,,,,,,,,,,,,,,,,,,748.8296012
2/12/2025,60.432,0,,17.496,14.43340238,,7.819354838,5.548784415,7.56,4.426364928,,,,0,0,1.353249239,,1.352871897,,,0.36,0.05374,0.024962,,0,0.228041232,,0.193548386,0.24,,0.017787,0.124679054,,0.00890912,0.096774192,,,0.016324245,0.03520762,,0.034318541,,,0.00562,,,0.005943318,,,0.015157391,0.005229032,0.00208693,,0,0.0019,0.00192,0.00194,0.00186,,0.00188,0.00192,0.0019,0.00188,0.00162,0.002,0.00176,0.00182,0.00192,0.00192,0.00188,,2.09E-06,,,,,8.81E-05,3.27E-06,2.59E-06,,,,,,1.99E-06,0,,,,0.00008,9.71E-05,0.000001917,7.52E-05,,2.19E-05,8.23E-06,,9.76E-06,1.92E-06,3.72E-05,,,,,3.33E-06,,0.0000022,2.08E-06,0.000007306,,,,,7.29E-06,0.0000075,6.14E-06,,,,,,,,,,,,,,,,,,,0.0000004,,,,,,,,,,,,,,,,,,,,,,,,,,,,,,,,,1.26E-08,1.26E-08,1.26E-08,,1.26E-08,1.26E-08,1.26E-08,,1.26E-08,,1.26E-08,,,1.26E-08,1.26E-08,1.26E-08,1.26E-08,1.26E-08,,,,2.95E-08,,6.30E-09,,,,,,,,,,,,,,,,,,,,,,,,,,,,,,0,0,0,0,0,0,0,0,0,0,0,0,0,0,0,0,0,,0,0,0,0,0,0,0,0,0,0,0,0,0,0,0,0,0,0,0,0,0,0,0,0,0,,,,,,,,,,,,,,,0,0,,,,,,,,,,0,,,,,0,,,,,0,0,,,,,,,,,,,,,,,,,,,,,,,,,,,,,,,,,,,,,,,,,,,,,,,,,,,,,,,,,,,,,,,,,,,,,,,,,,,,,,,,,,,,,,,,,,,,,,,,,,,,,,,,,,,,,,,,,,,,,,,,,,,121.9189435
3/12/2025,60.432,0,,17.496,14.43340238,,7.819354838,5.548784415,7.56,4.426364928,,,,0,0,1.353369841,,1.352871897,,,0.36,0.06874,0.022346,,0,0.228041232,,0.193548386,0.24,,0.018898,0.124679054,,0.00780912,0.096774192,,,0.015796082,0.035785862,,0.033271,,,0.0203,,,0.003084928,,0.0000175,0.015170126,0.005229032,0.000678563,,0,0.00216,0.0022,0.0023,0.00204,,0.00228,0.00218,0.00208,0.00208,0.00212,0.00214,0.00214,0.00214,0.00194,0.00192,0.0022,,1.57E-06,,,,,0.00012293,1.60E-06,3.88E-05,,,,,,0.000001612,0,,,,0.00018,2.92E-05,2.16E-06,7.52E-05,,0.003038074,7.85E-06,,1.12E-05,1.61E-06,1.62E-06,,,0.0000245,,1.65E-06,,,0.000001559,7.28E-06,,,,,7.29E-06,0.0000075,6.12E-06,,,,,,0.000000003,,,,7.70E-09,,,,,,,,,0.0000004,,,,,,,,9.38E-07,,,,,,,,,,,,,,,,,,,,,,,,1.14E-08,1.26E-08,1.26E-08,1.26E-08,,1.26E-08,1.26E-08,1.26E-08,,1.26E-08,,1.26E-08,1.26E-08,1.26E-08,1.26E-08,1.26E-08,1.26E-08,,1.26E-08,,,,1.85E-08,,6.30E-09,,,,,,,,,,,,,,,,,,,,,,,,,,,,,,0,0,0,0,0,0,0,0,0,0,0,0,0,0,0,0,0,,0,0,0,0,0,0,0,0,0,0,0,0,0,0,0,0,0,0,0,0,0,0,0,0,0,,,,0,,,0,0,,,,,,,0,0,,,,,,,,,,0,,,,,0,,,,,0,,,,,,,,,,,,,,,,,,,,,,,,,,,,,,,,,,,,,,,,,,,,,,,,,,,,,,,,,,,,,,,,,,,,,,,,,,,,,,,,,,,,,,,,,,,,,,,,,,,,,,,,,,,,,,,,,,,,,,,,,,,,121.9478082
4/12/2025,60.432,0,,17.496,14.43340238,,7.819354838,5.548784415,7.56,4.426364928,,,,0,0,1.353489109,,1.352871897,,,0.36,0.06378,0.018229,,0,0.228041232,,0.193548386,0.24,,0.018744,0.124679054,,0.00609488,0.096774192,,,0.042703073,0.035785862,,0.033271,,,0.01996,,,0.010586979,,0.0000035,0.015181678,0.005229032,0.002586277,,0,0.00292,0.00288,0.00296,0.0024,,0.00288,0.00296,0.00274,0.0027,0.00238,0.00272,0.0027,0.00286,0.00274,0.00236,0.00288,,1.79E-06,,,,,5.21E-05,1.24E-05,9.26E-05,,,,,,1.76E-06,0,,,,0.00018,0.000029441,0.00017169,7.52E-05,,1.79E-06,0.000007979,,0.000269656,1.79E-06,1.70E-06,,,0.0000315,,1.79E-06,,,0.000001778,6.71E-06,,,,,7.29E-06,0.0000075,0.000006124,,,,,,,,,,,,,,,,,,,0.0000008,,,,,,,,9.85E-07,,,,,,,,,,,,,,,,,,,,,,,,,2.52E-08,1.26E-08,1.26E-08,,1.26E-08,1.26E-08,1.26E-08,,1.26E-08,,1.26E-08,1.26E-08,,1.26E-08,1.26E-08,1.26E-08,1.26E-08,1.26E-08,,,,2.95E-08,,6.30E-09,,,,,,,,,,,,,,,,,,,,,,,,,,,,,,0,0,0,0,0,0,0,0,0,0,0,0,0,0,0,0,0,,0,0,0,0,0,0,0,0,0,0,0,0,0,0,0,0,0,0,0,0,0,0,0,0,0,,,,,,,,,,,,,,,0,0,,,,,,,,,,0,,,,,0,,,,,0,,0,,0,,,,,,,,,,,,,,,,,,,,,,,,,,,,,,,,,,,,,,,,,,,,,,,,,,,,,,,,,,,,,,,,,,,,,,,,,,,,,,,,,,,,,,,,,,,,,,,,,,,,,,,,,,,,,,,,,,,,,,,,121.9795103
5/12/2025,60.432,0,,17.496,14.43340238,,7.819354838,5.548784415,7.56,4.426364928,,,,0,0,1.353610343,,1.352871897,,,0.36,0.05152,0.021345,,0,0.228041232,,0.193548386,0.24,,0.016423,0.124679054,,0.007898,0.096774192,,,0.073980698,0.035785862,,0.033271,,,0.0114,,,0.012072792,,,0.01519406,0.005229032,0.002311875,,0,0.00208,0.00208,0.0021,0.00202,,0.00206,0.00208,0.00208,0.00204,0.00206,0.00208,0.00208,0.00202,0.00192,0.00214,0.00208,,1.81E-06,,,,,5.74E-06,2.29E-05,0.002413582,,,,,,1.83E-06,0,,,,0.000115,2.87E-05,4.44E-05,7.52E-05,,1.82E-06,6.97E-05,,0.000009135,1.83E-06,1.87E-06,,,0.0000035,,1.87E-06,,,1.73E-06,7.86E-06,,,,,7.29E-06,0.0000075,6.12E-06,,,,,,,,,,,,,,,,,,,,,,,,,,,9.87E-08,,,,,,,,,,,,,,,,,,,,,0,,,7.70E-09,1.26E-08,1.26E-08,1.26E-08,,2.51E-08,1.26E-08,2.51E-08,,1.26E-08,,1.26E-08,1.26E-08,1.26E-08,1.26E-08,1.26E-08,1.26E-08,1.26E-08,1.26E-08,,,,2.96E-08,,6.30E-09,,,,,,,,,,,,,,,,,,,,,,,,,,,,,,0,0,0,0,0,0,0,0,0,0,0,0,0,0,0,0,0,,0,0,0,0,0,0,0,0,0,0,0,0,0,0,0,0,0,0,0,0,0,0,0,0,0,,,,,,,,0,,,,,,,0,0,,,,,,,,,,0,,,,,0,,,,,0,,,,,,,,,,,,,,,,,,,,,,,,,,,,,,,,,,,,,,,,,,,,,,,,,,,,,,,,,,,,,,,,,,,,,,,,,,,,,,,,,,,,,,,,,,,,,,,,,,,,,,,,,,,,,,,,,,,,,,,,,,,,121.9856128
6/12/2025,60.432,0,,17.496,14.43340238,,7.819354838,5.548784415,7.56,4.426364928,,,,0,0,1.373910879,,1.352871897,,,0.36,0.04936,0.015222,,0,0.228041232,,0.193548386,0.24,,0.0159445,0.124679054,,0.00550044,0.096774192,,,0.073486244,0.035785862,,0.033271,,,0.00508,,,0.00387698,,,0.015205109,0.005229032,0.002881456,,0,0.00188,0.00196,0.00194,0.00186,,0.00184,0.00184,0.00188,0.00188,0.00166,0.00162,0.00164,0.0017,0.00184,0.00192,0.00182,,1.73E-06,,,,,0.000013695,0.002596371,0.00026316,,,,,,0.000400916,0,,,,0.000085,0.000257483,1.73E-06,7.52E-05,,1.77E-06,0.000007946,,9.68E-06,0.000001787,0.002897944,,,,,1.69E-06,,,1.73E-06,0.000007293,,,,,7.29E-06,7.50E-06,0.000006147,,,,,,,,,,,,,,,,,,,,,,,,,,,,,,,,,,,,,,,,,,,,,,,,,,,7.70E-09,1.26E-08,1.26E-08,1.26E-08,,1.26E-08,1.26E-08,1.26E-08,,1.26E-08,,1.26E-08,1.26E-08,1.26E-08,,1.26E-08,1.26E-08,1.26E-08,1.26E-08,,,,1.48E-08,,6.30E-09,,,,,,,,,,,,,,,,,,,,,,,,,,,,,,0,0,0,0,0,0,0,0,0,0,0,0,0,0,0,0,0,,0,0,0,0,0,0,0,0,0,0,0,0,0,0,0,0,0,0,0,0,0,0,0,0,0,,,,,,,,0,,,,,,,0,0,,,,,,,,,,0,,,,,0,,,,,0,,,,,,,,,,,,,,,,,,,,,,,,,,,,,,,,,,,,,,,,,,,,,,,,,,,,,,,,,,,,,,,,,,,,,,,,,,,,,,,,,,,,,,,,,,,,,,,,,,,,,,,,,,,,,,,,,,,,,,,,,,,,121.9805011
7/12/2025,60.432,0,,17.496,14.43340238,,7.819354838,5.548784415,7.56,4.426364928,,,,0,0,1.384736401,,1.352871897,,,0.36,0.05422,0.016244,,0,0.228041232,,0.193548386,0.24,,0.0174295,0.124679054,,0.00569976,0.096774192,,,0.074358279,0.03599301,,0.032895733,,,0.00628,,,0.003974916,,,0.015217082,0.005229032,0.000537448,,0,0.00236,0.00236,0.0024,0.00238,,0.00234,0.00242,0.00244,0.00246,0.00246,0.00232,0.0024,0.00236,0.00234,0.00236,0.00206,,1.98E-06,,,,,8.24E-05,2.04E-06,0.000211092,,,,,,2.04E-06,0,,,,0.00008,2.78E-05,7.58E-05,7.52E-05,,0.002309704,9.44E-05,,1.04E-05,2.10E-06,2.05E-06,,,,,2.79E-06,,,0.000006142,6.44E-06,,,,,0.000007023,7.23E-06,5.85E-06,,,,,,,,,,,,,,,,,,,,,,,,,,,,,,,7.30E-09,,,,,,,,,,,,,,,,,,,,,1.26E-08,1.26E-08,1.26E-08,,1.26E-08,1.26E-08,1.26E-08,,1.26E-08,,1.26E-08,1.26E-08,1.26E-08,1.26E-08,1.26E-08,1.26E-08,1.26E-08,,,,,2.22E-08,,6.30E-09,,,,,,,,,,,,,,,,,,,,,,,,,,,,,,0,0,0,0,0,0,0,0,0,0,0,0,0,0,0,0,0,,0,0,0,0,0,0,0,0,0,0,0,0,0,0,0,0,0,0,0,0,0,0,0,0,0,,,0,,,,,,,,,,,,0,0,,,,,,,,,,0,,,,,0,,,,,0,,,,,,,,,,,,,,,,,,,,,,,,,,,,,,,,,,,,,,,,,,,,,,,,,,,,,,,,,,,,,,,,,,,,,,,,,,,,,,,,,,,,,,,,,,,,,,,,,,,,,,,,,,,,,,,,,,,,,,,,,,,,122.0031093
8/12/2025,60.432,0,,17.496,14.43340238,,7.819354838,5.548784415,7.56,4.426364928,,,,0,0,1.384863971,,1.35338877,,,0.36,0.05392,0.02867,,0,0.228041232,,0.193548386,0.24,,0.0178035,0.124679054,,0.01065504,0.096774192,,,0.047447852,0.034566441,,0.032895733,,,0.00576,,,0.004502187,,,0.015229346,0.005229032,0.000621412,,0,0.00248,0.00224,0.00236,0.00244,,0.00236,0.00234,0.00234,0.00234,0.00236,0.00212,0.00224,0.00232,0.00246,0.00234,0.00232,,0.00000176,,,,,2.00E-05,1.69E-06,1.86E-05,,,,,,1.74E-06,0,,,,0.00008,9.59E-05,6.99E-06,7.52E-05,,1.72E-06,4.86E-06,,5.46E-06,1.78E-06,1.59E-06,,,,,1.85E-06,,,1.73E-06,3.64E-06,,,,,3.64E-06,0.00000375,3.08E-06,,,,,,,,,,7.70E-09,,,,,,,,,,,,,,,,,,,,,,,,,,,,,,,,,,,,,,,,,,1.26E-08,1.26E-08,1.26E-08,,1.26E-08,1.26E-08,1.26E-08,,1.26E-08,,1.26E-08,1.26E-08,1.26E-08,1.26E-08,1.26E-08,,1.26E-08,1.26E-08,,,,1.11E-08,,6.30E-09,,,,,,,,,,,,,,,,,,,,,,,,,,,,,,0,0,0,0,0,0,0,0,0,0,0,0,0,0,0,0,0,,0,0,0,0,0,0,0,0,0,0,0,0,0,0,0,0,0,0,0,0,0,0,0,0,0,,,,,,,0,,,,,,,,0,0,,,,,,,,,,0,,,,,0,,,,,0,,,,,,,,,,,,,,,,,,,,,,,,,,,,,,,,,,,,,,,,,,,,,,,,,,,,,,,,,,,,,,,,,,,,,,,,,,,,,,,,,,,,,,,,,,,,,,,,,,,,,,,,,,,,,,,,,,,,,,,,,,,,121.9898979
9/12/2025,60.432,0,,17.496,14.43340238,,7.819354838,5.548784415,7.56,4.426364928,,,,0,0,1.385002665,,1.353883397,,,0.36,0.0634,0.024085,,0,0.228041232,,0.193548386,0.24,,0.0213235,0.124679054,,0.00854656,0.096774192,,,0.015565021,0.03320127,,0.032895733,,,0.01166,,,0.011824757,,,0.015243396,0.005229032,0.000508051,,0,0.00214,0.00222,0.00214,0.0022,,0.00224,0.00214,0.00218,0.0021,0.00212,0.00218,0.00216,0.00212,0.00182,0.0021,0.00206,,1.79E-06,,,,,1.93E-05,0.000001752,0.000139173,,,,,,0.000002901,0,,,,0.00013,2.85E-05,9.53E-06,7.52E-05,,9.32E-06,5.58E-06,,6.27E-06,1.92E-06,0.000001778,,,0.000007,,1.81E-06,,,0.000001778,4.50E-06,,,,,3.91E-06,4.02E-06,3.33E-06,,,,,,,,,,,,,,,,,,,,,,,,,,,4.94E-07,,,,,,,,,,,,,,,,,,,,,,,,,1.26E-08,1.26E-08,1.26E-08,,1.26E-08,1.26E-08,1.26E-08,,1.26E-08,,1.26E-08,1.26E-08,1.26E-08,1.26E-08,1.26E-08,1.26E-08,,,,,,2.59E-08,,6.30E-09,,,,,,,,,,,,,,,,,,,,,,,,,,,,,,0,0,0,0,0,0,0,0,0,0,0,0,0,0,0,0,0,,0,0,0,0,0,0,0,0,0,0,0,0,0,0,0,0,0,0,0,0,0,0,0,0,0,,,,,,,,,,0,,,,,0,0,,,,,,,,,,0,,,,,0,,,,,0,,,,,,,,,,,,,,,,,,,,,,,,,,,,,,,,,,,,,,,,,,,,,,,,,,,,,,,,,,,,,,,,,,,,,,,,,,,,,,,,,,,,,,,,,,,,,,,,,,,,,,,,,,,,,,,,,,,,,,,,,,,,121.9736979
10/12/2025,60.432,0,,17.496,14.43340238,,7.819354838,5.548784415,7.56,4.426364928,,,,0,0,1.385138425,,1.353974836,,,0.36,0.05248,0.020337,,0,0.228041232,,0.193548386,0.24,,0.018612,0.124679054,,0.00733568,0.096774192,,,0.014919785,0.032948897,,0.032895733,,,0.01058,,,0.008133712,,,0.01525645,0.005229032,0.000989917,,0,0.00202,0.00192,0.00196,0.002,,0.00192,0.00192,0.00192,0.00194,0.00174,0.00196,0.0018,0.00198,0.00198,0.00208,0.00194,,4.88E-06,,,,,0.00323551,0.000001997,1.25E-05,,,,,,3.09E-06,0,,,,0.0001,3.90E-05,4.27E-06,7.52E-05,,2.01E-06,8.04E-06,,1.01E-05,0.000002054,2.71E-06,,,,,1.92E-06,,,1.94E-06,6.71E-06,,,,,7.29E-06,0.0000075,6.12E-06,,,,,,,,,,,,,,,,,,,,,,,,,,,,,,,,,,,,,,,,,,,,,,,,,,,7.70E-09,1.26E-08,1.26E-08,1.26E-08,,1.26E-08,1.26E-08,1.26E-08,,1.26E-08,,1.26E-08,1.26E-08,,1.26E-08,2.51E-08,1.26E-08,1.26E-08,1.26E-08,,,,7.40E-09,,6.30E-09,,,,,,,,,,,,,,,,,,,,,,,,,,,,,,0,0,0,0,0,0,0,0,0,0,0,0,0,0,0,0,0,,0,0,0,0,0,0,0,0,0,0,0,0,0,0,0,0,0,0,0,0,0,0,0,0,0,,,,,,,,0,,,,,,,0,0,,,,,,,,,,0,,,,,0,,,,,0,,,,,,,,,,,,,,,,,,,,,,,,,,,,,,,,,,,,,,,,,,,,,,,,,,,,,,,,,,,,,,,,,,,,,,,,,,,,,,,,,,,,,,,,,,,,,,,,,,,,,,,,,,,,,,,,,,,,,,,,,,,,121.9503939
11/12/2025,60.432,0,,17.496,14.43340238,,7.819354838,5.548784415,7.56,4.426364928,,,,0,0,1.385268213,,1.353974836,,,0.36,0.05264,0.019919,,0,0.228041232,,0.193548386,0.24,,0.017028,0.124679054,,0.00714472,0.096774192,,,0.042753036,0.032982996,,0.032833959,,,0.00578,,,0.003516492,,0.0000035,0.015267336,0.005229032,0.00058944,,0,0.00202,0.00202,0.00198,0.002,,0.00198,0.00196,0.00198,0.00188,0.00204,0.00214,0.002,0.00188,0.00202,0.00194,0.00198,,0.00000317,,,,,0.000047279,0.00010874,7.77E-05,,,,,,1.83E-06,0,,,,0.0001,0.000028892,0.000086519,7.52E-05,,1.95E-06,8.11E-06,,1.68E-05,1.83E-06,1.87E-06,,,,,1.83E-06,,0.00000176,1.89E-06,7.29E-06,,,,,7.29E-06,0.0000075,0.000006124,,,,,,,,,,,,,,,,,,,,,,,,,,,1.48E-07,,,,,,,,,,,,,,,,,,,,,,,,,1.26E-08,1.26E-08,1.26E-08,,1.26E-08,1.26E-08,1.26E-08,,1.26E-08,,,1.26E-08,1.26E-08,1.26E-08,2.51E-08,1.26E-08,1.26E-08,1.26E-08,,,,2.59E-08,,6.30E-09,,,,,,,,,,,,,,,,,,,,,,,,,,,,,,0,0,0,0,0,0,0,0,0,0,0,0,0,0,0,0,0,,0,0,0,0,0,0,0,0,0,0,0,0,0,0,0,0,0,0,0,0,0,0,0,0,0,,,,,,,,,,,,,,,0,0,,,,,,,,,,0,,,,,0,,,,,0,,,,,,,,,,,,,,,,,,,,,,,,,,,,,,,,,,,,,,,,,,,,,,,,,,,,,,,,,,,,,,,,,,,,,,,,,,,,,,,,,,,,,,,,,,,,,,,,,,,,,,,,,,,,,,,,,,,,,,,,,,,,121.964294
12/12/2025,60.432,0,,17.496,14.43340238,,7.819354838,5.548784415,7.56,4.426364928,,,,0,0,1.385409561,,1.359248771,,,0.36,0.05646,0.015706,,0,0.228041232,,0.193548386,0.24,,0.0172975,0.124679054,,0.00520652,0.096774192,,,0.074545353,0.018462362,,0.032769782,,,0.00658,,,0.003131911,,0.0000035,0.015281661,0.005229032,0.001137978,,0,0.00222,0.00222,0.00222,0.0022,,0.0022,0.0022,0.0022,0.0022,0.00226,0.00184,0.00222,0.00214,0.0022,0.00222,0.00196,,3.07E-06,,,,,6.72E-06,1.92E-06,0.000147947,,,,,,1.95E-06,0,,,,0.0001,9.67E-05,1.97E-06,7.52E-05,,1.95E-06,8.18E-06,,1.11E-05,2.06E-06,1.25E-05,,,,,1.98E-06,,,1.95E-06,7.29E-06,,,,,7.28E-06,0.0000075,6.12E-06,,,,,,,,,,,,,,,,,,,0.0000004,,,,,,,,9.87E-08,,,,,,,,,,,,,,,,,,,,,,,,,2.68E-08,1.26E-08,1.26E-08,,1.26E-08,1.26E-08,1.26E-08,,1.26E-08,,1.26E-08,1.26E-08,1.26E-08,1.26E-08,1.26E-08,,1.26E-08,,,,,2.22E-08,,6.30E-09,,,,,,,,,,,,,,,,,,,,,,,,,,,,,,0,0,0,0,0,0,0,0,0,0,0,0,0,0,0,0,0,,0,0,0,0,0,0,0,0,0,0,0,0,0,0,0,0,0,0,0,0,0,0,0,0,0,,,,,,,,,,0,,,,,0,0,,,,,,,,,,0,,,,,0,,,,,0,,,,,,,,,,,,,,,,,,,,,,,,,,,,,,,,,,,,,,,,,,,,,,,,,,,,,,,,,,,,,,,,,,,,,,,,,,,,,,,,,,,,,,,,,,,,,,,,,,,,,,,,,,,,,,,,,,,,,,,,,,,,121.9884235
13/12/2025,60.432,0,,17.496,14.43340238,,7.819354838,5.548784415,7.56,4.426364928,,,,0,0,1.385538948,,1.359248771,,,0.36,0.05184,0.01323,,0,0.228041232,,0.193548386,0.24,,0.017094,0.124679054,,0.0045188,0.096774192,,,0.073467418,0.018462362,,0.032769782,,,0.0058,,,0.004475428,,,0.015292973,0.005229032,0.001286477,,0,0.00228,0.00226,0.00224,0.00226,,0.00222,0.00222,0.00222,0.00224,0.00222,0.00228,0.0023,0.00216,0.00208,0.00222,0.00224,,1.65E-06,,,,,7.46E-05,1.72E-06,7.85E-05,,,,,,2.29E-06,0,,,,0.00008,0.000115734,1.10E-05,7.52E-05,,1.70E-06,0.000007967,,8.56E-06,1.82E-06,1.73E-06,,,,,1.78E-06,,,1.65E-06,7.30E-06,,,,,7.29E-06,0.0000075,5.54E-06,,,,,,,,,,,,,,,,,,,,,,,,,,,,,,,,,,,,,,,,,,,,,,,,,,,,1.26E-08,1.26E-08,1.26E-08,,1.26E-08,1.26E-08,1.26E-08,,1.26E-08,,1.26E-08,1.26E-08,1.26E-08,1.26E-08,1.26E-08,1.26E-08,,1.26E-08,,,,2.58E-08,,6.30E-09,,,,,,,,,,,,,,,,,,,,,,,,,,,,,,0,0,0,0,0,0,0,0,0,0,0,0,0,0,0,0,0,,0,0,0,0,0,0,0,0,0,0,0,0,0,0,0,0,0,0,0,0,0,0,0,0,0,,,,,,,,,,,,,,,0,0,,,,,,,,,,0,,,,,0,0,,,,0,0,0,,,,,,,,,,,,,,,,,,,,,,,,,,,,,,,,,,,,,,,,,,,,,,,,,,,,,,,,,,,,,,,,,,,,,,,,,,,,,,,,,,,,,,,,,,,,,,,,,,,,,,,,,,,,,,,,,,,,,,,,,,121.9811371
14/12/2025,60.432,0,,17.496,14.43077888,,7.819354838,5.548784415,7.56,4.593725502,,,,0,0,1.385663807,,1.359248771,,,0.36,0.05608,0.013827,,0,0.228041232,,0.193548386,0.24,,0.017347,0.124679054,,0.00479028,0.096774192,,,0.073651244,0.018462362,,0.032769782,,,0.00596,,,0.007954622,,0.000035,0.015304184,0.005229032,0.003707311,,0,0.0024,0.00238,0.00236,0.00234,,0.00236,0.00234,0.0023,0.0023,0.00236,0.00236,0.00224,0.00228,0.00236,0.00236,0.00234,,2.08E-06,,,,,9.90E-05,2.04E-06,4.68E-06,,,,,,0.000175032,0,,,,0.000085,2.73E-05,7.57E-05,7.52E-05,,2.19E-06,8.29E-06,,0.000009497,0.000002132,2.04E-06,,,,,2.47E-06,,,1.96E-06,7.29E-06,,,,,7.29E-06,0.0000075,6.71E-06,,,,,,,,,,7.70E-09,,,,,,,,,,,,,,,,,,,,0.000000004,,,,,,,,6.52E-06,,,,,,,,,,,,,,1.26E-08,1.26E-08,1.26E-08,,1.26E-08,1.26E-08,1.26E-08,,1.26E-08,,1.26E-08,1.26E-08,1.26E-08,1.26E-08,1.26E-08,1.26E-08,1.26E-08,1.26E-08,,,,2.96E-08,,6.30E-09,,,,,,,,,,,,,,,,,7.30E-09,,,,,,,,,,,,,0,0,0,0,0,0,0,0,0,0,0,0,0,0,0,0,0,,0,0,0,0,0,0,0,0,0,0,0,0,0,0,0,0,0,0,0,0,0,0,0,0,0,,,,,,,0,,,,0,,,,0,0,,,,,,,,,,0,0,,,,0,,,,,0,,,,,,,0,,,,,,,,,,,,,,,,,,,,,,,,,,,,,,,,,,,,,,,,,,,,,,,,,,,,,,,,,,,,,,,,,,,,,,,,,,,,,,,,,,,,,,,,,,,,,,,,,,,,,,,,,,,,,,,,,,,,,122.1594072
15/12/2025,60.432,0,,17.496,14.40776926,,7.819354838,5.548784415,7.56,5.533366843,,,,0,0,1.385799092,,1.35925992,,,0.36,0.0607,0.02819,,0,0.228041232,,0.193548386,0.24,,0.019206,0.124679054,,0.01065768,0.096774192,,,0.047896289,0.023005859,,0.024483067,,,0.01262,,,0.008177003,,0.0000035,0.01531689,0.005229032,0.0042238,,0,0.00246,0.00242,0.00238,0.00244,,0.00242,0.00238,0.00242,0.0024,0.00242,0.00244,0.00236,0.00234,0.00232,0.00246,0.00212,,1.95E-06,,,,,1.29E-05,2.04E-06,1.98E-05,,,,,,2.00E-06,0,,,,0.000115,0.000136117,0.000001997,7.52E-05,,0.000001997,9.87E-06,,9.28E-06,1.83E-06,2.04E-06,,,,,1.99E-06,,0.0000132,0.000001997,7.29E-06,,,,,7.29E-06,0.0000075,6.12E-06,,,,,,0.000000003,,,,,,,,,,,,,,,,,,,,,2.47E-07,,,,,,,,,,,7.70E-09,,,,,,,,,,,,,,1.39E-08,1.26E-08,1.26E-08,,1.26E-08,1.26E-08,1.26E-08,,1.26E-08,,1.26E-08,1.26E-08,1.26E-08,1.26E-08,1.26E-08,1.26E-08,1.26E-08,,,,,1.11E-08,,6.30E-09,,,,,,,,,,,,,,,,,,,,,,,,,,,,,,0,0,0,0,0,0,0,0,0,0,0,0,0,0,0,0,0,,0,0,0,0,0,0,0,0,0,0,0,0,0,0,0,0,0,0,0,0,0,0,0,0,0,,,,0,,,,,,,0,,,,0,0,,,,,,,,,,0,,,,,0,,,,,0,,,,,,,,,,,,,,,,,,,,,,,,,,,,,,,,,,,,,,,,,,,,,,,,,,,,,,,,,,,,,,,,,,,,,,,,,,,,,,,,,,,,,,,,,,,,,,,,,,,,,,,,,,,,,,,,,,,,,,,,,,,,123.0813043
16/12/2025,60.432,0,,17.496,14.40776926,,7.819354838,5.548784415,7.56,5.533366843,,,,0,0,1.385965314,,1.359749452,,,0.36,0.0756,0.033386,,0,0.228041232,,0.193548386,0.24,,0.061226,0.124679054,,0.00905432,0.096774192,,,0.01544349,0.020562383,,0.02646199,,,0.02208,,,0.007984679,,,0.015332766,0.005229032,0.00181753,,0,0.0023,0.00228,0.00228,0.00218,,0.00228,0.00226,0.00232,0.00222,0.00226,0.00206,0.0021,0.00216,0.00226,0.0023,0.0022,,2.91E-06,,,,,0.000115439,1.87E-06,5.04E-06,,,,,,3.24E-06,0,,,,0.000135,2.83E-05,1.73E-06,7.52E-05,0.000173709,1.96E-05,8.88E-06,,9.20E-06,2.65E-06,4.78E-06,,,0.0000035,,1.79E-06,,,1.88E-06,7.29E-06,,,,,7.29E-06,0.0000075,6.12E-06,,,,,,,,,,,,,,,,,,,,,,,,,,,0.000000395,,,,,,,,,,,,,,,,,,,,,,,,,1.26E-08,1.26E-08,1.26E-08,,1.26E-08,1.26E-08,1.26E-08,,1.26E-08,,1.26E-08,1.26E-08,1.26E-08,1.26E-08,2.51E-08,1.26E-08,1.26E-08,1.26E-08,,,,2.22E-08,,6.30E-09,,,,,,,,,,,,,,,,,,,,,,,,,,,,,,0,0,0,0,0,0,0,0,0,0,0,0,0,0,0,0,0,,0,0,0,0,0,0,0,0,0,0,0,0,0,0,0,0,0,0,0,0,0,0,0,0,0,0,,,,,,,,,,,,,,0,0,,,,,,,,,,0,,,,,0,,,,,0,,,,,,,,,,,,,,,,,,,,,,,,,,,,,,,,,,,,,,,,,,,,,,,,,,,,,,,,,,,,,,,,,,,,,,,,,,,,,,,,,,,,,,,,,,,,,,,,,,,,,,,,,,,,,,,,,,,,,,,,,,,,123.1142948
17/12/2025,60.432,0,,17.496,14.40776926,,7.819354838,5.548784415,7.56,5.533366843,,,,0,0,1.386121429,,1.360155362,,,0.36,0.05706,0.042551,,0,0.228041232,,0.193548386,0.24,,0.0190795,0.124679054,,0.01703944,0.092741934,,,0.014623473,0.019442071,,0.02646199,,,0.00544,,,0.005882566,,0.0000035,0.015345002,0.005229032,0.000719127,,0,0.00208,0.00202,0.00208,0.00198,,0.00202,0.00204,0.00202,0.002,0.002,0.00178,0.002,0.00194,0.00204,0.002,0.002,,0.000001997,,,,,1.18E-05,2.07E-06,0.00000464,,,,,,3.09E-06,0,,,,0.00009,2.87E-05,7.69E-05,7.52E-05,,1.95E-06,8.23E-06,,9.31E-06,2.05E-06,1.90E-06,,,,,5.01E-06,,0.00001012,1.84E-06,7.29E-06,,,,,7.29E-06,0.0000075,6.12E-06,,,,,,,,,,7.70E-09,,,,,,,,,,,,,,,,,4.94E-08,,,,,,,,,,,,,,,,,,,,,,,,,1.26E-08,1.26E-08,1.26E-08,,2.51E-08,1.26E-08,1.26E-08,,1.26E-08,,1.26E-08,1.26E-08,1.26E-08,1.26E-08,1.26E-08,,1.26E-08,1.26E-08,,,,2.22E-08,,6.30E-09,,,,,,,,,,1.39E-07,,,,,,,,,,,,,,,,,,,,0,0,0,0,0,0,0,0,0,0,0,0,0,0,0,0,0,,0,0,0,0,0,0,0,0,0,0,0,0,0,0,0,0,0,0,0,0,0,0,0,0,0,,,,,,,0,,,,,,,,0,0,,,,,,,,,,0,,,,,0,,,,,0,,,,,,,,0,,,,,,,,,,,,,,,,,,,,,,,,,,,,,,,,,,,,,,,,,,,,,,,,,,,,,,,,,,,,,,,,,,,,,,,,,,,,,,,,,,,,,,,,,,,,,,,,,,,,,,,,,,,,,,,,,,,,123.041803
18/12/2025,60.432,0,,17.496,14.40776926,,7.819354838,5.548784415,7.56,5.533366843,,,,0,0,1.38628604,,1.360117693,,,0.36,0.05108,0.018744,,0,0.228041232,,0.193548386,0.24,,0.0179465,0.124679054,,0.0065846,0.096774192,,,0.041742022,0.019442071,,0.026650339,,,0.00544,,,0.013209893,,,0.015358801,0.005229032,0.000551669,,0,0.00206,0.0019,0.00198,0.00206,,0.00196,0.00206,0.002,0.00198,0.00198,0.0019,0.00198,0.00192,0.00172,0.00198,0.002,,1.68E-06,,,,,7.68E-06,2.92E-06,0.000121077,,,,,,6.18E-06,0,,,,0.000085,0.00024952,0.000101379,7.52E-05,,1.52E-06,8.01E-06,,9.10E-06,1.72E-06,1.77E-06,,,,,1.75E-06,,,0.000001778,7.28E-06,,,,,7.27E-06,7.49E-06,6.12E-06,,,,,,,,,,,,,,,,,,,,,,,,,,,,,,,,,,,,,,7.70E-09,,,,,,,,,,,,,7.70E-09,1.26E-08,1.26E-08,1.26E-08,,1.26E-08,2.51E-08,1.26E-08,,1.26E-08,,1.26E-08,1.26E-08,1.26E-08,1.26E-08,1.26E-08,1.26E-08,,1.26E-08,,,,1.48E-08,,6.30E-09,,,,,,,,,,,,,,,,,,,,,,,,,,,,,,0,0,0,0,0,0,0,0,0,0,0,0,0,0,0,0,0,,0,0,0,0,0,0,0,0,0,0,0,0,0,0,0,0,0,0,0,0,0,0,0,0,0,,,,,,,,0,,,0,,,,0,0,,,,,,,,,,0,,,,,0,,,,,0,,,,,,,,,,,,,,,,,,,,,,,,,,,,,,,,,,,,,,,,,,,,,,,,,,,,,,,,,,,,,,,,,,,,,,,,,,,,,,,,,,,,,,,,,,,,,,,,,,,,,,,,,,,,,,,,,,,,,,,,,,,,123.0388856
19/12/2025,60.432,0,,17.496,14.40776926,,7.819354838,5.548784415,7.56,5.533366843,,,,0,0,1.386444294,,1.360117693,,,0.36,0.0485,0.014037,,0,0.228041232,,0.193548386,0.24,,0.016016,0.124679054,,0.0049214,0.096774192,,,0.073383293,0.020801329,,0.024187915,,,0.00628,,,0.011201649,,,0.015370975,0.005229032,0.001474487,,0,0.00168,0.00164,0.00166,0.00168,,0.0017,0.00164,0.00164,0.00166,0.00144,0.00172,0.00152,0.00156,0.00168,0.00164,0.00166,,2.73E-06,,,,,7.16E-06,1.73E-06,0.000417931,,,,,,4.27E-06,0,,,,0.0001,3.04E-05,8.58E-06,7.52E-05,,1.72E-06,7.83E-06,,9.55E-06,1.83E-06,0.000001558,,,0.0000035,,1.65E-06,,,1.73E-06,7.29E-06,,,,,7.29E-06,0.0000075,6.12E-06,,,,,,,,,,,,,,,,,,,,,,,,,,,9.88E-08,,,,,,,,,,,,,,,,,,,,,,,,,1.26E-08,1.26E-08,1.26E-08,,1.26E-08,1.26E-08,1.26E-08,,1.26E-08,,1.26E-08,,1.26E-08,1.26E-08,1.26E-08,2.51E-08,1.26E-08,1.26E-08,,,,2.59E-08,,6.30E-09,,,,,,,,,,,,,,,,,,,,,,,,,,,,,,0,0,0,0,0,0,0,0,0,0,0,0,0,0,0,0,0,,0,0,0,0,0,0,0,0,0,0,0,0,0,0,0,0,0,0,0,0,0,0,0,0,0,,,,,,,,,,,,,,,0,0,,,,,,,,,,0,,,,,0,,,,,0,,,,,,,,,,,,,,,,,,,,,,,,,,,,,,,,,,,,,,,,,,,,,,,,,,,,,,,,,,,,,,,,,,,,,,,,,,,,,,,,,,,,,,,,,,,,,,,,,,,,,,,,,,,,,,,,,,,,,,,,,,,,123.0535092
20/12/2025,60.432,0,,17.496,14.40776926,,7.819354838,5.548784415,7.56,5.533366843,,,,0,0,1.386594973,,1.360117693,,,0.36,0.04964,0.013039,,0,0.228041232,,0.193548386,0.24,,0.0164065,0.124679054,,0.00459228,0.096774192,,,0.073394948,0.020801329,,0.024187915,,,0.0096,,,0.006220444,,,0.015382825,0.005229032,0.003079594,,0,0.00184,0.00184,0.00188,0.00176,,0.00178,0.00182,0.00178,0.00174,0.00182,0.00178,0.0018,0.00156,0.0018,0.00196,0.00176,,1.86E-06,,,,,0.000008046,0.000001778,0.000483642,,,,,,3.98E-06,0,,,,0.000095,0.000131148,1.60E-06,7.52E-05,,0.000001778,7.95E-06,,8.59E-06,1.74E-06,1.74E-06,,,,,1.60E-06,,,1.79E-06,7.29E-06,,,,,7.29E-06,7.50E-06,6.12E-06,,,,,,,,,,,,,,,,,,,,,,,,,,,,,,,,,,,,,,,,,,,,,,,,,,,7.70E-09,2.52E-08,1.26E-08,1.26E-08,,1.26E-08,1.26E-08,1.26E-08,,1.26E-08,,1.26E-08,1.26E-08,1.26E-08,1.26E-08,1.26E-08,1.26E-08,1.26E-08,1.26E-08,,,,2.59E-08,,6.30E-09,,,,,,,,,,,,,,,,,,,,,,,,,,,,,,0,0,0,0,0,0,0,0,0,0,0,0,0,0,0,0,0,,0,0,0,0,0,0,0,0,0,0,0,0,0,0,0,0,0,0,0,0,0,0,0,0,0,,,,,,,,0,,,,,,,0,0,,,,,,,,,,0,,,,,0,,,,0,0,,0,,,,,,,,,,,,,,,,,,,,,,,,,,,,,,,,,,,,,,,,,,,,,,,,,,,,,,,,,,,,,,,,,,,,,,,,,,,,,,,,,,,,,,,,,,,,,,,,,,,,,,,,,,,,,,,,,,,,,,,,,,123.0563807
21/12/2025,60.432,0,,17.496,14.40776926,,7.819354838,5.548784415,7.56,5.533366843,,,,0,0,1.386745723,,1.360117693,,,0.36,0.05114,0.013124,,0,0.228041232,,0.193548386,0.24,,0.016412,0.124679054,,0.0046244,0.096774192,,,0.073490347,0.020801329,,0.024187915,,,0.00468,,,0.006538296,,,0.015394327,0.005229032,0.000771755,,0,0.00216,0.0021,0.0021,0.00208,,0.00216,0.00218,0.0021,0.00218,0.00214,0.00174,0.0021,0.00202,0.00208,0.00214,0.00186,,1.82E-06,,,,,1.31E-05,0.000121343,7.88E-05,,,,,,1.83E-06,0,,,,0.00009,0.000126466,1.92E-06,7.52E-05,,1.95E-06,8.14E-06,,9.32E-06,1.96E-06,1.85E-06,,,,,1.95E-06,,,1.95E-06,7.29E-06,,,,,7.29E-06,0.0000075,6.12E-06,,,1.47E-08,,0.000000011,,,,,,,,,,,,,,0.0000004,,,,,,,,,,,,,,,,,,,,,,,,,,,,,,,,,1.26E-08,1.26E-08,1.26E-08,,1.26E-08,1.26E-08,1.26E-08,,1.26E-08,,1.26E-08,1.26E-08,1.26E-08,1.26E-08,1.26E-08,,1.26E-08,1.26E-08,,,,1.85E-08,,6.30E-09,,,,,,,,,,,,,,,,,,0.000000011,,,,,,,,,,,,0,0,0,0,0,0,0,0,0,0,0,0,0,0,0,0,0,,0,0,0,0,0,0,0,0,0,0,0,0,0,0,0,0,0,0,0,0,0,0,0,0,0,,,,,,,,,,,,,,0,0,0,,,,,,,,,,0,,,,,0,,,,,0,,,,,,,,,0,0,,,,,,,,,,,,,,,,,,,,,,,,,,,,,,,,,,,,,,,,,,,,,,,,,,,,,,,,,,,,,,,,,,,,,,,,,,,,,,,,,,,,,,,,,,,,,,,,,,,,,,,,,,,,,,,,,,123.0552815
22/12/2025,60.432,0,,17.496,14.40776926,,7.819354838,5.548784415,7.56,5.533366843,,,,0,0,1.386897407,,1.360789186,,,0.36,0.05058,0.013542,,0,0.228041232,,0.193548386,0.24,,0.0163405,0.124679054,,0.00460504,0.092741934,,,0.046559023,0.026329331,,0.010815953,,,0.00412,,,0.006248598,,,0.015406782,0.005229032,0.002225743,,0,0.0019,0.00176,0.00192,0.00196,,0.00194,0.0019,0.002,0.0019,0.00166,0.0019,0.00176,0.002,0.00196,0.002,0.00192,,1.75E-06,,,,,7.36E-06,0.000243678,7.27E-05,,,,,,8.25E-05,0,,,,0.00009,9.17E-05,1.92E-06,7.52E-05,,1.81E-06,8.86E-06,,1.24E-05,1.80E-06,1.82E-06,,,,,1.82E-06,,,1.87E-06,7.28E-06,,,,,7.29E-06,7.50E-06,6.12E-06,,,,,,,,,,,,,,,,,,,,,,,,,,,,,,,,,,,,,,,,,,,,,,,,,,,,1.26E-08,1.26E-08,1.26E-08,,1.26E-08,1.26E-08,2.51E-08,,1.26E-08,,1.26E-08,1.26E-08,,1.26E-08,1.26E-08,1.26E-08,1.26E-08,1.26E-08,,,,1.85E-08,,6.30E-09,,,,,,,,,,,,,,,,,,,,,,,,,,,,,,0,0,0,0,0,0,0,0,0,0,0,0,0,0,0,0,0,,0,0,0,0,0,0,0,0,0,0,0,0,0,0,0,0,0,0,0,0,0,0,0,0,0,,,,,,,,,,,,,,,0,0,,,,,,,,,,0,,,,,0,,,,,0,,,,,,,,,,,,,,,,,,,,,,,,,,,,,,,,,,,,,,,,,,,,,,,,,,,,,,,,,,,,,,,,,,,,,,,,,,,,,,,,,,,,,,,,,,,,,,,,,,,,,,,,,,,,,,,,,,,,,,,,,,,,123.0151803
23/12/2025,60.432,0.088600441,,17.496,14.40776926,,7.819354838,5.548784415,7.56,5.533366843,,,,0,0,1.387042187,,1.360789186,,,0.36,0.0506,0.014896,,0,0.228041232,,0.193548386,0.24,,0.01617,0.124679054,,0.00529584,0.096774192,,,0.014864618,0.026329331,,0.010815953,,,0.00334,,,0.006091682,,,0.015417209,0.005229032,0.000398737,,0,0.00182,0.00182,0.0018,0.00176,,0.00186,0.00176,0.00174,0.00174,0.00174,0.00166,0.00184,0.00158,0.00178,0.00178,0.00158,,0.000001533,,,,,3.44E-06,0.000257788,0.000127376,,,,,,9.80E-05,0,,,,0.000075,2.65E-05,0.000199616,7.52E-05,,1.82E-06,7.96E-06,,1.01E-05,1.64E-06,1.82E-06,,,,,1.77E-06,,,3.54E-06,7.29E-06,,,,,7.29E-06,0.0000075,4.96E-06,,,,,,,,,,,,,,,,,,,,,,,,,,,,,,,,,,,,,,,,,,,,,,,,,,,,1.26E-08,1.26E-08,1.26E-08,,1.26E-08,1.26E-08,2.51E-08,,1.26E-08,,1.26E-08,1.26E-08,1.26E-08,,1.26E-08,1.26E-08,,,,,,0.000000037,,6.30E-09,,,,,,,,,,,,,,,,,,,,,,,,,,,,,,0,0,0,0,0,0,0,0,0,0,0,0,0,0,0,0,0,,0,0,0,0,0,0,0,0,0,0,0,0,0,0,0,0,0,0,0,0,0,0,0,0,0,,,,,,,,,,,,,,,0,0,,,,,,,,,,0,,,,,0,,,,,0,,,,,,,,,,,,,,,,,,,,,,,,,,,,,,,,,,,,,,,,,,,,,,,,,,,,,,,,,,,,,,,,,,,,,,,,,,,,,,,,,,,,,,,,,,,,,,,,,,,,,,,,,,,,,,,,,,,,,,,,,,,,123.0733787
24/12/2025,60.432,0.50332164,,17.496,14.40776926,,7.819354838,5.548784415,7.56,5.533366843,,,,0,0,1.387194342,,1.361276604,,,0.36,0.05456,0.012931,,0,0.228041232,,0.193548386,0.24,,0.016918,0.124679054,,0.00407396,0.096774192,,,0.014672307,0.024984056,,0.010815953,,,0.0047,,,0.048752704,0,,0.015429719,0.005229032,0.000454584,,0,0.00232,0.00228,0.00232,0.00238,,0.00228,0.00232,0.00234,0.0022,0.00236,0.00236,0.00228,0.0023,0.00228,0.00228,0.00236,,2.01E-06,,,,,1.40E-05,0.000257886,0.000116911,,,,,,8.06E-06,0,,,,0.000095,2.76E-05,0.000320916,7.52E-05,,1.91E-06,8.13E-06,,1.12E-05,0.000005048,1.93E-06,,,,,1.81E-06,,0.00006116,1.95E-06,7.29E-06,,,,,7.29E-06,0.0000075,4.96E-06,,,,,,,,,,,,,,,,,,,,,,,,,,,,,,,,,,,,,,,,,,,,,,,,,,,,1.26E-08,1.26E-08,1.26E-08,,2.51E-08,1.26E-08,1.26E-08,,1.26E-08,,1.26E-08,1.26E-08,1.26E-08,1.26E-08,1.26E-08,1.26E-08,1.26E-08,1.26E-08,,,,3.33E-08,,6.30E-09,,,,,,,,,,,,,,,,,,,,,,,,,,,,,,0,0,0,0,0,0,0,0,0,0,0,0,0,0,0,0,0,,0,0,0,0,0,0,0,0,0,0,0,0,0,0,0,0,0,0,0,0,0,0,0,0,0,,,,,,,,,,0,,,,,0,0,,,,,,,,,,0,,,,,0,,,,,0,,,,,,,,,,,,,,,,,,,,,,,,,,,,,,,,,,,,,,,,,,,,,,,,,,,,,,,,,,,,,,,,,,,,,,,,,,,,,,,,,,,,,,,,,,,,,,,,,,,,,,,,,,,,,,,,,,,,,,,,,,,,123.5413301
25/12/2025,60.432,0.2233633,,17.496,14.40776926,,7.819354838,5.548784415,7.56,5.533366843,,,,0,0,1.387352366,,1.361192461,,,0.36,0.05488,0.01066,,0,0.228041232,,0.193548386,0.24,,0.0170115,0.124679054,,0.0035794,0.096774192,,,0.04121687,0.024984056,,0.011236668,,,0.01064,,,0.005605949,,,0.015442862,0.005229032,0.000429126,,0,0.00218,0.00228,0.00218,0.00218,,0.00218,0.00218,0.00222,0.00222,0.0022,0.00224,0.00222,0.00224,0.00212,0.00226,0.00208,,1.79E-06,,,,,9.45E-06,0.000342813,0.0028997,,,,,,2.08E-06,0,,,,0.000095,0.000206566,2.08E-06,7.52E-05,,2.04E-06,8.33E-06,,1.13E-05,2.06E-06,2.08E-06,,,,,2.08E-06,,,2.13E-06,7.29E-06,,,,,7.29E-06,0.0000075,6.12E-06,,,,,,,,,,,,,,,,,,,,,,,,,,,,,,,,,,,,,,7.70E-09,,,,,,,,,,,,,,2.69E-08,1.26E-08,1.26E-08,,1.26E-08,1.26E-08,1.26E-08,,1.26E-08,,1.26E-08,1.26E-08,1.26E-08,1.26E-08,1.26E-08,1.26E-08,,1.26E-08,,,,2.96E-08,,6.30E-09,,,,,,,,,,,,,,,,,,,,,,,,,,,,,,0,0,0,0,0,0,0,0,0,0,0,0,0,0,0,0,0,,0,0,0,0,0,0,0,0,0,0,0,0,0,0,0,0,0,0,0,0,0,0,0,0,0,,,,,,,,,,,0,,,,0,0,,,,,,,,,,0,,,,,0,0,,,,0,,,,,,,,,,,,,,,,,,,,,,,,,,,,,,,,,,,,,,,,,,,,,,,,,,,,,,,,,,,,,,,,,,,,,,,,,,,,,,,,,,,,,,,,,,,,,,,,,,,,,,,,,,,,,,,,,,,,,,,,,,,,123.249815
26/12/2025,60.432,0.385039553,,17.496,14.40776926,,7.819354838,5.548784415,7.56,5.533366843,,,,0,0,1.387503542,,1.361192461,,,0.36,0.0559,0.010729,,0,0.228041232,,0.193548386,0.24,,0.0175615,0.124679054,,0.00349624,0.096774192,,,0.072978327,0.024984056,,0.011236668,,,0.0058,,,0.008380169,,,0.015454958,0.005229032,0.000680275,,0,0.00226,0.00226,0.00224,0.00214,,0.0022,0.0022,0.00216,0.0022,0.00224,0.00232,0.00224,0.00206,0.00228,0.00212,0.0023,,1.97E-06,,,,,7.28E-06,0.000258295,6.91E-05,,,,,,5.54E-06,0,,,,0.00009,2.64E-05,2.13E-06,7.52E-05,,2.01E-06,8.49E-06,,9.59E-06,2.13E-06,2.23E-06,,,,,2.04E-06,,0.00008316,2.13E-06,7.29E-06,,,,,7.29E-06,0.0000075,6.12E-06,,,,,,,,,,,,,,,,,,,,,,,,,,,,,,,,,,,,,,,,,,,,,,,,,,,7.70E-09,1.26E-08,1.26E-08,1.26E-08,,1.26E-08,1.26E-08,2.51E-08,,1.26E-08,,1.26E-08,1.26E-08,1.26E-08,1.26E-08,1.26E-08,1.26E-08,1.26E-08,1.26E-08,,,,1.48E-08,,6.30E-09,,,,,,,,,,,,,,,,,,,,,,,,,,,,,,0,0,0,0,0,0,0,0,0,0,0,0,0,0,0,0,0,,0,0,0,0,0,0,0,0,0,0,0,0,0,0,0,0,0,0,0,0,0,0,0,0,0,,,,,,,,0,,,,,,,0,0,,,,,,,,,,0,,,,,0,,,,,0,,,,,,,,,,,,,,,,,,,,,,,,,,,,,,,,,,,,,,,,,,,,,,,,,,,,,,,,,,,,,,,,,,,,,,,,,,,,,,,,,,,,,,,,,,,,,,,,,,,,,,,,,,,,,,,,,,,,,,,,,,,,123.4403802
27/12/2025,60.432,0.281057996,,17.496,13.85712935,,7.819354838,5.548784415,7.56,5.302864351,,,,0,0,1.387649096,,1.360664305,,,0.36,0.05562,0.012279,,0,0.228041232,,0.193548386,0.24,,0.0209825,0.124679054,,0.00381084,0.092741934,,,0.073028464,0.024984056,,0.013877448,,,0.00658,,,0.008385059,,0.0000735,0.015466763,0.005229032,0.004334899,,0,0.00264,0.00148,0.0027,0.0027,,0.00262,0.00264,0.00268,0.00266,0.00262,0.00264,0.00256,0.00258,0.0027,0.00262,0.00232,,1.63E-06,,,,,7.92E-06,0.000257585,0.00007051,,,,,,2.63E-06,0,,,,0.000085,9.37E-05,1.85E-06,7.52E-05,,1.69E-06,7.92E-06,,0.000009887,1.85E-06,0.000001694,,,,,1.66E-06,,0.00001408,1.69E-06,7.29E-06,,,,,7.29E-06,7.50E-06,5.54E-06,,,,,,,,,,,,,,,,,,,,,,,,,,,,,,,,,,,,,,,,,,,,,,,,,,,,1.26E-08,1.26E-08,1.26E-08,,1.26E-08,2.51E-08,,,1.26E-08,,1.26E-08,1.26E-08,1.26E-08,1.26E-08,1.26E-08,1.26E-08,1.26E-08,,,,,2.59E-08,,6.30E-09,,,,,,,,,,,,,,,,,,,,,,,,,,,,,,0,0,0,0,0,0,0,0,0,0,0,0,0,0,0,0,0,,0,0,0,0,0,0,0,0,0,0,0,0,0,0,0,0,0,0,0,0,0,0,0,0,0,,,,,,,,,,,,,,,0,0,,,,,,,,,,0,,,,,0,,,,,0,0,0,,,,,,,,,,,,,,,,,,,,,,,,,,,,,,,,,,,,,,,,,,,,,,,,,,,,,,,,,,,,,,,,,,,,,,,,,,,,,,,,,,,,,,,,,,,,,,,,,,,,,,,,,,,,,,,,,,,,,,,,,,122.5679909
28/12/2025,60.432,0.718013717,,17.496,11.1039298,,7.819354838,5.548784415,7.56,4.426954882,,,,0,0,1.387808116,,1.36037885,,,0.36,0.0515,0.011914,,0,0.228041232,,0.193548386,0.24,,0.0173525,0.124679054,,0.00390984,0.096774192,,,0.073081468,0.024984056,,0.015304727,,,0.00474,,,0.007948113,,,0.01548111,0.005229032,0.001028663,,0,0.00206,0.00278,0.00194,0.0021,,0.00198,0.00196,0.00196,0.0019,0.00198,0.00194,0.002,0.00174,0.002,0.00194,0.00198,,1.87E-06,,,,,5.78E-06,0.000349225,7.00E-05,,,,,,4.61E-06,0,,,,0.00009,2.61E-05,7.63E-05,7.52E-05,0.000149152,1.91E-06,7.99E-06,,8.76E-06,1.94E-06,1.87E-06,,0.000000011,,,0.000001917,,0.00016896,3.88E-06,7.29E-06,,,,,7.29E-06,7.50E-06,6.71E-06,,,,,,,,,,7.70E-09,,,,,,,,,,,,,,,,,,,,,,,,,,,,,,,,,,,,,,,,,7.70E-09,1.26E-08,2.52E-08,1.26E-08,,1.26E-08,2.52E-08,1.26E-08,,1.26E-08,,1.26E-08,1.26E-08,1.26E-08,,1.26E-08,1.26E-08,1.26E-08,1.26E-08,,,,0.000000037,,6.30E-09,,,,,,,,,,,,,,,,,,,,,,,,,,,,,,0,0,0,0,0,0,0,0,0,0,0,0,0,0,0,0,0,,0,0,0,0,0,0,0,0,0,0,0,0,0,0,0,0,0,0,0,0,0,0,0,0,0,0,0,,,,,0,0,,,,,,,0,0,,,,,,,,,,0,,,,,0,,,,,0,,,,,,,,,,,,,,,,,,,,,,,,,,,,,,,,,,,,,,,,,,,,,,,,,,,,,,,,,,,,,,,,,,,,,,,,,,,,,,,,,,,,,,,,,,,,,,,,,,,,,,,,,,,,,,,,,,,,,,,,,,,,119.3600756
29/12/2025,60.432,0.608325385,,17.496,10.74338733,,7.819354838,5.548784415,7.56,4.196420084,,,,0,0,1.387959416,,1.360224828,,,0.36,0.04736,0.01301,,0,0.228041232,,0.193548386,0.24,,0.0160105,0.124679054,,0.00404712,0.096774192,,,0.046500239,0.025104005,,0.015857537,,,0.00564,,,0.007811771,,0.0000735,0.015492546,0.005229032,0.0027798,,0,0.00168,0.00158,0.00156,0.0015,,0.00162,0.0016,0.0016,0.00162,0.00162,0.00162,0.0016,0.00156,0.00144,0.0016,0.00156,,2.61E-06,,,,,7.05E-06,0.00034208,0.002581461,,,,,,1.52E-06,0,,,,0.0001,2.57E-05,1.60E-06,7.52E-05,0.000631124,1.57E-06,7.77E-06,,0.000008939,1.61E-06,1.52E-06,,,,,1.48E-06,,0.00012276,0.000001559,7.29E-06,,,,,7.28E-06,0.0000075,6.12E-06,,,,,,,,,,,,,,,,,,,0.0000004,,,,,,,,,,,,,,,,,,,1.54E-08,,,,,,,,,,,,,,1.26E-08,2.52E-08,1.26E-08,,1.26E-08,1.26E-08,1.26E-08,,1.26E-08,,1.26E-08,1.26E-08,1.26E-08,2.51E-08,1.26E-08,1.26E-08,1.26E-08,1.26E-08,,,,2.22E-08,,6.30E-09,,,,,,,,,,,,,,,,,,,,,,,,,,,,,,0,0,0,0,0,0,0,0,0,0,0,0,0,0,0,0,0,,0,0,0,0,0,0,0,0,0,0,0,0,0,0,0,0,0,0,0,0,0,0,0,0,0,0,,,,,,,,,,0,,,,0,0,,,,,,,,,,0,,,,,0,,,,,0,,,,,,,,,,,,,,,,,,,,,,,,,,,,,,,,,,,,,,,,,,,,,,,,,,,,,,,,,,,,,,,,,,,,,,,,,,,,,,,,,,,,,,,,,,,,,,,,,,,,,,,,,,,,,,,,,,,,,,,,,,,,118.6281196
30/12/2025,60.432,0.258603105,,17.496,8.940675009,,7.819354838,5.548784415,7.56,3.320387851,,,,0,0,1.388110435,,1.35970311,,,0.36,0.05374,0.013594,,0,0.228041232,,0.193548386,0.24,,0.0171545,0.124679054,,0.00479204,0.096774192,,,0.014038992,0.026287273,,0.016322527,,,0.01124,,,0.007997343,,,0.015503499,0.005229032,0.00039402,,0,0.00242,0.00234,0.0024,0.00242,,0.00232,0.00232,0.0023,0.00236,0.00232,0.0021,0.0024,0.0023,0.00224,0.00236,0.00214,,1.87E-06,,,,,9.09E-06,0.000258409,0.000094241,,,,,,1.95E-06,0,,,,0.00009,2.91E-05,1.96E-06,7.52E-05,0.000226613,1.95E-06,0.000008145,,9.41E-06,0.000002015,1.95E-06,,,,,1.90E-06,,0.00000044,0.000001997,7.30E-06,,,,,7.29E-06,0.0000075,5.54E-06,,,,,,,,,,7.70E-09,,,,,,,,,,,,,,,,,,,,,,,,,,,,6.31E-06,,,,,,,,,,0,,,7.70E-09,1.26E-08,1.26E-08,1.26E-08,,1.26E-08,2.52E-08,1.26E-08,,1.26E-08,,1.26E-08,1.26E-08,1.26E-08,1.26E-08,1.26E-08,,1.26E-08,,,,,2.22E-08,,6.30E-09,,,,,,,,,,,,,,,,,,,,,,,,,,,,,,0,0,0,0,0,0,0,0,0,0,0,0,0,0,0,0,0,,0,0,0,0,0,0,0,0,0,0,0,0,0,0,0,0,0,0,0,0,0,0,0,0,0,0,,,,,,0,0,,0,0,,,,0,0,,,,,,,,,,0,,,,,0,,,,,0,,,,,,,,,,,,,,,,,,,,,,,,,,,,,,,,,,,,,,,,,,,,,,,,,,,,,,,,,,,,,,,,,,,,,,,,,,,,,,,,,,,,,,,,,,,,,,,,,,,,,,,,,,,,,,,,,,,,,,,,,,,,115.5885453
31/12/2025,60.432,0.204974004,,17.496,9.001259287,,7.819354838,5.548784415,7.56,3.320387851,,,,0,0,1.388256686,,1.360344007,,,0.36,0.05732,0.011361,,0,0.228041232,,0.193548386,0.24,,0.016742,0.124679054,,0.00349184,0.096774192,,,0.012716394,0.026215329,,0.013248371,,,0.00516,,,0.009247937,,0.00014,0.015514722,0.005229032,0.000638481,,0,0.00218,0.00086,0.002,0.00212,,0.00202,0.00202,0.002,0.002,0.00202,0.00194,0.00186,0.0018,0.00206,0.00192,0.00206,,1.89E-06,,,,,1.62E-05,0.000258131,0.002522189,,,,,,2.16E-06,0,,,,0.000085,3.63E-05,8.61E-06,7.52E-05,0.000153836,2.01E-06,8.23E-06,,9.46E-06,2.11E-06,2.04E-06,,,,,1.96E-06,,,2.13E-06,7.28E-06,,,,,7.29E-06,0.0000075,6.73E-06,,,,,,,,,,,,,,,,,,,,,,,,,,,,,,,,,,,,,,,,,,,,,,,,,,,7.70E-09,1.26E-08,1.26E-08,1.26E-08,,1.26E-08,2.51E-08,,,1.26E-08,,1.26E-08,,1.26E-08,,1.26E-08,1.26E-08,1.26E-08,1.26E-08,,,,2.22E-08,,6.30E-09,,,,,,,,,,,,,,3.70E-09,,,,,,,,,,,,,,,,0,0,0,0,0,0,0,0,0,0,0,0,0,0,0,0,0,,0,0,0,0,0,0,0,0,0,0,0,0,0,0,0,0,0,0,0,0,0,0,0,0,0,0,,,,,0,,0,,,,,,,0,0,,,,,,,,,,0,,,,,0,,,,,0,,,,,,,,,,,,,,,,,,,,,,,,,,,,,,,,,,,,,,,,,,,,,,,,,,,,,,,,,,,,,,,,,,,,,,,,,,,,,,,,,,,,,,,,,,,,,,,,,,,,,,,,,,,,,,,,,,,,,,,,,,,,115.5835057
1/01/2026,60.432,0,397.7,17.496,9.541242124,202.4693611,7.819354838,5.548784415,7.56,3.320387851,,,,0,0,1.232351745,,1.360344007,,,0.36,0.04974,0.011457,,0,0.228041232,,0.193548386,0.24,,0.0164725,0.124679054,,0.00372592,0.096774192,,,0,0.026708524,,0.012354902,,,0.00534,,,0.008797407,,,0.015527624,0.005229032,0.000402854,,0,0.0019,0.00272,0.00178,0.00192,,0.0018,0.00182,0.0018,0.0018,0.00182,0.00186,0.0018,0.00182,0.00182,0.0018,0.00176,,0.000001563,,,,,7.71E-05,0.000257669,7.62E-05,,,,,,2.36E-06,0,,,,0.00009,2.73E-05,0.000107983,7.52E-05,,1.60E-06,7.83E-06,,9.03E-06,1.73E-06,1.62E-06,,,,,1.57E-06,,,1.65E-06,7.21E-06,,,,,7.29E-06,0.0000075,6.12E-06,,,,,,,,,,7.70E-09,,,,,,,,,,,,,,,,,,,,,,,,,,,,1.54E-08,,,,,,,,,,,,,7.70E-09,1.26E-08,2.52E-08,1.26E-08,,1.26E-08,1.26E-08,1.26E-08,,1.26E-08,,1.26E-08,1.26E-08,1.26E-08,1.26E-08,1.26E-08,1.26E-08,1.26E-08,1.26E-08,,,,2.22E-08,,6.30E-09,,,,,,,,,,,,,,,,,,,,,,,,,,,,,,0,0,0,0,0,0,0,0,0,0,0,0,0,0,0,0,0,,0,0,0,0,0,0,0,0,0,0,0,0,0,0,0,0,0,0,0,0,0,0,0,0,0,,,,,,,0,0,,,0,,,,0,0,,,,,,,,,,0,,,,,0,,,,,0,,0,0,,,,,,,,,,,,,,,,,,,,,,,,,,,,,,,,,,,,,,,,,,,,,,,,,,,,,,,,,,,,,,,,,,,,,,,,,,,,,,,,,,,,,,,,,,,,,,,,,,,,,,,,,,,,,,,,,,,,,,,,,715.9076136
2/01/2026,60.432,0,,17.496,9.541242124,,7.819354838,5.548784415,7.56,3.320387851,,,,0,0,1.357497537,,1.360344007,,,0.36,0.05002,0.016324,,0,0.228041232,,0.193548386,0.24,,0.016313,0.124679054,,0.00612744,0.092741934,,,0.001120173,0.027864139,,0.010261397,,,0.00524,,,0.008591131,,0.0000035,0.01553972,0.005229032,0.000544055,,0,0.0018,0.00174,0.00172,0.00182,,0.00176,0.00172,0.00172,0.0018,0.00178,0.00174,0.00178,0.00172,0.00178,0.00172,0.0016,,1.52E-06,,,,,5.55E-06,0.000257735,6.87E-05,,,,,,4.04E-05,0,,,,0.000095,2.62E-05,8.55E-06,7.52E-05,,1.60E-06,0.002221146,,1.65E-05,1.66E-06,1.66E-06,,,,,1.54E-06,,,1.65E-06,7.29E-06,,,,,7.29E-06,0.0000075,6.13E-06,,,,,,,,,,1.14E-08,,,,,,,,,,,,,,,,,4.94E-08,,,,,,,,,,,1.54E-08,,,,,,,,,,,,,,1.26E-08,1.26E-08,1.26E-08,,1.26E-08,1.26E-08,1.26E-08,,1.26E-08,,1.26E-08,1.26E-08,2.51E-08,1.26E-08,1.26E-08,1.26E-08,1.26E-08,,,,,2.22E-08,,6.30E-09,,,,,,,,,,,,,,,,,,,,,,,,,,,,,,0,0,0,0,0,0,0,0,0,0,0,0,0,0,0,0,0,,0,0,0,0,0,0,0,0,0,0,0,0,0,0,0,0,0,0,0,0,0,0,0,0,0,,,,,,,0,,,,0,,,,0,0,,,,,,,,,,0,,,,,0,,,,,0,,,,,,,,,,,,,,,,,,,,,,,,,,,,,,,,,,,,,,,,,,,,,,,,,,,,,,,,,,,,,,,,,,,,,,,,,,,,,,,,,,,,,,,,,,,,,,,,,,,,,,,,,,,,,,,,,,,,,,,,,,,,115.8668522
3/01/2026,60.432,0,,17.496,9.541242124,,7.819354838,5.548784415,7.56,3.320387851,,,,0,0,1.35764418,,1.360344007,,,0.36,0.05348,0.014374,,0,0.228041232,,0.193548386,0.24,,0.017336,0.124679054,,0.00487168,0.096774192,,,0.006023522,0.027864139,,0.010261397,,,0.00586,,,0.007422758,,,0.015551833,0.005229032,0.002162063,,0,0.00162,0.00234,0.00224,0.00224,,0.00224,0.00222,0.00222,0.00228,0.00224,0.0019,0.00206,0.00208,0.00188,0.00222,0.0022,,1.91E-06,,,,,8.99E-05,0.000259459,0.000164383,,,,,,1.79E-06,0,,,,0.00007,0.000170223,2.27E-05,7.52E-05,,1.82E-06,8.04E-06,,9.32E-06,1.79E-06,1.81E-06,,,,,1.89E-06,,,0.000001778,7.28E-06,,,,,7.28E-06,0.0000075,6.12E-06,,,,,,,,,,7.70E-09,,,,,,,,,,,,,,,,,,,,,,,,,,,,,,,,,,,,,,,,,,2.51E-08,,1.26E-08,,1.26E-08,1.26E-08,1.26E-08,,1.26E-08,,1.26E-08,,1.26E-08,1.26E-08,1.26E-08,,,1.26E-08,,,,3.33E-08,,6.30E-09,,,,,,,,,,,,,,,,,,,,,,,,,,,,,,0,0,0,0,0,0,0,0,0,0,0,0,0,0,0,0,0,,0,0,0,0,0,0,0,0,0,0,0,0,0,0,0,0,0,0,0,0,0,0,0,0,0,,,,,,,0,,,,,,,,0,0,,,,,,,,,,0,,,,,0,,,,,0,,,,,,,,,,,,,,,,,,,,,,,,,,,,,,,,,,,,,,,,,,,,,,,,,,,,,,,,,,,,,,,,,,,,,,,,,,,,,,,,,,,,,,,,,,,,,,,,,,,,,,,,,,,,,,,,,,,,,,,,,,,,115.8821271
4/01/2026,60.432,0,,17.496,9.541242124,,7.819354838,5.548784415,7.56,3.320387851,,,,0,0,1.357790814,,1.360353163,,,0.36,0.05062,0.015285,,0,0.228041232,,0.193548386,0.24,,0.016456,0.124679054,,0.00507276,0.096774192,,,0.006602824,0.027838869,,0.010261397,,,0.01028,,,0.007935245,,,0.015564052,0.005229032,0.000474503,,0,0.00214,0.00182,0.00188,0.00172,,0.00174,0.00174,0.0018,0.00172,0.00176,0.00178,0.00178,0.00156,0.00176,0.00186,0.00178,,1.61E-06,,,,,0.000004364,0.000466771,0.002357815,,,,,,0.000208963,0,,,,0.0001,2.57E-05,7.67E-05,7.52E-05,,1.87E-06,0.002530241,,1.68E-05,1.70E-06,1.83E-06,,7.30E-09,,,1.73E-06,,,0.000001778,7.28E-06,,,,,7.29E-06,0.0000075,5.54E-06,,,,,,,,,,,,,,,,,,,0.0000004,,,,,,,,,,,,,,,,,,,,,,,,,,,,,,,7.30E-09,,1.26E-08,2.52E-08,1.26E-08,,1.26E-08,1.26E-08,1.26E-08,,1.26E-08,,,1.26E-08,1.26E-08,1.26E-08,1.26E-08,1.26E-08,1.26E-08,1.26E-08,,,,2.22E-08,,6.30E-09,,,,,,,,,,,,,,,,,,,,,,,,,,,,,,0,0,0,0,0,0,0,0,0,0,0,0,0,0,0,0,0,,0,0,0,0,0,0,0,0,0,0,0,0,0,0,0,0,0,0,0,0,0,0,0,0,0,,0,,,,,,,,,,,,,0,0,,,,,,,,,,0,,,,,0,,,,,0,,,,,,,,,,,0,,,,,,,,,,,,,,,,,,,,,,,,,,,,,,,,,,,,,,,,,,,,,,,,,,,,,,,,,,,,,,,,,,,,,,,,,,,,,,,,,,,,,,,,,,,,,,,,,,,,,,,,,,,,,,,,,115.8833171
5/01/2026,60.432,0,,17.496,9.541242124,,7.819354838,5.548784415,7.56,3.320387851,,,,0,0,1.357942341,,1.360353163,,,0.36,0.05324,0.015515,,0,0.228041232,,0.193548386,0.24,,0.0192885,0.124679054,,0.00485584,0.096774192,,,0.00673602,0.027838869,,0.010261397,,,0.00476,,,0.007688377,,,0.015576618,0.005229032,0.000456013,,0,0.00214,0.00212,0.0022,0.0022,,0.00216,0.00216,0.00218,0.00206,0.00214,0.00186,0.00192,0.00202,0.00212,0.00196,0.00194,,1.78E-06,,,,,8.65E-06,0.000257659,1.90E-05,,,,,,1.80E-06,0,,,,0.000085,0.000102111,0.000009773,7.52E-05,,1.84E-06,8.20E-06,,0.00000926,1.95E-06,1.84E-06,,,,,0.000001945,,,1.87E-06,7.29E-06,,,,,7.28E-06,0.0000075,6.71E-06,,,,,,,,,,7.70E-09,,,,,,,,,,,,,,,,,,,,,,,,,,,,,,,,,,,,,,,,,,1.26E-08,2.52E-08,1.26E-08,,2.51E-08,1.26E-08,1.26E-08,,1.26E-08,,1.26E-08,1.26E-08,1.26E-08,1.26E-08,,,1.26E-08,1.26E-08,,,,2.59E-08,,6.30E-09,,,,,,,,,,,,,,,,,,,,,,,,,,,,,,0,0,0,0,0,0,0,0,0,0,0,0,0,0,0,0,0,,0,0,0,0,0,0,0,0,0,0,0,0,0,0,0,0,0,0,0,0,0,0,0,0,0,,,,,,,0,,,0,,,,,0,0,,,,,,,,,,0,,,,,0,,,,,0,,,,,,,,,,,,,,,,,,,,,,,,,,,,,,,,,,,,,,,,,,,,,,,,,,,,,,,,,,,,,,,,,,,,,,,,,,,,,,,,,,,,,,,,,,,,,,,,,,,,,,,,,,,,,,,,,,,,,,,,,,,,115.8823502
6/01/2026,60.432,0,,17.496,9.541242124,,7.819354838,5.548784415,7.56,3.320387851,,,,0,0,1.379555865,,1.360353163,,,0.36,0.04964,0.017687,,0,0.228041232,,0.193548386,0.24,,0.017072,0.124679054,,0.005698,0.096774192,,,0.006897694,0.027838869,,0.010261397,,,0.00446,,,0.005274859,,,0.015589011,0.005229032,0.001735704,,0,0.00218,0.00174,0.00186,0.00168,,0.0018,0.00178,0.00178,0.0018,0.00186,0.00188,0.00194,0.00168,0.00152,0.00176,0.00176,,1.48E-06,,,,,8.88E-06,0.000257735,0.000101318,,,,,,1.84E-06,0,,,,0.000085,2.99E-05,1.81E-06,7.52E-05,3.37E-05,1.82E-06,7.92E-06,,9.11E-06,1.63E-06,1.75E-06,,,,,0.000001956,,,1.73E-06,7.29E-06,,,,,7.29E-06,0.0000075,6.12E-06,,,,,,,,,,,,,,,,,,,,,,,,,,,,,,,,,,,,,,,,,,,,,,,,,,,,1.42E-08,2.52E-08,1.26E-08,,1.26E-08,1.26E-08,1.26E-08,,1.26E-08,,1.26E-08,1.26E-08,1.26E-08,,1.26E-08,1.26E-08,,1.26E-08,,,,2.22E-08,,6.30E-09,,,,,,,,,,,,,,,,,,,,,,,,,,,,,,0,0,0,0,0,0,0,0,0,0,0,0,0,0,0,0,0,,0,0,0,0,0,0,0,0,0,0,0,0,0,0,0,0,0,0,0,0,0,0,0,0,0,0,,,,,,,,,,,,,,0,0,,,,,,,,,,0,,,,,0,,,,,0,,,,,,,,,,,,,,,,,,,,,,,,,,,,,,,,,,,,,,,,,,,,,,,,,,,,,,,,,,,,,,,,,,,,,,,,,,,,,,,,,,,,,,,,,,,,,,,,,,,,,,,,,,,,,,,,,,,,,,,,,,,,115.895776
7/01/2026,60.432,0,,17.496,9.541242124,,7.819354838,5.548784415,7.56,3.320387851,,,,0,0,1.389337336,,1.360972879,,,0.36,0.05106,0.018816,,0,0.228041232,,0.193548386,0.24,,0.0161755,0.124679054,,0.00667304,0.096774192,,,0.006736355,0.026128451,,0.010261397,,,0.00454,,,0.006760564,,0.000007,0.015601298,0.005229032,0.000415169,,0,0.00172,0.00176,0.00176,0.00182,,0.00184,0.00174,0.00174,0.00172,0.00176,0.00182,0.00176,0.00168,0.00172,0.00186,0.00154,,1.69E-06,,,,,7.62E-06,0.000274569,3.51E-05,,,,,,5.00E-06,0,,,,0.000095,0.000028266,5.50E-06,7.52E-05,,1.88E-06,8.06E-06,,9.35E-06,1.87E-06,0.000001778,,,,,0.000001902,,,1.82E-06,7.29E-06,,,,,7.29E-06,0.0000075,5.54E-06,,,,,,,,,,,,,,,,,,,,,,,,,,,4.94E-08,,,,,,,,,,,,,,,,,,,,,,,,,2.52E-08,2.52E-08,1.26E-08,,1.26E-08,1.26E-08,1.26E-08,,1.26E-08,,1.26E-08,1.26E-08,1.26E-08,1.26E-08,1.26E-08,1.26E-08,1.26E-08,,,,,2.22E-08,,6.30E-09,,,,,,,,,,,,,,,,,,,,,,,,,,,,,,0,0,0,0,0,0,0,0,0,0,0,0,0,0,0,0,0,,0,0,0,0,0,0,0,0,0,0,0,0,0,0,0,0,0,0,0,0,0,0,0,0,0,,,,,,,,,,0,,,,,0,0,,,,,,,,,,0,,,,,0,,,,,0,,0,,,,,,,,,,,,,,,,,,,,,,,,,,,,,,,,,,,,,,,,,,,,,,,,,,,,,,,,,,,,,,,,,,,,,,,,,,,,,,,,,,,,,,,,,,,,,,,,,,,,,,,,,,,,,,,,,,,,,,,,,,115.9063487
8/01/2026,60.432,0,,17.496,9.541242124,,7.819354838,5.548784415,7.56,3.320387851,,,,0,0,1.389495657,,1.360972879,,,0.36,0.08244,0.041519,,0,0.228041232,,0.193548386,0.24,,0.0186285,0.124679054,,0.01690304,0.096774192,,,0.006644735,0.026128451,,0.010261397,,,0.0235,,,0.00569205,,0.000126,0.015613959,0.005229032,0.000469838,,0,0.0019,0.00202,0.00212,0.0019,,0.00198,0.00206,0.00198,0.002,0.00188,0.00202,0.00204,0.00188,0.00204,0.00188,0.00202,,1.92E-06,,,,0,7.00E-06,0.000259605,2.76E-06,,,0,,,1.81E-06,0,,,,0.000125,0.002684544,1.89E-06,7.52E-05,3.05E-07,1.91E-06,8.15E-06,,1.24E-05,1.78E-06,1.83E-06,,,0.000028,,1.82E-06,,0.00011704,1.84E-06,8.08E-06,,,,,7.29E-06,0.0000075,6.12E-06,,,,,,,,,,,,,,,,,,,,,,,,,,,3.95E-07,,,,,0,,,,,,,,,0,,,,,,,,,,,1.26E-08,1.26E-08,1.26E-08,,2.51E-08,1.26E-08,1.26E-08,,1.26E-08,,1.26E-08,1.26E-08,,1.26E-08,1.26E-08,1.26E-08,1.26E-08,1.26E-08,,,,2.59E-08,,6.30E-09,,,,,,,,,,,,,,,,,,,,,,,,,,,,,,0,0,0,0,0,0,0,0,0,0,0,0,0,0,0,0,0,,0,0,0,0,0,0,0,0,0,0,0,0,0,0,0,0,0,0,0,0,0,0,0,0,0,0,,,,,,,,0,0,,,,,0,0,,,,,,,,,,0,,,,,0,,,,0,0,,,,,,,,,,,,0,0,0,0,0,0,0,0,0,0,0,0,0,0,0,,,,,,,,,,,,,,,,,,,,,,,,,,,,,,,,,,,,,,,,,,,,,,,,,,,,,,,,,,,,,,,,,,,,,,,,,,,,,,,,,,,,,,,,,,,,,,,,,,115.997521
9/01/2026,60.432,0,,17.496,9.541242124,,7.819354838,5.548784415,7.56,3.320387851,,,,0,0,1.389660929,,1.361621244,,,0.36,0.08158,0.051885,,0,0.228041232,,0.193548386,0.24,,0.0180015,0.124679054,,0.02124628,0.096774192,,,0.007114527,0.024338965,,0.010261397,,,0.01828,,,0.006208855,,0.0000385,0.015627455,0.005229032,0.001480276,,0,0.00182,0.0017,0.00244,0.00176,,0.0019,0.00196,0.00196,0.0019,0.00192,0.00186,0.00188,0.00182,0.00152,0.00192,0.00158,,3.66E-06,,,,0,2.73E-05,0.000257635,3.52E-06,,,,,,2.31E-05,0,,,,0.00008,2.78E-05,8.58E-05,7.52E-05,,1.69E-06,7.92E-06,,9.06E-06,0.000001778,1.69E-06,,,,,1.80E-06,,0.00000308,1.82E-06,7.29E-06,,,,,7.29E-06,0.0000075,6.71E-06,,,,,,,,,,,,,,0.00000129,,,,,,,,,,,,,4.94E-08,,,,,,,,,,,,,,,,,,,,,,,,,1.26E-08,1.26E-08,1.26E-08,,1.26E-08,1.26E-08,1.26E-08,,1.26E-08,,1.26E-08,1.26E-08,1.26E-08,,1.26E-08,1.26E-08,,,,,,1.11E-08,,6.30E-09,,,,,,,,,,,,,,,,,,,,,,,,,,,,,,0,0,0,0,0,0,0,0,0,0,0,0,0,0,0,0,0,,0,0,0,0,0,0,0,0,0,0,0,0,0,0,0,0,0,0,0,0,0,0,0,0,0,,,,,,,,,,,,,,,0,0,,,,,,,,,,0,,,,,0,,,,,0,,,,,,,,,,,,,,,0,0,,,,,,,,,,,0,0,,,,,,,,,,,,,,,,,,,,,,,,,,,,,,,,,,,,,,,,,,,,,,,,,,,,,,,,,,,,,,,,,,,,,,,,,,,,,,,,,,,,,,,,,,,,,,,,116.0019693
10/01/2026,60.432,0,,17.496,9.541242124,,7.819354838,5.548784415,7.56,3.320387851,,,,0,0,1.389824482,,1.361621244,,,0.36,0.05662,0.012399,,0,0.228041232,,0.193548386,0.24,,0.018282,0.124679054,,0.00414568,0.096774192,,,0.00678604,0.024338965,,0.010261397,,,0.00514,,,0.005768083,,,0.015639344,0.005229032,0.000544399,,0,0.00294,0.00146,0.0026,0.00258,,0.00264,0.00262,0.00262,0.00266,0.00262,0.00274,0.00264,0.00252,0.00274,0.00232,0.00266,,2.02E-06,,,,,1.42E-05,0.000258285,6.84E-05,,,,,,2.13E-06,0,,,,0.00009,9.45E-05,2.14E-06,7.52E-05,0.000301223,2.08E-06,8.32E-06,,0.000009501,1.92E-06,2.05E-06,,,,,0.000002132,,,1.93E-06,0.000007293,,,,,7.28E-06,0.0000075,6.12E-06,,,,,,,,,,,,,,,,,,,,,,,,,,,,,,,,,,,,,,,,,,,,,,,,,,,,1.26E-08,2.52E-08,1.26E-08,,1.26E-08,1.26E-08,,,1.26E-08,,1.26E-08,1.26E-08,1.26E-08,1.26E-08,1.26E-08,1.26E-08,1.26E-08,2.51E-08,,,,1.85E-08,,6.30E-09,,,,,,,,,,,,,,,,,,,,,,,,,,,,,,0,0,0,0,0,0,0,0,0,0,0,0,0,0,0,0,0,,0,0,0,0,0,0,0,0,0,0,0,0,0,0,0,0,0,0,0,0,0,0,0,0,0,0,,,,,,,,,,,,,,0,0,,,,,,,,,,0,,,,,0,,,,,0,,,,,,,,,,,,,,,,,,,,,,,,,,,,,,,,,,,,,,,,,,,,,,,,,,,,,,,,,,,,,,,,,,,,,,,,,,,,,,,,,,,,,,,,,,,,,,,,,,,,,,,,,,,,,,,,,,,,,,,,,,,,115.9167363
11/01/2026,60.432,0,,17.496,9.541242124,,7.819354838,5.548784415,7.56,3.320387851,,,,0,0,1.389978147,,1.362594024,,,0.36,0.05556,0.019202,,0,0.228041232,,0.193548386,0.24,,0.017578,0.124679054,,0.00730268,0.096774192,,,0.007101006,0.021778887,,0.010035319,,,0.00524,,,0.004334015,,,0.01565256,0.005229032,0.003276937,,0,0.00266,0.00354,0.00254,0.00258,,0.00258,0.00262,0.00266,0.00254,0.00256,0.00238,0.0026,0.00248,0.00242,0.00248,0.00232,,0.000002229,,,,,4.16E-06,0.000258315,0.000003742,,,,,,9.28E-06,0,,,,0.00008,2.67E-05,0.000907986,7.52E-05,,2.05E-06,8.36E-06,,9.67E-06,2.04E-06,2.08E-06,,,,,2.07E-06,,,2.04E-06,7.29E-06,,,,,7.29E-06,0.0000075,1.24E-05,,,,,,,,,,,,,,,,,,,0.0000004,,,,,,,,,,,,,,,,,,,,,,,,,,,,,,,,7.30E-09,1.26E-08,1.26E-08,1.26E-08,,1.26E-08,1.26E-08,1.26E-08,,1.26E-08,,1.26E-08,1.26E-08,1.26E-08,1.26E-08,,1.26E-08,,,,,,2.59E-08,,6.30E-09,,,,,,,,,,,,,,,,,,,,,,7.30E-09,,,,,,,,0,0,0,0,0,0,0,0,0,0,0,0,0,0,0,0,0,,0,0,0,0,0,0,0,0,0,0,0,0,0,0,0,0,0,0,0,0,0,0,0,0,0,,,,,,,,0,,,,,,,0,0,,,,,,,,,,0,,,,,0,,,,,0,,,,,,,,,,,,,,,,,,,,,,,,,,,,,0,,,,,,,,,,,,,,,,,,,,,,,,,,,,,,,,,,,,,,,,,,,,,,,,,,,,,,,,,,,,,,,,,,,,,,,,,,,,,,,,,,,,,,,,,,,,,,,115.9260658
12/01/2026,60.432,0,,17.496,9.541242124,,7.819354838,5.548784415,7.56,3.320387851,,,,0,0,1.390138078,,1.362632946,,,0.36,0.05744,0.053333,,0,0.228041232,,0.193548386,0.24,,0.01804,0.124679054,,0.02185788,0.096774192,,,0.007160346,0.021671463,,0.010035319,,,0.00538,,,0.005186829,,0.0000035,0.015666095,0.005229032,0.001430264,,0,0.0024,0.0022,0.00218,0.00218,,0.0022,0.00218,0.0022,0.00208,0.0022,0.00214,0.00198,0.00188,0.00216,0.00214,0.00216,,1.74E-06,,,,,7.52E-06,0.000258036,5.97E-05,,,,,,8.82E-05,0,,,,0.000085,2.84E-05,6.96E-05,7.52E-05,8.46E-07,1.90E-06,8.08E-06,,9.20E-06,1.83E-06,1.69E-06,,,,,1.92E-06,,0.0000506,1.82E-06,7.28E-06,,,,,7.29E-06,0.0000075,6.12E-06,,,,,,,,,,,,0.0000035,,,,,,,,,,,,,,,,,,,,,,,,,,,,,,,,,,,,,,,,1.26E-08,2.52E-08,2.52E-08,,1.26E-08,1.26E-08,1.26E-08,,1.26E-08,,1.26E-08,,1.26E-08,,1.26E-08,1.26E-08,1.26E-08,1.26E-08,,,,1.85E-08,,6.30E-09,,,,,,,,,,,,,,,,,,,,,,,,,,,,,,0,0,0,0,0,0,0,0,0,0,0,0,0,0,0,0,0,,0,0,0,0,0,0,0,0,0,0,0,0,0,0,0,0,0,0,0,0,0,0,0,0,0,0,,,,,,,,,0,,,,,0,0,,,,,,,,,,0,,,,,0,,,,,0,,,,,,,,,,,,,,,,,,,,,,,,,,,,,,,,,,,,,,,,,,,,,,,,,,,,,,,,,,,,,,,,,,,,,,,,,,,,,,,,,,,,,,,,,,,,,,,,,,,,,,,,,,,,,,,,,,,,,,,,,,,,115.9690801
13/01/2026,60.432,0,,17.496,9.541242124,,7.819354838,5.548784415,7.56,3.320387851,,,,0,0,1.390304052,,1.362488478,,,0.36,0.05736,0.079156,,0,0.228041232,,0.193548386,0.24,,0.019107,0.124679054,,0.03283984,0.096774192,,,0.007362767,0.021671463,,0.010757659,,,0.00508,,,0.004735332,,,0.015678029,0.005229032,0.002986859,,0,0.0019,0.00222,0.00226,0.00218,,0.00222,0.00218,0.00226,0.0023,0.0022,0.00216,0.00218,0.0021,0.00102,0.00198,0.00184,,1.69E-06,,,,,1.04E-05,0.000257838,0.000101643,,,,,,1.82E-06,0,,,,0.00009,2.84E-05,7.22E-05,7.52E-05,0.000277428,1.65E-06,1.44E-05,,9.71E-06,1.83E-06,1.69E-06,,,,,2.08E-06,,0.000088,1.71E-06,7.29E-06,,,,,7.29E-06,0.0000075,6.12E-06,,,,,,,,,,,,,,,,,,,,,,,,,,,,,,,,,,,,,,,,,,,,,,,,,,,,2.51E-08,1.26E-08,1.26E-08,,1.26E-08,1.26E-08,1.26E-08,,1.26E-08,,2.51E-08,1.26E-08,1.26E-08,1.26E-08,,1.26E-08,,,,,,1.85E-08,,6.30E-09,,,,,,,,,,,,,,,,,,,,,,,,,,,,,,0,0,0,0,0,0,0,0,0,0,0,0,0,0,0,0,0,,0,0,0,0,0,0,0,0,0,0,0,0,0,0,0,0,0,0,0,0,0,0,0,0,0,0,,,,,,,,,,,,,,0,0,,,,,,,,,,0,,,,,0,,,,,0,,0,,,,,,,,,,,,,,,,,,,,,,,,,,,,,,,,,,,,,,,,,,,,,,,,,,,,,,,,,,,,,,,,,,,,,,,,,,,,,,,,,,,,,,,,,,,,,,,,,,,,,,,,,,,,,,,,,,,,,,,,,,116.0076347
14/01/2026,60.432,0,,17.496,9.539890507,,7.819354838,5.548784415,7.56,3.489245428,,,,0,0,1.390469645,,1.362438805,,,0.36,0.20136,0.040883,,0,0.228041232,,0.193548386,0.24,,0.0248325,0.124679054,,0.01509112,0.096774192,,,0.007219502,0.021671463,,0.011006026,,,0.06012,,,0.003704206,,0.0001855,0.015690539,0.005229032,0.004907982,,0,0.00384,0.0035,0.00358,0.00278,,0.00348,0.00368,0.00322,0.00324,0.00292,0.00296,0.00324,0.0035,0.00326,0.0026,0.0035,,1.69E-06,,,,0,2.77E-05,0.000391166,0.002292904,,,0,,,0.002221166,0,,,,0.000205,2.84E-05,2.64E-06,7.52E-05,,1.65E-06,7.91E-06,4.91E-05,8.45E-06,1.78E-06,1.80E-06,,,0.0000805,,1.83E-06,,0.00009328,1.79E-06,7.29E-06,,,,,7.29E-06,0.0000075,6.12E-06,,,,,,,,,,,,,,0.00002967,,,,,0.0000032,,,,,,,,0.000001391,,,,,,,,,,,,,,,,,,,,,,,,,1.26E-08,2.52E-08,1.26E-08,,1.26E-08,1.26E-08,1.26E-08,,1.26E-08,,1.26E-08,1.26E-08,,2.51E-08,1.26E-08,,1.26E-08,1.26E-08,,,,3.33E-08,,6.30E-09,,,,,,,,,,,,,,,,,,,,,,,,,,,,,,0,0,0,0,0,0,0,0,0,0,0,0,0,0,0,0,0,,0,0,0,0,0,0,0,0,0,0,0,0,0,0,0,0,0,0,0,0,0,0,0,0,0,,,,,,,,,,,,,,,0,0,,,,,,,,,,0,,,,,0,,,,,0,,,,0,,,,,,,,,,,,,,,,,,,,,,,0,0,,,,,,,,,,,,,,,,,,,,,,,,,,,,,,,,,,,,,,,,,,,,,,,,,,,,,,,,,,,,,,,,,,,,,,,,,,,,,,,,,,,,,,,,,,,,,,,,116.3479841
15/01/2026,60.432,0,,17.496,9.52737604,,7.819354838,5.548784415,7.56,4.439364919,,,,0,0,1.390659717,,1.362350103,,,0.36,0.14958,0.02039,,0,0.228041232,,0.193548386,0.24,,0.022682,0.124679054,,0.00680416,0.096774192,,,0.007589791,0.022763828,,0.009470612,,,0.03602,,,0.004648967,,0.0001295,0.015705161,0.005229032,0.001843089,,0,0.00286,0.00272,0.00272,0.00226,,0.00266,0.00272,0.00254,0.00252,0.00254,0.00252,0.00254,0.0024,0.00336,0.00226,0.0027,,0.000001559,,,,0,0.000383813,0.000257828,9.14E-06,,,0,,,0.000001778,0,,,,0.00012,2.80E-05,7.72E-05,7.52E-05,4.26E-05,9.29E-06,8.03E-06,0.000178175,9.08E-06,3.23E-06,0.00265908,,,0.000196,,1.87E-06,,0.00010648,1.91E-06,7.29E-06,,,,,7.29E-06,0.0000075,6.12E-06,,,,,,,,,,,,,,0.00008256,,,,,0.0000004,,,,,,,,4.28E-07,,,,,,,,,,,,,,,,,,,,,,,,,1.26E-08,1.26E-08,1.26E-08,,1.26E-08,1.26E-08,1.26E-08,,1.26E-08,,1.26E-08,1.26E-08,1.26E-08,,1.26E-08,1.26E-08,1.26E-08,1.26E-08,,,,3.33E-08,,6.30E-09,,,,,,,,,,,,,,,,,,,,,,,,,,,,,,0,0,0,0,0,0,0,0,0,0,0,0,0,0,0,0,0,,0,0,0,0,0,0,0,0,0,0,0,0,0,0,0,0,0,0,0,0,0,0,0,0,0,0,,,,,,,,,,,,,,0,0,,,,,,,,,,0,,,,,0,,,,,0,,,,0,,,,,,,,,,,,,,,,,,,,,,,0,0,,,,,,,,,,,,,,,,,,,,,,,,,,,,,,,,,,,,,,,,,,,,,,,,,,,,,,,,,,,,,,,,,,,,,,,,,,,,,,,,,,,,,,,,,,,,,,,,117.1653911
16/01/2026,60.432,0,,17.496,9.52737604,,7.819354838,5.548784415,7.56,4.439364919,,,,0,0,1.390861038,,1.358910281,,,0.36,0.052,0.019303,,0,0.228041232,,0.193548386,0.24,,0.0186395,0.124679054,,0.00569976,0.096774192,,,0.007753631,0.022763828,,0.026669722,,,0.00524,,,0.001837158,,0.0000035,0.015719138,0.005229032,0.001216876,,0,0.00204,0.00198,0.0019,0.00182,,0.0019,0.0019,0.00194,0.002,0.002,0.00184,0.00192,0.00192,0.00192,0.00194,0.00192,,1.65E-06,,,,,1.06E-05,0.000257938,0.002391,,,,,,1.80E-06,0,,,,0.00012,0.000128081,1.69E-06,7.52E-05,,1.65E-06,7.92E-06,,9.43E-06,1.60E-06,1.74E-06,,,,,1.61E-06,,0.00000308,1.65E-06,7.28E-06,,,,,7.29E-06,0.0000075,6.12E-06,,,,,,,,,,,,,,,,,,,0.0000008,,,,,,,,2.63E-07,,,,,,,,,,,,,,,,,,,,,,,,,2.51E-08,1.26E-08,1.26E-08,,1.26E-08,1.26E-08,1.26E-08,,1.26E-08,,1.26E-08,2.51E-08,2.51E-08,1.26E-08,1.26E-08,1.26E-08,1.26E-08,1.26E-08,,,,1.85E-08,,6.30E-09,,,,,,,,,,,,,,,,,,,,,,,,,,,,,,0,0,0,0,0,0,0,0,0,0,0,0,0,0,0,0,0,,0,0,0,0,0,0,0,0,0,0,0,0,0,0,0,0,0,0,0,0,0,0,0,0,0,,,,,,,,,,,,,,,0,0,,,,,,,,,,0,,,,,0,,,,,0,,,,,,,,,,,,,,,,,,,,,,,,,,,,,,,,,,,,,,,,,,,,,,,,,,,,,,,,,,,,,,,,,,,,,,,,,,,,,,,,,,,,,,,,,,,,,,,,,,,,,,,,,,,,,,,,,,,,,,,,,,,,117.0297558
17/01/2026,60.432,0,,17.496,9.52737604,,7.819354838,5.548784415,7.56,4.439364919,,,,0,0,1.391041553,,1.358910281,,,0.36,0.04752,0.013987,,0,0.228041232,,0.193548386,0.24,,0.0154825,0.124679054,,0.00462484,0.096774192,,,0.007413609,0.022867797,,0.026481373,,,0.00332,,,0.000447896,,,0.015731615,0.005229032,0.001619927,,0,0.00158,0.00182,0.00182,0.00182,,0.00188,0.0018,0.0018,0.00182,0.00162,0.00184,0.0018,0.00064,0.00178,0.00064,0.00156,,1.35E-06,,,,,1.22E-05,0.000257454,0.000084532,,,,,,1.62E-06,0,,,,0.00008,0.000027508,2.10E-06,7.52E-05,,1.65E-06,7.68E-06,,8.76E-06,1.65E-06,1.60E-06,,,,,1.59E-06,,0.00042416,1.58E-06,7.29E-06,,,,,7.29E-06,0.0000075,6.12E-06,,,,,,,,,,,,,,,,,,,,,,,,,,,,,,,,,,,,,,,,,,,,,,,,,,,,1.26E-08,1.26E-08,1.26E-08,,1.26E-08,1.26E-08,1.26E-08,,1.26E-08,,1.26E-08,1.26E-08,1.26E-08,,,1.26E-08,1.26E-08,,,,,1.85E-08,,6.30E-09,,,,,,,,,,,,,,,,,,,,,,,,,,,,,,0,0,0,0,0,0,0,0,0,0,0,0,0,0,0,0,0,,0,0,0,0,0,0,0,0,0,0,0,0,0,0,0,0,0,0,0,0,0,0,0,0,0,,,,,,,,,,0,,,,,0,0,,,,,,,,,,0,,,,,0,,,,,0,,,,,,,,,,,,,,,,,,,,,,,,,,,,,,,,,,,,,,,,,,,,,,,,,,,,,,,,,,,,,,,,,,,,,,,,,,,,,,,,,,,,,,,,,,,,,,,,,,,,,,,,,,,,,,,,,,,,,,,,,,,,117.0058396
18/01/2026,60.432,0,,17.496,9.52737604,,7.819354838,5.548784415,7.56,4.439364919,,,,0,0,1.391223369,,1.354761453,,,0.36,0.05644,0.014768,,0,0.228041232,,0.193548386,0.24,,0.0177045,0.124679054,,0.00494472,0.096774192,,,0.007213786,0.021712182,,0.049319017,,,0.01426,,,0.000924616,,0.000007,0.01574351,0.005229032,0.001432163,,0,0.00296,0.00296,0.00292,0.00242,,0.00286,0.00282,0.00272,0.0028,0.00274,0.00272,0.00264,0.00276,0.00274,0.00328,0.00288,,2.00E-06,,,,0,1.47E-05,0.000257463,0.000189275,,,0,,,1.82E-06,0,,,,0.000145,2.70E-05,7.86E-05,7.52E-05,,1.82E-06,8.01E-06,1.06E-05,8.41E-06,1.87E-06,1.74E-06,,,0.000021,,1.83E-06,,,1.91E-06,7.29E-06,,,,,7.29E-06,0.0000075,6.12E-06,,,,,,,,,,,,,,0.00000258,,,,,,,,,,,,,5.43E-07,,,,7.30E-09,,,,,,,,,,,,,,,,,,,,,2.52E-08,2.52E-08,1.26E-08,,1.26E-08,1.26E-08,1.26E-08,,1.26E-08,,1.26E-08,,1.26E-08,1.26E-08,1.26E-08,1.26E-08,1.26E-08,1.26E-08,,,,2.96E-08,,6.30E-09,,,,,,,,,,,,,,,,,7.40E-09,,,,,,,,,,,,,0,0,0,0,0,0,0,0,0,0,0,0,0,0,0,0,0,,0,0,0,0,0,0,0,0,0,0,0,0,0,0,0,0,0,0,0,0,0,0,0,0,0,,,0,,,,,,,,,,,,0,0,,,,,,,,,,0,0,,,,0,,,,,0,,0,,,,,,,,,,,,,,,,,,,,,,,,,0,0,,,,,,,,,,,,,,,,,,,,,,,,,,,,,,,,,,,,,,,,,,,,,,,,,,,,,,,,,,,,,,,,,,,,,,,,,,,,,,,,,,,,,,,,,,,,,,,,117.0647064
19/01/2026,60.432,0,,17.496,9.52737604,,7.819354838,5.548784415,7.56,4.439364919,,,,0,0,1.391433428,,1.354761453,,,0.36,0.11078,0.035193,,0,0.228041232,,0.193548386,0.24,,0.0259325,0.124679054,,0.0102476,0.096774192,,,0.007320154,0.021712182,,0.049319017,,,0.0438,,,0.00106154,,0.000091,0.015758669,0.005229032,0.000996546,,0,0.0027,0.00256,0.00264,0.0022,,0.00256,0.0028,0.00244,0.00244,0.00238,0.0023,0.00232,0.0025,0.00242,0.00224,0.00258,,0.000001478,,,,0,4.37E-05,0.000257411,7.44E-05,,,0,,,1.59E-06,0,,,,0.000165,2.88E-05,2.02E-06,7.52E-05,,1.63E-06,7.75E-06,6.29E-05,8.77E-06,1.62E-06,1.63E-06,,,0.0000875,,0.000001559,,0.00025212,1.66E-06,0.000007293,,,,,7.29E-06,0.0000075,6.12E-06,,,,,5.46E-07,,,,,,,,,0.0000516,,,,,0.0000032,,,,,,,,0.000000914,,,,,0,,,,,,,,,0,,,,,,,,,,,1.44E-08,2.52E-08,1.26E-08,,1.26E-08,1.26E-08,1.26E-08,,1.26E-08,,1.26E-08,1.26E-08,,1.26E-08,1.26E-08,,1.26E-08,1.26E-08,,,,2.96E-08,,6.30E-09,,,,,,,,,,,,,,,,,,,,,,,,,,,,,,0,0,0,0,0,0,0,0,0,0,0,0,0,0,0,0,0,,0,0,0,0,0,0,0,0,0,0,0,0,0,0,0,0,0,0,0,0,0,0,0,0,0,,,,,,,,,,,,,,0,0,0,,,,,,,,,,0,,,,,0,,,,0,0,,,,0,,,,,,,,0,0,0,,,0,0,0,0,0,0,0,0,0,0,0,0,,0,0,,,,,,,,,,,,,,,,,,,,,,,,,,,,,,,,,,,,,,,,,,,,,,,,,,,,,,,,,,,,,,,,,,,,,,,,,,,,,,,,,,,,,,,,,,,,,117.1778006
20/01/2026,60.432,0,,17.496,9.52737604,,7.819354838,5.548784415,7.56,4.439364919,,,,0,0,1.39162232,,1.352202474,,,0.36,0.1167,0.024201,,0,0.228041232,,0.193548386,0.24,,0.0205535,0.124679054,,0.00856944,0.096774192,,,0.006510653,0.020082319,,0.065066563,,,0.01686,,,0.00075009,,0.000063,0.015770731,0.005229032,0.000415864,,0,0.00178,0.00162,0.00158,0.00148,,0.00158,0.00162,0.00168,0.00156,0.0016,0.00164,0.00162,0.00238,0.00156,0.00162,0.00158,,1.43E-06,,,,0,1.16E-05,0.000257168,2.62E-05,,,0,,,0.000001546,0,,,,0.0001,0.000109227,1.47E-06,7.52E-05,,1.47E-06,9.55E-06,6.18E-05,8.61E-06,1.47E-06,1.48E-06,,,0.0000385,,1.43E-06,,0.00011704,1.52E-06,7.29E-06,,,,,0.000007297,0.0000075,6.12E-06,,,,,,,,,,,,,,0.00002838,,,,,0.0000012,,,,,,,,0.000000146,,,,,0,,,,,,,,,0,,,,,,,,,,,1.26E-08,2.52E-08,1.26E-08,,1.26E-08,1.26E-08,1.26E-08,,1.26E-08,,1.26E-08,1.26E-08,1.26E-08,1.26E-08,1.26E-08,2.51E-08,1.26E-08,1.26E-08,,,,1.85E-08,,6.30E-09,,,,,,,,,,,,,,,,,,,,,,,,,,,,,,0,0,0,0,0,0,0,0,0,0,0,0,0,0,0,0,0,,0,0,0,0,0,0,0,0,0,0,0,0,0,0,0,0,0,0,0,0,0,0,0,0,0,,,,,,,,,,,,,,,0,0,,,,,,,,,,0,,,,,0,,,,0,0,,,,,,,,,,,,0,0,0,,,0,0,0,0,0,0,0,0,0,0,0,0,,,,,,,,,,,,,,,,,,,,,,,,,,,,,,,,,,,,,,,,,,,,,,,,,,,,,,,,,,,,,,,,,,,,,,,,,,,,,,,,,,,,,,,,,,,,,,,,117.136305
21/01/2026,60.432,0.137380881,,17.496,9.52737604,,7.819354838,5.548784415,7.56,4.439364919,,,,0,0,1.391807429,,1.351101438,,,0.36,0.0512,0.01782,,0,0.228041232,,0.193548386,0.24,,0.0163625,0.124679054,,0.00627308,0.096774192,,,0.006597381,0.020015248,,0.070693247,,,0.00426,,,0.003951941,,0.0000035,0.015784037,0.005229032,0.001635919,,0,0.00148,0.00144,0.00142,0.00134,,0.00156,0.0014,0.0014,0.00136,0.0014,0.0013,0.0015,0.00134,0.0015,0.0014,0.00108,,2.09E-06,,,,,1.44E-05,0.000257241,2.33E-06,,,,,,3.50E-05,0,,,,0.00008,3.04E-05,1.97E-06,7.52E-05,,0.000001559,0.000007672,,8.59E-06,1.40E-06,6.14E-06,,,,,1.45E-06,,0.00016148,1.52E-06,7.29E-06,,,,,7.29E-06,0.0000075,6.12E-06,,,,,,,,,,,,,,,,,,,,,,,,,,,9.88E-08,,,,,,,,,,,,,,,,,,,,,,,,,1.26E-08,1.26E-08,1.26E-08,,1.26E-08,,1.26E-08,,1.26E-08,,1.26E-08,1.26E-08,1.26E-08,1.26E-08,1.26E-08,,1.26E-08,,,,,2.22E-08,,6.30E-09,,,,,,,,,,,,,,,,,,,,,,,,,,,,,,0,0,0,0,0,0,0,0,0,0,0,0,0,0,0,0,0,,0,0,0,0,0,0,0,0,0,0,0,0,0,0,0,0,0,0,0,0,0,0,0,0,0,,,,,,,,,,,,,,,0,0,,,,,,,,,,0,,,,,0,,,,,0,,,,,,,,,,,,,,,,,,,,,,,,,,,,,,,,,,,,,,,,,,,,,,,,,,,,,,,,,,,,,,,,,,,,,,,,,,,,,,,,,,,,,,,,,,,,,,,,,,,,,,,,,,,,,,,,,,,,,,,,,,,,117.1876756
22/01/2026,60.432,1.365533512,,17.496,9.52737604,,7.819354838,5.548784415,7.56,4.439364919,,,,0,0,1.391987338,,1.349894804,,,0.36,0.04968,0.018912,,0,0.228041232,,0.193548386,0.24,,0.0164285,0.124679054,,0.00657008,0.096774192,,,0.006966812,0.020015248,,0.076726415,,,0.00548,,,0.005388566,,,0.015795248,0.005229032,0.001036391,,0,0.0014,0.00134,0.0014,0.00158,,0.0014,0.0014,0.0014,0.00142,0.00136,0.00144,0.00142,0.00126,0.00142,0.00024,0.0015,,1.51E-06,,,,,6.27E-06,0.000258687,4.20E-06,,,,,,1.47E-06,0,,,,0.000095,2.77E-05,0.00012873,7.52E-05,,1.48E-06,7.75E-06,,8.60E-06,1.44E-06,1.43E-06,,,0.0000035,,0.000001488,,0.00015136,1.40E-06,7.28E-06,,,,,7.29E-06,0.0000075,6.12E-06,,,,,,,,,,,,,,,,,,,,,,,,,,,1.98E-07,,,,,,,,,,,,,,,,,,,,,,,,,1.26E-08,1.26E-08,1.26E-08,,1.26E-08,1.26E-08,1.26E-08,,1.26E-08,,1.26E-08,1.26E-08,1.26E-08,,,1.26E-08,1.26E-08,1.26E-08,,,,2.22E-08,,6.30E-09,,,,,,,,,,,,,,,,,,,,,,,,,,,,,,0,0,0,0,0,0,0,0,0,0,0,0,0,0,0,0,0,,0,0,0,0,0,0,0,0,0,0,0,0,0,0,0,0,0,0,0,0,0,0,0,0,0,,,,,,,,,,0,,,,,0,0,,,,,,,,,,0,,,,,0,,,,,0,,,,,,,,,,,,,,,,,,,,,,,,,,,,,,,,,,,,,,,,,,,,,,,,,,,,,,,,,,,,,,,,,,,,,,,,,,,,,,,,,,,,,,,,,,,,,,,,,,,,,,,,,,,,,,,,,,,,,,,,,,,,118.4223529
23/01/2026,60.432,0.971823576,,17.496,9.52737604,,7.819354838,5.548784415,7.56,4.439364919,,,,0,0,1.392167413,,1.349190642,,,0.36,0.0477,0.016663,,0,0.228041232,,0.193548386,0.24,,0.017116,0.124679054,,0.00593032,0.096774192,,,0.007097113,0.020015248,,0.080247229,,,0.00408,,,0.004282143,,0.0000035,0.01580712,0.005229032,0.000501788,,0,0.00142,0.0014,0.00142,0.00146,,0.00146,0.00156,0.00146,0.00146,0.00144,0.00144,0.00138,0.00138,0.00142,0.0014,0.0011,,1.39E-06,,,,,1.23E-05,0.000269821,9.16E-05,,,,,,2.19E-06,0,,,,0.000085,3.03E-05,1.26E-05,7.52E-05,,1.30E-06,7.66E-06,,8.59E-06,1.52E-06,1.38E-06,,,,,1.41E-06,,,1.52E-06,7.29E-06,,,,,7.29E-06,0.0000075,6.12E-06,,,,,,,,,,,,,,,,,,,,,,,,,,,4.94E-08,,,,,,,,,,,,,,,,,,,,,,,,,1.26E-08,1.26E-08,1.26E-08,,1.26E-08,1.26E-08,1.26E-08,,1.26E-08,,1.26E-08,1.26E-08,1.26E-08,1.26E-08,1.26E-08,1.26E-08,1.26E-08,,,,,2.96E-08,,6.30E-09,,,,,,,,,,,,,,,,,,,,,,,,,,,,,,0,0,0,0,0,0,0,0,0,0,0,0,0,0,0,0,0,,0,0,0,0,0,0,0,0,0,0,0,0,0,0,0,0,0,0,0,0,0,0,0,0,0,,,,,,,,0,,,,,,,0,0,,,,,,,,,,0,,,,,0,,,,,0,,0,,,,,,,,,,,,,,,,,,,,,,,,,,,,,,,,,,,,,,,,,,,,,,,,,,,,,,,,,,,,,,,,,,,,,,,,,,,,,,,,,,,,,,,,,,,,,,,,,,,,,,,,,,,,,,,,,,,,,,,,,,118.0256094
24/01/2026,60.432,0.289283217,,17.496,9.52737604,,7.819354838,5.548784415,7.56,4.439364919,,,,0,0,1.392351013,,1.34919512,,,0.36,0.04722,0.012314,,0,0.228041232,,0.193548386,0.24,,0.01551,0.124679054,,0.00426976,0.096774192,,,0.006901422,0.020002889,,0.080247229,,,0.01004,,,0.004443699,,,0.01581949,0.005229032,0.000499017,,0,0.00142,0.00138,0.00142,0.00134,,0.00142,0.0015,0.00142,0.0014,0.00152,0.00142,0.00138,0.00142,0.0015,0.00236,0.0014,,4.22E-06,,,,,1.51E-05,0.000257242,3.07E-06,,,,,,0.000116859,0,,,,0.0001,2.65E-05,1.93E-06,7.52E-05,2.50E-09,0.00000134,0.00000774,,0.000010485,1.48E-06,1.43E-06,,,0.0000035,,1.44E-06,,,1.60E-06,7.28E-06,,,,,7.29E-06,0.0000075,6.12E-06,,,,,,,,,,,,,,,,,,,,,,,,,,,,,,,,,,,,,,,,,,,,,,,,,,,,1.26E-08,1.26E-08,1.26E-08,,1.26E-08,1.26E-08,1.26E-08,,1.26E-08,,1.26E-08,1.26E-08,2.51E-08,1.26E-08,1.26E-08,1.26E-08,1.26E-08,1.26E-08,,,,2.22E-08,,6.30E-09,,,,,,,,,,,,,,,,,,,,,,,,,,,,,,0,0,0,0,0,0,0,0,0,0,0,0,0,0,0,0,0,,0,0,0,0,0,0,0,0,0,0,0,0,0,0,0,0,0,0,0,0,0,0,0,0,0,0,,,,,,,,,,,,,,0,0,,,,,,,,,,0,,,,,0,,,,,0,,,,,,,,,,,,,,,,,,,,,,,,,,,,,,,,,,,,,,,,,,,,,,,,,,,,,,,,,,,,,,,,,,,,,,,,,,,,,,,,,,,,,,,,,,,,,,,,,,,,,,,,,,,,,,,,,,,,,,,,,,,,117.3422066
25/01/2026,60.432,0.347886521,,17.496,9.52737604,,7.819354838,5.548784415,7.56,4.439364919,,,,0,0,1.392519247,,1.34919512,,,0.36,0.04574,0.012542,,0,0.228041232,,0.193548386,0.24,,0.0153395,0.124679054,,0.00440968,0.096774192,,,0.007085093,0.020002889,,0.080247229,,,0.00364,,,0.005121435,,,0.015830578,0.005229032,0.000626709,,0,0.00156,0.00154,0.00156,0.00106,,0.00156,0.00158,0.00156,0.00156,0.00158,0.00164,0.00158,0.00136,0.00154,0.00156,0.00156,,3.09E-06,,,,,7.82E-06,0.000277936,7.54E-05,,,,,,1.60E-06,0,,,,0.00009,2.66E-05,7.63E-05,7.52E-05,,1.48E-06,0.000009459,,1.18E-05,1.47E-06,0.00000144,,,,,1.58E-06,,,0.000001559,0.000007293,,,,,7.29E-06,0.0000075,6.12E-06,,,,,,,,,,,,,,,,,,,,,,,,,,,,,,,,,,,,,,,,,,,,,,,,,,,,1.26E-08,1.26E-08,1.26E-08,,1.26E-08,1.26E-08,1.26E-08,,1.26E-08,,1.26E-08,2.51E-08,1.26E-08,,1.26E-08,1.26E-08,1.26E-08,1.26E-08,,,,2.22E-08,,6.30E-09,,,,,,,,,,,,,,,,,,,,7.30E-09,,7.30E-09,0.000000011,,,,,,,0,0,0,0,0,0,0,0,0,0,0,0,0,0,0,0,0,,0,0,0,0,0,0,0,0,0,0,0,0,0,0,0,0,0,0,0,0,0,0,0,0,0,,,,,,,,,,,,,,,0,0,,,,,,,,,,0,,,,,0,,,,,0,,,,,,,,,,,,,,,,,,,,,,,,,,,,,0,,,0,0,,,,,,,,,,,,,,,,,,,,,,,,,,,,,,,,,,,,,,,,,,,,,,,,,,,,,,,,,,,,,,,,,,,,,,,,,,,,,,,,,,,,,,,,,,,117.3948293
26/01/2026,60.432,1.122455442,,17.496,9.52737604,,7.819354838,5.548784415,7.56,4.439364919,,,,0,0,1.392703787,,1.34919512,,,0.36,0.04876,0.015435,,0,0.228041232,,0.193548386,0.24,,0.0161095,0.124679054,,0.00509036,0.096774192,,,0.007048531,0.020115413,,0.080043379,,,0.00436,,,0.005174266,,0.0000035,0.015843022,0.005229032,0.00057987,,0,0.0014,0.00138,0.00138,0.00114,,0.00144,0.00144,0.00138,0.00142,0.00136,0.00144,0.0014,0.00112,0.0014,0.00106,0.00128,,1.25E-06,,,,,0.000024541,0.000260518,2.62E-06,,,,,,7.10E-05,0,,,,0.000085,0.000104212,1.43E-06,7.52E-05,,1.30E-06,7.64E-06,,8.02E-06,1.48E-06,1.41E-06,,,,,1.40E-06,,0.0003762,1.49E-06,8.21E-06,,,,,8.55E-06,0.0000075,6.12E-06,,,,,1.75E-06,,,,,,,,,,,,,,,,,,,,,,,,,,,,,,,,,,,,,,,,,,,,,,,2.52E-08,1.26E-08,1.26E-08,,1.26E-08,1.26E-08,1.26E-08,,1.26E-08,,1.26E-08,1.26E-08,1.26E-08,1.26E-08,,2.51E-08,1.26E-08,,,,,2.22E-08,,6.30E-09,,,,,,,,,,,,,,,,,,,,,,,,,,,,,,0,0,0,0,0,0,0,0,0,0,0,0,0,0,0,0,0,,0,0,0,0,0,0,0,0,0,0,0,0,0,0,0,0,0,0,0,0,0,0,0,0,0,,,,,,,,,,,,,,0,0,0,,,,,,,,,,0,,,,,0,,,,,0,,,,,,,,,,,,,,,,,,,,,,,,,,,,,,,,,,,,,,,,,,,,,,,,,,,,,,,,,,,,,,,,,,,,,,,,,,,,,,,,,,,,,,,,,,,,,,,,,,,,,,,,,,,,,,,,,,,,,,,,,,,,118.1751664
27/01/2026,60.432,1.32227958,,17.496,9.52737604,,7.819354838,5.548784415,7.56,4.439364919,,,,0,0,1.392882117,,1.34660022,,,0.36,0.10416,0.024016,,0,0.228041232,,0.193548386,0.24,,0.017754,0.124679054,,0.00900064,0.096774192,,,0.007197356,0.018336892,,0.096239837,,,0.01608,,,0.004167696,,,0.015855308,0.005229032,0.000416657,,0,0.00148,0.00154,0.00154,0.00166,,0.00146,0.00158,0.00146,0.00142,0.0014,0.00148,0.00146,0.00144,0.00146,0.00148,0.00148,,1.30E-06,,,,,1.07E-05,0.000262694,3.36E-05,,,,,,1.60E-06,0,,,,0.00009,2.65E-05,1.43E-06,7.52E-05,,1.43E-06,0.000452791,,9.95E-06,0.000001559,2.99E-06,,,0.0000035,,1.48E-06,,,0.000001559,0.000008785,,,,,7.29E-06,0.0000075,6.12E-06,,,,,,,,,,,,,,,,,,,,,,,,,,,4.94E-08,,,,,,,,,,,,,,,,,,,,,,,,,1.26E-08,1.26E-08,1.26E-08,,1.26E-08,1.26E-08,1.26E-08,,1.26E-08,,1.26E-08,1.26E-08,1.26E-08,1.26E-08,1.26E-08,1.26E-08,1.26E-08,1.26E-08,,,,0.000000037,,,,,,,,,,,,,,,,,,,,,,,,,,,,,,,,0,0,0,0,0,0,0,0,0,0,0,0,0,0,0,0,0,,0,0,0,0,0,0,0,0,0,0,0,0,0,0,0,0,0,0,0,0,0,0,0,0,0,,,,,,,,,,0,,,,,0,0,,,,,,,,,,0,,,,,0,,,,,0,,,,,,,,,,,,,,,,,,,,,,,,,,,,,,,,,,,,,,,,,,,,,,,,,,,,,,,,,,,,,,,,,,,,,,,,,,,,,,,,,,,,,,,,,,,,,,,,,,,,,,,,,,,,,,,,,,,,,,,,,,,,118.4694867
28/01/2026,60.432,1.094767005,,17.496,9.312939597,,7.819354838,5.548784415,7.56,4.208803907,,,,0,0,1.393061093,,1.34660022,,,0.36,0.08942,0.020013,,0,0.228041232,,0.193548386,0.24,,0.020196,0.124679054,,0.00673816,0.096774192,,,0.007109322,0.018336892,,0.096239837,,,0.0161,,,0.00463968,,0.000077,0.015867874,0.005229032,0.000671734,,0,0.00418,0.00416,0.00414,0.00396,,0.00412,0.00416,0.0042,0.00414,0.00414,0.00412,0.00414,0.00404,0.0041,0.00382,0.00402,,1.49E-06,,,,,1.01E-05,0.000257059,2.87E-05,,,,,,1.60E-06,0,,,,0.000115,0.000475352,1.43E-06,7.52E-05,,1.44E-06,1.02E-05,,8.77E-06,0.000001582,1.39E-06,,,,,1.62E-06,,0.00004576,1.45E-06,7.28E-06,,,,,7.29E-06,0.0000075,5.54E-06,,,,,,,,,,,,,,,,,,,0.0000004,,,,,,,,0.000000329,,,,,,,,,,,,,,,,,,,,,,,,,1.26E-08,1.26E-08,1.26E-08,,1.26E-08,1.26E-08,1.26E-08,,1.26E-08,,1.26E-08,1.26E-08,1.26E-08,1.26E-08,,1.26E-08,1.26E-08,,,,,2.59E-08,,6.30E-09,,,,,,,,,,,,,,,,,,,,,,,,,,,,,,0,0,0,0,0,0,0,0,0,0,0,0,0,0,0,0,0,,0,0,0,0,0,0,0,0,0,0,0,0,0,0,0,0,0,0,0,0,0,0,0,0,0,,,,,,,,,,,,,,,0,0,,,,,,,,,,0,,,,,0,,,,,0,,0,,,,,,,,,,,,,,,,,,,,,,,,,,,,,,,,,,,,,,,,,,,,,,,,,,,,,,,,,,,,,,,,,,,,,,,,,,,,,,,,,,,,,,,,,,,,,,,,,,,,,,,,,,,,,,,,,,,,,,,,,,117.8184992
29/01/2026,60.432,1.862712103,,17.496,8.240757387,,7.819354838,5.548784415,7.56,3.332672059,,,,0,0,1.393236276,,1.346554935,,,0.36,0.06192,0.022363,,0,0.228041232,,0.193548386,0.24,,0.018799,0.124679054,,0.00813164,0.096774192,,,0.007677614,0.018991667,,0.095280076,,,0.01364,,,0.005409244,,0.0000175,0.015882675,0.005229032,0.000691142,,0,0.00316,0.00318,0.00318,0.00314,,0.00318,0.00322,0.00322,0.00316,0.00318,0.00318,0.00318,0.00312,0.00318,0.00318,0.00308,,1.39E-06,,,,0,0.000004649,0.00073367,0.000071883,,,0,,,1.47E-06,0,,,,0.00012,2.81E-05,7.64E-05,7.52E-05,,1.54E-06,1.75E-05,8.03E-06,8.68E-06,3.31E-06,2.87E-06,,,0.0000035,,0.000198522,,0.00001936,0.002931901,1.18E-05,,,,,7.29E-06,7.50E-06,6.71E-06,,,,,,0.000000003,,,,,,,,0.00000903,,,,,0.0000012,,,,,,,,1.63E-07,,,,,,,,,,,,,,,,,,,,,,,,,2.51E-08,1.26E-08,1.26E-08,,1.26E-08,2.52E-08,1.26E-08,,1.26E-08,,1.26E-08,1.26E-08,1.26E-08,1.26E-08,1.26E-08,1.26E-08,1.26E-08,1.26E-08,,,,1.48E-08,,6.30E-09,,,,,,,,,,,,,,,,,,,,,,,,,,,,,,0,0,0,0,0,0,0,0,0,0,0,0,0,0,0,0,0,,0,0,0,0,0,0,0,0,0,0,0,0,0,0,0,0,0,0,0,0,0,0,0,0,0,,,,0,,,,,,,,,,,0,0,,,,,,,,,,0,,,,,0,,,,,0,,,,,,,,,,,,,,,,,,,,,,,,,,,0,0,,,,,,,,,,,,,,,,,,,,,,,,,,,,,,,,,,,,,,,,,,,,,,,,,,,,,,,,,,,,,,,,,,,,,,,,,,,,,,,,,,,,,,,,,,,,,,,,116.6010394
30/01/2026,60.432,0.467634857,,17.496,8.240757387,,7.819354838,5.548784415,7.56,3.332672059,,,,0,0,1.393409593,,1.346554935,,,0.36,0.06518,0.017718,,0,0.228041232,,0.193548386,0.24,,0.016841,0.124679054,,0.00651156,0.096774192,,,0.00781254,0.018991667,,0.095280076,,,0.007,,,0.005886718,,,0.0158935,0.005229032,0.001248654,,0,0.00146,0.0014,0.0014,0.00146,,0.0014,0.00142,0.00142,0.0014,0.00118,0.00144,0.00146,0.00132,0.00142,0.00138,0.00142,,1.30E-06,,,,,9.42E-06,0.000257007,0.002296852,,,,,,3.29E-06,0,,,,0.0001,2.67E-05,1.30E-06,7.52E-05,,0.00000134,7.53E-06,,8.59E-06,1.76E-06,1.30E-06,,,,,1.39E-06,,0.00000044,1.47E-06,0.000007284,,,,,7.29E-06,0.0000075,6.12E-06,,,,,,,,,,,,,,,,,,,,,,,,,,,1.48E-07,,,,,,,,,,,,,,,,,,,,,,,,,1.26E-08,2.52E-08,1.26E-08,,1.26E-08,1.26E-08,1.26E-08,,1.26E-08,,1.26E-08,1.26E-08,,1.26E-08,1.26E-08,1.26E-08,1.26E-08,1.26E-08,,,,1.85E-08,,6.30E-09,,,,,,,,,,,,,,,,,,,,,,,,,,,,,,0,0,0,0,0,0,0,0,0,0,0,0,0,0,0,0,0,,0,0,0,0,0,0,0,0,0,0,0,0,0,0,0,0,0,0,0,0,0,0,0,0,0,,,,,,,,,,,,,,,0,0,,,,,,,,,,0,,,,,0,,,,,0,,,,,,,,,,,,,,,,,,,,,,,,,,,,,,,,,,,,,,,,,,,,,,,,,,,,,,,,,,,,,,,,,,,,,,,,,,,,,,,,,,,,,,,,,,,,,,,,,,,,,,,,,,,,,,,,,,,,,,,,,,,,115.1676072
31/01/2026,60.432,0.345588012,,17.496,8.289864525,,7.819354838,5.548784415,7.56,3.332672059,,,,0,0,1.393580413,,1.345735348,,,0.36,0.0522,0.015598,,0,0.228041232,,0.193548386,0.24,,0.0160545,0.124679054,,0.00559944,0.096774192,,,0.007517474,0.018242648,,0.10073493,,,0.0046,,,0.006530921,,0.00014,0.015905954,0.005229032,0.000454735,,0,0.00212,0.0021,0.00208,0.00182,,0.00208,0.00208,0.0021,0.00208,0.00206,0.00208,0.00212,0.00208,0.0021,0.00206,0.00208,,1.44E-06,,,,,6.19E-05,0.000258604,0.00003292,,,,,,0.000257035,0,,,,0.000095,3.18E-05,3.41E-06,7.52E-05,,1.40E-06,7.54E-06,,8.68E-06,1.59E-06,1.34E-06,,,,,1.47E-06,,,1.47E-06,7.29E-06,,,,,7.29E-06,0.0000075,5.54E-06,,,,,,,,,,,,,,,,,,,,,,,,9.27E-05,,,,,,,,,,,,,,,,,,,,,,,,,,,,1.42E-08,1.26E-08,1.26E-08,,1.26E-08,,1.26E-08,,1.26E-08,,1.26E-08,1.26E-08,1.26E-08,1.26E-08,1.26E-08,1.26E-08,1.26E-08,1.26E-08,,,,2.22E-08,,1.26E-08,,,,,,,,,,,,,,,,,,,,,,,,,,,,,,0,0,0,0,0,0,0,0,0,0,0,0,0,0,0,0,0,,0,0,0,0,0,0,0,0,0,0,0,0,0,0,0,0,0,0,0,0,0,0,0,0,0,,,,,,,,,,,,,,,0,0,,,,,,,,,,0,,,0,,0,,,,,0,,,,,,0,,,,,,,,,,,,,,,,,,,,,,,,,,,,,,,,,,,,,,,,,,,,,,,,,,,,,,,,,,,,,,,,,,,,,,,,,,,,,,,,,,,,,,,,,,,,,,,,,,,,,,,,,,,,,,,,,,,,,,115.0874315
1/02/2026,60.432,0,371.82,17.496,9.511089652,189.2952414,8.657142857,6.14329703,7.56,3.689744069,,,,0,0,1.383415136,,1.490616795,,,0.36,0.04756,0.01641,36.77,0,0.252474221,,0.214285771,0.24,,0.0155595,0.138037524,,0.00601172,0.107142854,,,0,0.01827759,,0.111527959,,,0.00292,,,0.006892057,,,0.015919949,0.005789286,0.000651636,,0,0.00144,0.00142,0.00144,0.00134,,0.0014,0.0014,0.0014,0.0014,0.00138,0.0014,0.00142,0.00138,0.0014,0.00138,0.0011,,0.000002017,,,,,9.58E-06,0.00025888,0.000105953,,,,,,0.000001436,0,,,,0.00008,9.13E-05,0.000115981,8.33E-05,,1.43E-06,7.61E-06,,1.02E-05,1.52E-06,1.31E-06,,,,,2.54E-06,,,1.38E-06,7.28E-06,,,,,7.29E-06,0.0000075,6.71E-06,,,,,,,,,,,,,,,,,,,,,,,,,,,,,,,,,,,,,,,,,,,,,,,,,,,,1.26E-08,1.26E-08,1.26E-08,,1.26E-08,1.26E-08,1.26E-08,,1.26E-08,,1.26E-08,1.26E-08,1.26E-08,1.26E-08,1.26E-08,1.26E-08,1.26E-08,,,,,1.85E-08,,6.30E-09,,,,,,,,,,,,,,,,,,,,7.30E-09,,,,,,,,,,0,0,0,0,0,0,0,0,0,0,0,0,0,0,0,0,0,,0,0,0,0,0,0,0,0,0,0,0,0,0,0,0,0,0,0,0,0,0,0,0,0,0,,,,,,,,,,0,,,,,0,0,,,,,,,,,,0,,,,,0,,,,,0,,,0,,,,,,,,,,,,,,,,,,,,,,,,,,,,,0,,,,,,,,,,,,,,,,,,,,,,,,,,,,,,,,,,,,,,,,,,,,,,,,,,,,,,,,,,,,,,,,,,,,,,,,,,,,,,,,,,,,,,,,,,,,715.8295104
2/02/2026,60.432,0,,17.496,9.511089652,,8.657142857,6.14329703,7.56,3.689744069,,,,0,0,1.508597323,,1.490616795,,,0.36,0.04826,0.018815,,0,0.252474221,,0.214285771,0.24,,0.0192335,0.138037524,,0.00662244,0.107142854,,,0.00499604,0.01827759,,0.111527959,,,0.00426,,,0.006455529,,,0.015931703,0.005789286,0.000436341,,0,0.00112,0.00152,0.00148,0.00146,,0.0014,0.00148,0.0014,0.0015,0.00114,0.0014,0.00142,0.00138,0.0014,0.0014,0.00142,,9.19E-06,,,,,2.58E-06,0.000262312,0.000294765,,,,,,8.49E-06,0,,,,0.000085,0.000098256,6.66E-06,8.33E-05,,0.00000134,7.62E-06,,9.99E-06,1.53E-06,1.68E-06,,,,,0.00000134,,0.00000484,1.39E-06,7.29E-06,,,,,7.29E-06,0.0000075,6.12E-06,,,,,,,,,,,,,,,,,,,,,,,,,,,,,,,,,,,,,,,,,,,,,,,,,,,,1.26E-08,1.26E-08,1.26E-08,,1.26E-08,2.52E-08,1.26E-08,,1.26E-08,,1.26E-08,1.26E-08,,1.26E-08,1.26E-08,1.26E-08,1.26E-08,1.26E-08,,,,2.96E-08,,6.30E-09,,,,,,,,,,,,,,,,,,,,,,,,,,,,,,0,0,0,0,0,0,0,0,0,0,0,0,0,0,0,0,0,,0,0,0,0,0,0,0,0,0,0,0,0,0,0,0,0,0,0,0,0,0,0,0,0,0,,,,,,,,,,,,,,,0,0,,,,,,,,,,0,,,,,0,,,,,0,,0,,,,,,,,,,,,,,,,,,,,,,,,,,,,,,,,,,,,,,,,,,,,,,,,,,,,,,,,,,,,,,,,,,,,,,,,,,,,,,,,,,,,,,,,,,,,,,,,,,,,,,,,,,,,,,,,,,,,,,,,,,118.0828622
3/02/2026,60.432,0,,17.496,9.511089652,,8.657142857,6.14329703,7.56,3.689744069,,,,0,0,1.508769524,,1.490616795,,,0.36,0.07628,0.021731,,0,0.252474221,,0.214285771,0.24,,0.018161,0.138037524,,0.00787908,0.107142854,,,0.007440423,0.01827759,,0.111527959,,,0.01588,,,0.006051536,,0.000014,0.015941946,0.005789286,0.000483289,,0,0.00184,0.00024,0.00142,0.00114,,0.00142,0.00148,0.00138,0.00142,0.00142,0.00142,0.00146,0.00142,0.00148,0.0015,0.00144,,0.000001714,,,,,8.74E-06,0.00025776,7.86E-05,,,,,,0.000001499,0,,,,0.00011,2.84E-05,0.000006138,8.33E-05,,1.40E-06,7.61E-06,,0.000008598,3.07E-06,1.31E-06,,,0.000028,,1.36E-06,,,1.44E-06,7.28E-06,,,,,7.29E-06,0.0000075,6.12E-06,,,,,,,,,,,,,,,,,,,,,,,,,,,0.000000241,,,,,,,,,,,,,,,,,,,,,,,,,1.66E-08,1.66E-08,1.66E-08,,1.66E-08,1.26E-08,,,1.66E-08,,1.66E-08,1.66E-08,1.66E-08,1.66E-08,1.66E-08,1.66E-08,1.66E-08,1.66E-08,,,,2.22E-08,,,,,,,,,,,,,,,,,,,,,,,,,,,,,,,,0,0,0,0,0,0,0,0,0,0,0,0,0,0,0,0,0,,0,0,0,0,0,0,0,0,0,0,0,0,0,0,0,0,0,0,0,0,0,0,0,0,0,,,,,,,,,,,,,,,0,0,,,,,,,,,,0,,,,,0,,,,,0,,,,,,,,,,,,,,,,,,,,,,,,,,,,,,,,,,0,,,,,,,,,,,,,,,,,,,,,,,,,,,,,,,,,,,,,,,,,,,,,,,,,,,,,,,,,,,,,,,,,,,,,,,,,,,,,,,,,,,,,,,,,,118.127195
4/02/2026,60.432,0,,17.496,9.511089652,,8.657142857,6.14329703,7.56,3.689744069,,,,0,0,1.508967788,,1.490616795,,,0.36,0.07208,0.024147,,0,0.252474221,,0.214285771,0.24,,0.0257785,0.138037524,,0.00818576,0.107142854,,,0.007833563,0.01827759,,0.111527959,,,0.01542,,,0.007440941,,0.000028,0.015957015,0.005789286,0.000714504,,0,0.00508,0.00676,0.00502,0.00506,,0.00508,0.00502,0.00512,0.00492,0.00522,0.00502,0.00516,0.00504,0.00504,0.00504,0.00512,,2.04E-06,,,,0,1.07E-05,6.16E-05,0.000134337,,,0,,,0.000001572,0,,,,0.00012,2.97E-05,2.67E-06,8.33E-05,,1.75E-06,7.88E-06,0.000102543,8.95E-06,3.48E-06,2.05E-06,,,0.0000735,,1.67E-06,,,1.62E-06,0.000007293,,,,,7.29E-06,0.0000075,6.12E-06,,,,,,,,,,,,0.000014,,0.00002967,,,,,0.0000004,,,,,,,,6.39E-08,,,,,,,,,,,,,,,,,,,,,,,,,1.66E-08,1.66E-08,1.66E-08,,1.66E-08,1.66E-08,6.64E-08,,1.66E-08,,,1.66E-08,1.66E-08,1.66E-08,1.66E-08,3.32E-08,1.66E-08,1.66E-08,,,,1.85E-08,0.000003,8.30E-09,,,,,,,,,,,,,,,,,,,,,,,,,,,,,,0,0,0,0,0,0,0,0,0,0,0,0,0,0,0,0,0,,0,0,0,0,0,0,0,0,0,0,0,0,0,0,0,0,0,0,0,0,0,0,0,0,0,,,,,,,,,,,,,,,0,0,,,,,,,,,,0,,,,,0,,,,,0,,,,,,,,,,,,,,,,,,,,,,,,,,,0,0,,,,,,,,,,,,,,,,,,,,,,,,,,,,,,,,,,,,,,,,,,,,,,,,,,,,,,,,,,,,,,,,,,,,,,,,,,,,,,,,,,,,,,,,,,,,,,,,118.1924037
5/02/2026,60.432,0,,17.496,9.511089652,,8.657142857,6.14329703,7.56,3.689744069,,,,0,0,1.517633972,,1.49069989,,,0.36,0.0631,0.023418,,0,0.252474221,,0.214285771,0.24,,0.018348,0.138037524,,0.0087076,0.107142854,,,0.032362055,0.018048248,,0.111527959,,,0.00722,,,0.005617754,,0.000028,0.015973854,0.005789286,0.000621542,,0,0.0017,0.00044,0.00166,0.0017,,0.0016,0.0016,0.00166,0.00164,0.00144,0.00178,0.00154,0.00158,0.0017,0.00164,0.0014,,1.45E-06,,,,0,1.54E-05,0.00051047,7.58E-05,,,0,,,0.000001559,0,,,,0.000075,0.000026951,7.88E-05,8.33E-05,,1.44E-06,7.69E-06,5.97E-06,8.67E-06,1.59E-06,3.23E-06,,,0.0000035,,1.79E-06,,,1.62E-06,0.000007293,,,,,7.29E-06,0.0000075,6.12E-06,,,,,,,,,,,,0.0000035,,0.00000129,,,,,,,,,,,,,,,,,,,,,,,,,,,,,,,,,,,,,,3.32E-08,1.66E-08,1.66E-08,,1.66E-08,1.66E-08,,,1.66E-08,,1.66E-08,1.66E-08,,1.66E-08,1.66E-08,1.66E-08,1.66E-08,,,,,2.59E-08,,8.30E-09,,,,,,,,,,,,,,,,,,,,,,,,,,,,,,0,0,0,0,0,0,0,0,0,0,0,0,0,0,0,0,0,,0,0,0,0,0,0,0,0,0,0,0,0,0,0,0,0,0,0,0,0,0,0,0,0,0,,,,,,,,,,,,,,,0,0,,,,,,,,,,0,,,,,0,,,,,0,,,,,,,,,,,,,,,,,,,,,,,,,,,0,0,,,,,,,,,,,,,,,,,,,,,,,,,,,,,,,,,,,,,,,,,,,,,,,,,,,,,,,,,,,,,,,,,,,,,,,,,,,,,,,,,,,,,,,,,,,,,,,,118.1443277
6/02/2026,60.432,0,,17.496,9.511089652,,8.657142857,6.14329703,7.56,3.689744069,,,,0,0,1.544084614,,1.49069989,,,0.36,0.05408,0.019032,,0,0.252474221,,0.214285771,0.24,,0.017325,0.138037524,,0.00681956,0.107142854,,,0.016570371,0.018048248,,0.111527959,,,0.00652,,,0.006606712,,0.0000175,0.01598763,0.005789286,0.000833525,,0,0.0015,0.00214,0.00146,0.00146,,0.00148,0.0014,0.00146,0.00142,0.0014,0.00142,0.00146,0.00136,0.00148,0.00142,0.00154,,0.000291733,,,,0,3.21E-06,2.47E-06,7.38E-05,,,0,,,1.48E-06,0,,,,0.000125,9.43E-05,1.66E-06,8.33E-05,0.000152329,1.31E-06,7.54E-06,1.04E-05,0.000008598,1.61E-06,2.43E-06,,,0.0000105,,4.64E-06,,,1.44E-06,0.000007293,,,,,7.29E-06,0.0000075,6.12E-06,,,,,,,,,,,,,,0.0000129,,,,,0.0000016,,,,,,,,0.000000447,,,,,,,,,,,,,,,,,,,,,,,,,1.66E-08,1.66E-08,1.66E-08,,1.66E-08,1.66E-08,4.98E-08,,1.66E-08,,1.66E-08,1.66E-08,1.66E-08,1.66E-08,1.66E-08,1.66E-08,1.66E-08,3.32E-08,,,,2.96E-08,,8.30E-09,,0.000001745,,,,,,,,,,,,,,,,,,,,,,,,,,,,0,0,0,0,0,0,0,0,0,0,0,0,0,0,0,0,0,,0,0,0,0,0,0,0,0,0,0,0,0,0,0,0,0,0,0,0,0,0,0,0,0,0,0,,,,,,,,,0,,,,,0,0,,,,,,0,,,,0,,,,,0,,,,,0,,,,,,,,,,,,,,,,,,,,,,,,,,,0,0,,,,,,,,,,,,,,,,,,,,,,,,,,,,,,,,,,,,,,,,,,,,,,,,,,,,,,,,,,,,,,,,,,,,,,,,,,,,,,,,,,,,,,,,,,,,,,,,118.1384793
7/02/2026,60.432,0,,17.496,9.511089652,,8.657142857,6.14329703,7.56,3.689744069,,,,0,0,1.544232451,,1.49069989,,,0.36,0.049,0.012875,,0,0.252474221,,0.214285771,0.24,,0.01617,0.138037524,,0.00454872,0.107142854,,,0.013497528,0.018048248,,0.111527959,,,0.00508,,,0.006918866,,,0.015998287,0.005789286,0.001419907,,0,0.00196,0.00222,0.00214,0.00194,,0.00214,0.0022,0.00216,0.0022,0.0019,0.00214,0.00196,0.0021,0.00214,0.00214,0.00214,,2.78E-06,,,,,3.07E-05,1.44E-06,0.000203984,,,,,,0.00020102,0,,,,0.00009,0.000109229,0.000001478,8.33E-05,,1.46E-06,0.000007674,,8.74E-06,1.78E-06,2.30E-06,,,,,1.44E-06,,,1.62E-06,0.000007284,,,,,7.29E-06,0.0000075,6.12E-06,,,,,,,,,,,,,,,,,,,,,,,,,,,,,,,,,,,,,,,,,,,,,,,,,,,,1.66E-08,1.66E-08,1.66E-08,,1.66E-08,1.66E-08,1.66E-08,,1.66E-08,,1.66E-08,1.66E-08,,1.66E-08,1.66E-08,1.66E-08,1.66E-08,1.66E-08,,,,1.85E-08,,8.30E-09,,,,,,,,,,,,,,,,,,,,,,,,,,,,,,0,0,0,0,0,0,0,0,0,0,0,0,0,0,0,0,0,,0,0,0,0,0,0,0,0,0,0,0,0,0,0,0,0,0,0,0,0,0,0,0,0,0,0,,,,,,,,,,,,,,0,0,,,,,,,,,,0,,,,,0,,,,,0,,0,,,,,,,,,,,,,,,,,,,,,,,,,,,,,,,,,,,,,,,,,,,,,,,,,,,,,,,,,,,,,,,,,,,,,,,,,,,,,,,,,,,,,,,,,,,,,,,,,,,,,,,,,,,,,,,,,,,,,,,,,,118.1292775
8/02/2026,60.432,0,,17.496,9.511089652,,8.657142857,6.14329703,7.56,3.689744069,,,,0,0,1.544387012,,1.49069989,,,0.36,0.04638,0.017507,,0,0.252474221,,0.214285771,0.24,,0.0156805,0.138037524,,0.00632236,0.107142854,,,0.013464195,0.018048248,,0.111527959,,,0.0085,,,0.006454866,,,0.016011229,0.005789286,0.000708244,,0,0.00134,0.00122,0.00152,0.00104,,0.00156,0.00148,0.00146,0.00146,0.00148,0.0015,0.00152,0.0015,0.00146,0.0016,0.00154,,1.47E-06,,,,,6.10E-06,1.31E-06,0.00000862,,,,,,1.40E-06,0,,,,0.00009,2.75E-05,7.81E-05,8.33E-05,,1.31E-06,7.59E-06,,0.000008598,2.61E-06,2.31E-06,,,,,1.32E-06,,,1.44E-06,7.29E-06,,,,,7.24E-06,0.0000075,6.12E-06,,,,,,,,,,,,,,,,3.70E-09,,,,,,,,,,,,,,,,,,,,,,,,,,,,,,,,,,,,1.66E-08,3.32E-08,1.66E-08,,1.66E-08,1.66E-08,,,1.66E-08,,1.66E-08,1.66E-08,1.66E-08,1.66E-08,1.66E-08,1.66E-08,1.66E-08,1.66E-08,,,,1.11E-08,,8.30E-09,,,,,,,,,,,,,,,,,,,,,,,,,,,,,,0,0,0,0,0,0,0,0,0,0,0,0,0,0,0,0,0,,0,0,0,0,0,0,0,0,0,0,0,0,0,0,0,0,0,0,0,0,0,0,0,0,0,,,,,,,,,,,,,,,0,0,,,,,,,,0,,0,,,,,0,,,,,0,,,,,,,,,,,,,,,,,,,,,,,,,,,,,,,,,,,,,,,,,,,,,,,,,,,,,,,,,,,,,,,,,,,,,,,,,,,,,,,,,,,,,,,,,,,,,,,,,,,,,,,,,,,,,,,,,,,,,,,,,,,,118.1247262
9/02/2026,60.432,0,,17.496,9.511089652,,8.657142857,6.14329703,7.56,3.689744069,,,,0,0,1.544538232,,1.490713569,,,0.36,0.05374,0.022183,,0,0.252474221,,0.214285771,0.24,,0.016852,0.138037524,,0.0082302,0.107142854,,,0.013792188,0.018010495,,0.111527959,,,0.00538,,,0.006412815,,,0.016023476,0.005789286,0.002287653,,0,0.00178,0.0016,0.00158,0.00222,,0.00162,0.00156,0.00156,0.00136,0.00156,0.0017,0.00122,0.0014,0.00162,0.0015,0.0016,,3.86E-06,,,,,2.43E-05,1.45E-06,7.81E-06,,,,,,2.47E-06,0,,,,0.00008,3.48E-05,1.71E-05,8.33E-05,,1.49E-06,7.54E-06,,0.000360168,0.000001746,1.40E-06,,,0.0000035,,1.49E-06,,0.00010032,1.48E-06,0.000007284,,,,,7.29E-06,0.0000075,6.12E-06,,,,,,,,,,,,,,,,,,,,,,,,,,,,,,,,,,,,,,,,,,,,,,,,,,,,1.66E-08,1.66E-08,1.66E-08,,1.66E-08,3.32E-08,1.66E-08,,1.66E-08,,,,1.66E-08,1.66E-08,1.66E-08,1.66E-08,1.66E-08,1.66E-08,,,,1.85E-08,,8.30E-09,,,,,,,,,,,,,,,,,,,,,,,,,,,,,,0,0,0,0,0,0,0,0,0,0,0,0,0,0,0,0,0,,0,0,0,0,0,0,0,0,0,0,0,0,0,0,0,0,0,0,0,0,0,0,0,0,0,,,,,,,,,,,,,,,0,0,,,,,,,,,,0,,,,,0,,,,,0,,,,,,,,,,,,,,,,,,,,,,,,,,,,,,,,,,,,,,,,,,,,,,,,,,,,,,,,,,,,,,,,,,,,,,,,,,,,,,,,,,,,,,,,,,,,,,,,,,,,,,,,,,,,,,,,,,,,,,,,,,,,118.1413375
10/02/2026,60.432,0,,17.496,9.511089652,,8.657142857,6.14329703,7.56,3.689744069,,,,0,0,1.54468639,,1.490047359,,,0.36,0.05146,0.022497,,0,0.252474221,,0.214285771,0.24,,0.0201465,0.138037524,,0.00778228,0.107142854,,,0.013394704,0.017833108,,0.115180359,,,0.003,,,0.001709894,,0.0000035,0.016034357,0.005789286,0.001063944,,0,0.002,0.00158,0.00154,0.00126,,0.00158,0.00152,0.00158,0.00154,0.00136,0.00164,0.00154,0.00148,0.00034,0.00158,0.0015,,7.02E-06,,,,0,7.71E-06,1.31E-06,0.000136753,,,0,,,2.59E-06,0,,,,0.00008,2.77E-05,1.35E-06,8.33E-05,,1.44E-06,7.54E-06,5.95E-06,9.81E-06,2.71E-06,1.36E-06,,,0.0000035,,1.27E-06,,0.00000044,1.32E-06,7.29E-06,,,,,7.29E-06,0.0000075,6.12E-06,,,,,,,,,,,,,,0.00000129,,,,,,,,,,,,,,,,,,,,,,,,,,,,,,,,,,,,,,1.66E-08,1.66E-08,1.66E-08,,1.66E-08,,1.66E-08,,1.66E-08,3.70E-09,1.66E-08,1.66E-08,,1.66E-08,3.32E-08,1.66E-08,1.66E-08,1.66E-08,,,,2.22E-08,,8.30E-09,,,,,,,,,,,,,,,,,,,,,,,,,,,,,,0,0,0,0,0,0,0,0,0,0,0,0,0,0,0,0,0,,0,0,0,0,0,0,0,0,0,0,0,0,0,0,0,0,0,0,0,0,0,0,0,0,0,,,,,,,,,,,,,,,0,0,,,,,,,,,,0,,,,0,0,,,,,0,,,,,,,,,,,,,,,,,,,,,,,,,,,0,0,,,,,,,,,,,,,,,,,,,,,,,,,,,,,,,,,,,,,,,,,,,,,,,,,,,,,,,,,,,,,,,,,,,,,,,,,,,,,,,,,,,,,,,,,,,,,,,,118.1342955
11/02/2026,60.432,0,,17.496,9.511089652,,9.149999999,6.14329703,7.56,3.689744069,,,,0,0,1.54484903,,1.490047359,,,0.47282639,0.09002,0.019061,,0,0.252474221,,0.214285771,0.24,,0.017479,0.138037524,,0.00697048,0.107142854,1.191388018,,0.014812137,0.017833108,,0.115180359,,,0.01616,,,0.005998529,,0.000063,0.016049393,0.005789286,0.000826242,,0,0.00152,0.00144,0.00142,0.001,,0.00144,0.00146,0.00142,0.00146,0.00144,0.00142,0.00146,0.0014,0.00142,0.00142,0.00118,,1.42E-06,,,,,1.38E-05,0.000001314,0.00034454,,,,,,1.38E-06,0,,,,0.000095,0.000219045,5.93E-06,8.33E-05,,1.31E-06,7.54E-06,,8.60E-06,2.76E-06,1.32E-06,,,0.0000105,,0.000217958,,,1.44E-06,0.000007284,,,,,7.29E-06,7.50E-06,6.12E-06,,,,,,,,,,,,0.0000035,,,,,,,,,,,,,,,,,,,,,,,,,,,,,,,,,,,,,,,,3.32E-08,3.32E-08,1.66E-08,,1.66E-08,1.66E-08,1.66E-08,,1.66E-08,,1.66E-08,1.66E-08,1.66E-08,1.66E-08,1.66E-08,1.66E-08,,1.66E-08,,,,1.85E-08,,8.30E-09,,,,,,,,,,,,,,3.70E-09,,,,,,,,,,,,,,,,0,0,0,0,0,0,0,0,0,0,0,0,0,0,0,0,0,,0,0,0,0,0,0,0,0,0,0,0,0,0,0,0,0,0,0,0,0,0,0,0,0,0,,,,,,0,0,,,0,,,,,0,0,,,,,,,,,,0,,,,,0,,,,,0,,,,,,,,,,,,,,,,,,,,,,,,,,,,,,,,,,,0,,,,,,,,,,,,,,,,,,,,,,,,,,,,,,,,,,,,,,,,,,,,,,,,,,,,,,,,,,,,,,,,,,,,,,,,,,,,,,,,,,,,,,,,,119.9813736
12/02/2026,60.432,0,,17.496,9.511089652,,9.17142857,6.14329703,7.56,3.689744069,,,,0,0,1.54500142,,1.490047359,,,0.48,0.0532,0.019941,,0,0.252474221,,0.214285771,0.24,,0.017402,0.138037524,,0.0073216,0.107142854,1.2672,,0.013416777,0.018115854,,0.114668139,,,0.00444,,,0.003819121,,,0.016061528,0.005789286,0.001356586,,0,0.00166,0.00164,0.0016,0.00214,,0.00176,0.0016,0.00158,0.00158,0.00146,0.00158,0.0016,0.00152,0.00278,0.00158,0.00156,,8.48E-05,,,,,0.216796326,1.35E-06,0.000615151,,,,,,3.24E-05,0,,,,0.000095,3.04E-05,8.83E-05,8.33E-05,,1.40E-06,7.54E-06,,8.66E-06,1.50E-06,0.000001353,,,0.000007,,3.17E-06,,,1.40E-06,7.29E-06,,,,,7.29E-06,0.0000075,6.12E-06,,,,,,,,,,,,,,,,,,,,,,,,,,,,,,,,,,,,,,,,,,,,,,,,,,,,1.66E-08,3.32E-08,3.32E-08,,1.66E-08,1.66E-08,1.66E-08,,1.66E-08,,1.66E-08,1.66E-08,1.66E-08,1.66E-08,1.66E-08,1.66E-08,3.32E-08,,,,,2.22E-08,,8.30E-09,,,,,,,,,,,,,,,,,,,,,,,,,,,,,,0,0,0,0,0,0,0,0,0,0,0,0,0,0,0,0,0,,0,0,0,0,0,0,0,0,0,0,0,0,0,0,0,0,0,0,0,0,0,0,0,0,0,,,,,,,,,,,,,,,0,0,,,,,,,,,,0,,,,,0,,,,,0,,0,,,,,,,,,,,,,,,,,,,,,,,,,,,,,,,,,0,,,,,,,,,,,,,,,,,,,,,,,,,,,,,,,,,,,,,,,,,,,,,,,,,,,,,,,,,,,,,,,,,,,,,,,,,,,,,,,,,,,,,,,,,120.2568079
13/02/2026,60.432,0,,17.496,9.511089652,,9.17142857,6.14329703,7.56,3.689744069,,,,0,0,1.545147567,,1.491444085,,,0.48,0.06142,0.016492,,0,0.252474221,,0.214285771,0.24,,0.017314,0.138037524,,0.00581944,0.107142854,1.2672,,0.013146583,0.01450082,,0.114233486,,,0.01238,,,0.003858617,,0.0000035,0.016074285,0.005789286,0.002025346,,0,0.00118,0.00162,0.00158,0.00104,,0.00158,0.00158,0.00158,0.0016,0.00166,0.00038,0.0016,0.00154,0.0015,0.0016,0.00156,,3.44E-06,,,,,4.11E-06,1.43E-06,0.002692237,,,,,,3.23E-06,0,,,,0.00009,0.000029533,1.37E-05,8.33E-05,,1.40E-06,7.59E-06,,8.86E-06,0.00000288,1.27E-06,,,,,1.36E-06,,0.00005236,1.31E-06,7.28E-06,,,,,7.29E-06,0.0000075,6.12E-06,,,,,,,,,,,,,,,,,,,,,,,,,,,,,,,,,,,,,,,,,,,,,,,,,,,,1.84E-08,1.66E-08,1.66E-08,,1.66E-08,1.66E-08,1.66E-08,,1.66E-08,,1.66E-08,1.66E-08,1.66E-08,1.66E-08,1.66E-08,,1.66E-08,1.66E-08,,,,1.85E-08,,8.30E-09,,,,,,,,,,,,,,,,,,,,,,,8.40E-09,,,,,,,0,0,0,0,0,0,0,0,0,0,0,0,0,0,0,0,0,,0,0,0,0,0,0,0,0,0,0,0,0,0,0,0,0,0,0,0,0,0,0,0,0,0,,,,,,,,,,,,,,,0,0,,,,,,,,,,0,,,,,0,,,,,0,,,,,,,,,,,,,,,,,,,,,,,,,,,,,,,,,0,,0,,,,,,,,,,,,,,,,,,,,,,,,,,,,,,,,,,,,,,,,,,,,,,,,,,,,,,,,,,,,,,,,,,,,,,,,,,,,,,,,,,,,,,,,,120.0469752
14/02/2026,60.432,0,,17.496,9.509994772,,9.17142857,6.14329703,7.56,3.876693589,,,,0,0,1.545290234,,1.491444085,,,0.48,0.06242,0.014833,,0,0.252474221,,0.214285771,0.24,,0.0200255,0.138037524,,0.00499488,0.107142854,1.2672,,0.012842749,0.014661538,,0.113942331,,,0.01106,,,0.003528622,,0.000035,0.016087092,0.005789286,0.002220407,,0,0.00534,0.0053,0.00536,0.00584,,0.00536,0.00534,0.00534,0.0054,0.00524,0.00538,0.00544,0.00532,0.00534,0.0054,0.00534,,2.88E-06,,,,,1.90E-05,1.44E-06,9.13E-05,,,,,,3.27E-06,0,,,,0.0001,2.92E-05,0.000002082,8.33E-05,,1.54E-06,7.69E-06,,9.03E-06,1.63E-06,1.53E-06,,,,,1.49E-06,,0.00002112,1.62E-06,7.29E-06,,,,,7.29E-06,0.0000075,6.12E-06,,,,,,,,,,,,,,,,,,,0.0000004,,,,,,,,,,,,,,,,,,,,,,,,,,,,,,,,,1.66E-08,1.66E-08,1.66E-08,,1.66E-08,1.66E-08,1.66E-08,,1.66E-08,,1.66E-08,3.32E-08,,1.66E-08,1.66E-08,1.66E-08,1.66E-08,1.66E-08,,,,2.22E-08,,8.30E-09,,,,,,,,,,,,,,,,,,,,,,,,,,,,,,0,0,0,0,0,0,0,0,0,0,0,0,0,0,0,0,0,,0,0,0,0,0,0,0,0,0,0,0,0,0,0,0,0,0,0,0,0,0,0,0,0,0,,,,,,,,,,,,,,,0,0,,,,,,,,,,0,,,,,0,,,,,0,,,,,,,,,,,,,,,,,,,,,,,,,,,,,,,,,,,0,,,,,,,,,,,,,,,,,,,,,,,,,,,,,,,,,,,,,,,,,,,,,,,,,,,,,,,,,,,,,,,,,,,,,,,,,,,,,,,,,,,,,,,,,120.288876
15/02/2026,60.432,0,,17.496,9.499486171,,9.17142857,6.14329703,7.56,4.928611781,,,,0,0,1.54543476,,1.489464962,,,0.48,0.05132,0.022983,,0,0.252474221,,0.214285771,0.24,,0.0169895,0.138037524,,0.00878724,0.107142854,1.2672,,0.013438094,0.021589185,,0.111287858,,,0.00492,,,0.003462431,,,0.016100123,0.005789286,0.000572625,,0,0.00236,0.0017,0.00172,0.00116,,0.00174,0.0017,0.00174,0.0017,0.00172,0.0028,0.00174,0.00162,0.0017,0.00174,0.00172,,1.69E-06,,,,,1.33E-05,5.88E-06,0.000097914,,,,,,3.71E-06,0,,,,0.00011,2.79E-05,7.85E-05,8.33E-05,5.57E-05,1.70E-06,7.89E-06,,9.20E-06,3.05E-06,1.65E-06,,,,,1.71E-06,,0.00005544,1.70E-06,7.29E-06,,,,,7.29E-06,7.50E-06,6.13E-06,,,,,,,,,,,,,,,,,,,,,,,,,,,,,,,,,,,,,,,,,,,,,,,,,,,3.70E-09,3.32E-08,4.98E-08,1.66E-08,,1.66E-08,1.66E-08,,,1.66E-08,,1.66E-08,1.66E-08,1.66E-08,1.66E-08,1.66E-08,3.32E-08,1.66E-08,1.66E-08,,,,2.22E-08,,8.30E-09,,,,,,,,,,,,,,,,,,,,,,,,,,,,,,0,0,0,0,0,0,0,0,0,0,0,0,0,0,0,0,0,,0,0,0,0,0,0,0,0,0,0,0,0,0,0,0,0,0,0,0,0,0,0,0,0,0,0,,,,,,,0,,,,,,,0,0,,,,,,,,,,0,,,,,0,,,,,0,,,,,,,,,,,,,,,,,,,,,,,,,,,,,,,,,,,0,,,,,,,,,,,,,,,,,,,,,,,,,,,,,,,,,,,,,,,,,,,,,,,,,,,,,,,,,,,,,,,,,,,,,,,,,,,,,,,,,,,,,,,,,121.2695517
16/02/2026,60.432,0,,17.496,9.499486171,,9.17142857,6.14329703,7.56,4.928611781,,,,0,0,1.545596565,,1.489011745,,,0.48,0.0561,0.054282,,0,0.252474221,,0.214285771,0.24,,0.0264275,0.138037524,,0.02145352,0.107142854,1.2672,,0.014939683,0.021648607,,0.113446294,,,0.004,,,0.003665029,,0.0000035,0.016113983,0.005789286,0.001429485,,0,0.00128,0.0015,0.00152,0.00196,,0.00148,0.00142,0.00144,0.00142,0.00144,0.00142,0.00142,0.00044,0.00142,0.00142,0.00106,,0.00000272,,,,,0.000013154,1.18E-05,0.000102868,,,,,,0.000001353,0,,,,0.00007,2.72E-05,1.31E-05,8.33E-05,,1.31E-06,7.45E-06,,1.13E-05,5.67E-06,1.32E-06,,,0.0000035,,1.27E-06,,0.00006952,1.31E-06,7.28E-06,,,,,7.29E-06,0.0000075,6.12E-06,,,,,,0.000000006,,,,,,,,,,,,,,,,,,,,,,,,,,,,,,,,,,,,,,,,,,,,,,1.66E-08,1.66E-08,1.66E-08,,1.66E-08,1.66E-08,1.66E-08,,1.66E-08,,1.66E-08,1.66E-08,1.66E-08,,1.66E-08,1.66E-08,1.66E-08,,,,,1.11E-08,,8.30E-09,,,,,,,,,,,,,,3.70E-09,,,0.000000004,,,,,,,,,,,,,0,0,0,0,0,0,0,0,0,0,0,0,0,0,0,0,0,,0,0,0,0,0,0,0,0,0,0,0,0,0,0,0,0,0,0,0,0,0,0,0,0,0,,,,0,,0,0,,,0,,,,,0,0,,,,,,,,,,0,0,,,,0,,,,,0,,,,,,,,,,,,,,,,,,,,,,,,,,,,,,,,,,,0,,,,,,,,,,,,,,,,,,,,,,,,,,,,,,,,,,,,,,,,,,,,,,,,,,,,,,,,,,,,,,,,,,,,,,,,,,,,,,,,,,,,,,,,,121.3249679
17/02/2026,60.432,1.544803731,,17.496,9.499486171,,9.17142857,6.14329703,7.56,4.928611781,,,,0,0,1.545764211,,1.488663773,,,0.48,0.05342,0.033279,,0,0.252474221,,0.214285771,0.24,,0.016995,0.138037524,,0.01276836,0.107142854,1.2672,,0.014685952,0.039921304,,0.082083442,,,0.00566,,,0.003211107,,0.0000035,0.016125626,0.005789286,0.001182563,,0,0.0013,0.00024,0.00144,0.00148,,0.00144,0.00158,0.00142,0.00146,0.0011,0.00142,0.00142,0.00116,0.00024,0.00146,0.00154,,2.49E-06,,,,,2.90E-05,1.23E-06,0.000154939,,,,,,1.23E-06,0,,,,0.000105,3.11E-05,1.62E-06,8.33E-05,,0.000001353,7.54E-06,,8.87E-06,3.95E-06,0.000395419,,,,,1.42E-06,,0.00001452,1.31E-06,7.29E-06,,,,,7.29E-06,0.0000075,6.12E-06,,,,,,,,,,,,0.0000035,,,,,,,,,,,,,,,,,,,,,,,,,,,,,,,,,,,,,,,,3.32E-08,3.32E-08,1.66E-08,,1.66E-08,3.32E-08,1.66E-08,,1.66E-08,,1.66E-08,1.66E-08,,1.66E-08,1.66E-08,1.66E-08,,3.32E-08,,,,2.21E-08,,8.30E-09,,,,,,,,,,,,,,3.70E-09,,,,,,,,,,,,,,,,0,0,0,0,0,0,0,0,0,0,0,0,0,0,0,0,0,,0,0,0,0,0,0,0,0,0,0,0,0,0,0,0,0,0,0,0,0,0,0,0,0,0,,,,,,0,,,,,,,,,0,0,,,,,,,,,,0,,,,,0,,,,,0,,0,,,,,,,,,,,,,,,,,,,,,,,,,,,,,,,,,0,,,,,,,,,,,,,,,,,,,,,,,,,,,,,,,,,,,,,,,,,,,,,,,,,,,,,,,,,,,,,,,,,,,,,,,,,,,,,,,,,,,,,,,,,122.8138971
18/02/2026,60.432,0.949357325,,17.496,9.499486171,,9.17142857,6.14329703,7.56,4.928611781,,,,0,0,1.545935653,,1.488246229,,,0.48,0.04986,0.024077,,0,0.252474221,,0.214285771,0.24,,0.016841,0.138037524,,0.00876524,0.107142854,1.2672,,0.014421014,0.039921304,,0.084171161,,,0.0087,,,0.003737662,,,0.016140068,0.005789286,0.000823873,,0,0.00218,0.0016,0.00166,0.0012,,0.00164,0.00162,0.00162,0.0016,0.00176,0.0016,0.0016,0.00162,0.00278,0.00168,0.00124,,2.76E-06,,,,,0.00001176,1.57E-06,7.68E-05,,,,,,1.48E-06,0,,,,0.00008,2.76E-05,0.000149334,8.33E-05,,1.40E-06,7.76E-06,,8.99E-06,1.52E-06,1.40E-06,,,,,0.000001457,,0.00002112,1.40E-06,7.28E-06,,,,,7.29E-06,0.0000075,6.12E-06,,,,,,,,,,,,,,,,,,,,,,,,,,,,,,,,,,,,,,,,,,,,,,,,,,,,1.66E-08,3.32E-08,1.66E-08,,1.66E-08,,,,1.66E-08,,1.66E-08,1.66E-08,1.66E-08,1.66E-08,1.66E-08,1.66E-08,3.32E-08,,,,,2.22E-08,,8.30E-09,,,,,,,,,,,,,,,,,,,,,,,,,,,,,,0,0,0,0,0,0,0,0,0,0,0,0,0,0,0,0,0,,0,0,0,0,0,0,0,0,0,0,0,0,0,0,0,0,0,0,0,0,0,0,0,0,0,,,,,,,0,,,,,,,,0,0,,,,,,,,,,0,,,0,,0,,,,,0,,,,,,,,,,,,,,,,,,,,,,,,,,,,,,,,,,,0,0,,,,,,,,,,,,,,,,,,,,,,,,,,,,,,,,,,,,,,,,,,,,,,,,,,,,,,,,,,,,,,,,,,,,,,,,,,,,,,,,,,,,,,,,122.2126588
19/02/2026,60.432,0.925525086,0,17.496,9.499486171,,9.17142857,6.14329703,7.56,4.928611781,,,,0,0,1.546095871,,1.488204026,,,0.48,0.0483,0.042995,,0,0.252474221,,0.214285771,0.24,,0.0167805,0.138037524,,0.01730652,0.107142854,1.2672,,0.014333369,0.041716441,,0.081130119,,,0.00412,,,0.003544609,,0.0000105,0.016152836,0.005789286,0.001236056,,0,0.00124,0.0014,0.00144,0.00132,,0.0016,0.00142,0.00154,0.00144,0.00142,0.00142,0.00034,0.00136,0.0015,0.00024,0.00144,,1.43E-06,,,,0,8.63E-05,1.40E-06,8.48E-05,,,0,,,1.27E-06,0,,,,0.000085,9.58E-05,2.16E-06,8.33E-05,,0.000001314,7.54E-06,6.43E-06,8.86E-06,1.64E-06,1.31E-06,,,0.0000035,,1.32E-06,,0.00009152,1.27E-06,7.29E-06,,,,,7.29E-06,0.0000075,6.12E-06,,,,,,,,,,,,,,0.00000903,,,,,,,,,,,,,,,,,,,,,,,,,,,,,,,,,,,,,,1.66E-08,1.66E-08,1.66E-08,,1.66E-08,1.66E-08,1.66E-08,,1.66E-08,,1.66E-08,,1.66E-08,1.66E-08,,1.66E-08,1.66E-08,1.66E-08,,,,1.48E-08,,8.30E-09,,,,,,,,,,,,,,,,,,,,,,,,,,,,,,0,0,0,0,0,0,0,0,0,0,0,0,0,0,0,0,0,,0,0,0,0,0,0,0,0,0,0,0,0,0,0,0,0,0,0,0,0,0,0,0,0,0,,,,,,,,,,,,,,0,0,0,,,,,,,,,,0,,,,,0,,,,,0,,,,,,,,,,,,,,,,,,,,,,,,,,,0,0,,,,,,,0,,0,0,,,,,,,,,,,,,,,,,,,,,,,,,,,,,,,,,,,,,,,,,,,,,,,,,,,,,,,,,,,,,,,,,,,,,,,,,,,,,,,,,,,,,,122.2029277
20/02/2026,60.432,1.296289335,,17.496,9.499486171,,9.17142857,6.14329703,7.56,4.928611781,,,,0,0,1.552465559,,1.491099436,,,0.48,0.21246,0.038924,,0,0.252474221,,0.214285771,0.24,,0.028633,0.138037524,,0.00849948,0.107142854,1.2672,,0.098719955,0.036908712,,0.075362723,0.011232532,,0.03102,,,0.003428606,0.0006,0.003745,,0.005789286,0.000508661,,0,0.00124,0.00146,0.00142,0.00156,,0.00148,0.00146,0.00144,0.00142,0.00152,0.00034,0.00158,0.00156,0.00024,0.0022,0.0013,,2.09E-06,,,,0,0.000011111,7.88E-07,7.70E-05,,,0,,,8.66E-07,0,,,,0.00019,2.62E-05,1.28E-06,8.33E-05,,7.84E-07,7.15E-06,0.000009155,8.38E-06,2.26E-06,8.45E-07,,,0.000091,,8.66E-07,,,0.000001134,7.29E-06,,,,,7.29E-06,0.0000075,6.12E-06,,,,,,,,,,,0.00012,0.0000035,,0.00000774,,,,,0.0000124,,,0.000011,,,,,2.24E-06,,,,,,,,,,,,,,,,,,,,,,,,,1.66E-08,1.66E-08,1.66E-08,,1.66E-08,3.32E-08,1.66E-08,,1.66E-08,,1.66E-08,1.66E-08,3.32E-08,3.32E-08,1.66E-08,,,,,,,2.96E-08,,8.30E-09,,,,,,,,,,,,,,,,,,,,,,,,,,,,,,0,0,0,0,0,0,0,0,0,0,0,0,0,0,0,0,0,,0,0,0,0,0,0,0,0,0,0,0,0,0,0,0,0,0,0,0,0,0,0,0,0,0,,,,,,,,,0,0,,,,,0,0,,,,,,,,,,0,,,,,0,,,,,0,,,,,,,,,,,,,,,,,,,,,,,,,,,0,0,,,,,,,0,,,,,,,,,,,,,,,,,,,,,,,,,,,,,,,,,,,,,,,,,,,,,,,,,,,,,,,,,,,,,,,,,,,,,,,,,,,,,,,,,,,,,,,,,122.8465698
21/02/2026,60.432,0.305752405,,17.496,9.499486171,,9.17142857,6.14329703,7.56,4.928611781,,,,0,0,1.557275155,,1.491099436,,,0.48,0.20852,0.022293,,0,0.252474221,,0.214285771,0.24,,0.009306,0.138037524,,0.00088528,0.107142854,1.2672,,0.233081466,0.040819888,,0.068277259,0.014285714,,0.0126,,,0.003957065,0.00004,0.0003955,,0.005789286,0.000673996,,0,0.00506,0.00488,0.00488,0.00484,,0.00492,0.00484,0.00486,0.00486,0.00482,0.0049,0.00504,0.00496,0.00482,0.00436,0.00494,,0.00000188,,,,0,2.09E-06,5.65E-07,9.03E-05,,,0,,,5.21E-07,0,,,,0.00013,0.000026604,7.91E-07,8.33E-05,,6.03E-07,6.84E-06,,1.61E-05,0.000001792,5.90E-07,,,,,0.00000057,,,5.65E-07,0.000007284,,,,,7.29E-06,0.0000075,6.12E-06,,,,,1.27E-06,,,,,,,,,,,,,,0.0000012,,,,,,,,2.56E-07,,,,,,,,,,,,,,,,,,,,,,,,,1.66E-08,1.66E-08,3.32E-08,,1.66E-08,1.66E-08,1.66E-08,,1.66E-08,,1.66E-08,3.32E-08,1.66E-08,3.32E-08,1.66E-08,3.32E-08,1.66E-08,1.66E-08,,,,2.96E-08,,8.30E-09,,,,,,,,,,,,,,,,,,,,,,,,,,,,,,0,0,0,0,0,0,0,0,0,0,0,0,0,0,0,0,0,,0,0,0,0,0,0,0,0,0,0,0,0,0,0,0,0,0,0,0,0,0,0,0,0,0,,,,,,,,,,0,,,,0,0,0,,,,,,,,,,0,,,,,0,,,,,0,,,,,,,,,,,,,,,,,,,,,,,,,,,0,0,,,,,,,0,,,,,,,,,,,,,,,,,,,,,,,,,,,,,,,,,,,,,,,,,,,,,,,,,,,,,,,,,,,,,,,,,,,,,,,,,,,,,,,,,,,,,,,,,121.9783897
22/02/2026,60.432,0.534344582,,17.496,9.499486171,,9.17142857,6.14329703,7.56,4.928611781,,,,0,0,1.561793153,,1.491099436,,,0.48,0.35152,1.386516,,0,0.252474221,,0.214285771,0.24,,1.868383,0.138037524,,0.15474932,0.107142854,1.2672,,0.088127527,0.049125783,,0.053230348,0.014285714,,0.03496,,,0.004224995,0.00026,0.0027265,,0.005789286,0.001071134,,0,0.00242,0.0024,0.00242,0.00204,,0.00252,0.00256,0.00246,0.00248,0.00244,0.0036,0.00262,0.00248,0.00352,0.00226,0.00242,,6.40E-07,,,,0,1.11E-05,0.00000049,7.78E-05,,,0,,,8.97E-05,0,,,,0.00021,2.55E-05,7.81E-05,8.33E-05,,5.03E-07,6.66E-06,,8.93E-06,4.60E-07,5.25E-07,,,0.0000665,,4.39E-07,,,5.21E-07,7.29E-06,,3.70E-09,,,7.29E-06,0.0000075,6.12E-06,,,,,,,,,,,0.00012,,,,,,,,0.00001,,,0.000011,,,,,2.18E-06,,,,,,,,,,,,,,,,,,,,,,,,2.04E-08,1.66E-08,3.32E-08,1.66E-08,,1.66E-08,1.66E-08,1.66E-08,,1.66E-08,,1.66E-08,1.66E-08,1.66E-08,1.66E-08,1.66E-08,3.32E-08,1.66E-08,1.66E-08,,,,1.85E-08,,8.30E-09,,,,,,,0.000000011,,,,,,,,,,,,,,,,,,,,,,,0,0,0,0,0,0,0,0,0,0,0,0,0,0,0,0,0,,0,0,0,0,0,0,0,0,0,0,0,0,0,0,0,0,0,0,0,0,0,0,0,0,0,,,,,,,,0,,0,,,,,0,0,,,,,0,,,,,0,,,,,0,,,,,0,,0,,,,,,,,,,,,,,,,,,,,,,,,,0,0,,,,,,,0,,,,0,0,,,,,,,,,,,,,,,,,,,,,,,,,,,,,,,,,,,,,,,,,,,,,,,,,,,,,,,,,,,,,,,,,,,,,,,,,,,,,,,,,,,,125.5716436
23/02/2026,60.432,3.179709387,,17.496,9.499486171,,9.17142857,6.14329703,7.56,4.928611781,,,,0,0,1.567279695,,1.491099436,,,0.48,0.323,0.049561,,0,0.252474221,,0.214285771,0.24,,0.059312,0.138037524,,0.0094204,0.107142854,1.2672,,0.02002708,0.049125783,,0.053230348,0.014285714,,0.02456,,,0.00165003,0.00011,0.0002135,,0.005789286,0.005630703,,0,0.02876,0.00166,0.00164,0.00232,,0.00172,0.00172,0.00168,0.0016,0.00164,0.00152,0.00188,0.00164,0.00046,0.0017,0.00148,,4.42E-07,,,,0,1.42E-05,2.63E-07,0.000182141,,,0,,,3.02E-07,0,,,,0.00016,0.000025692,7.28E-07,8.33E-05,,3.41E-07,6.54E-06,,7.67E-06,0.000001651,3.02E-07,,,0.000119,,8.45E-07,,,4.82E-07,7.29E-06,,,,,7.29E-06,0.0000075,6.12E-06,,,,,5.62E-08,,,,,,,,,,,,,,0.000006,,,,,,,,0.000001059,,,,,0.000005,,,,,,,0.000005,,,,,,0.0000105,,,,,,,3.32E-08,2.57E-08,3.32E-08,,1.66E-08,1.66E-08,1.66E-08,,1.66E-08,,1.66E-08,3.32E-08,1.66E-08,1.66E-08,,1.66E-08,,,,,,3.33E-08,,8.30E-09,,,,,,,,,,,,,,,,,,,,,,,,,,,,,,0,0,0,0,0,0,0,0,0,0,0,0,0,0,0,0,0,,0,0,0,0,0,0,0,0,0,0,0,0,0,0,0,0,0,0,0,0,0,0,0,0,0,,,,,,,,,,0,,,,0,0,0,,,,,,,,,,0,,,,,0,,,,,0,,,,,,,,,,,,,,,,,,,,,,,,,,,0,0,,0,,,,,0,,,,,0,0,0,0,0,,,,,,,,,,,,,,,,,,,,,,,,,,,,,,,,,,,,,,,,,,,,,,,,,,,,,,,,,,,,,,,,,,,,,,,,,,,,,,,,124.8360483
24/02/2026,60.432,2.090985348,,17.496,9.499486171,,9.17142857,6.14329703,7.56,4.928611781,,,,0,0,1.567440595,,1.491099436,,,0.48,0.32648,0.032096,,0,0.252474221,,0.214285771,0.24,,0.013079,0.138037524,,0.01192268,0.107142854,1.2672,,0.026812903,0.049125783,,0.053230348,0.014285714,,0.01292,,,0.004025511,0.00003,0.0000175,,0.005789286,0.007946939,,0,0.01988,0.00158,0.00158,0.00132,,0.00164,0.00156,0.00158,0.00154,0.0016,0.00096,0.00158,0.0014,0.00152,0.00134,0.00158,,3.44E-06,,,,0,0.00001941,3.02E-07,1.44E-05,,,,,,3.60E-07,0,,,,0.000095,2.72E-05,1.12E-06,8.33E-05,,3.59E-07,6.54E-06,,9.26E-06,2.02E-06,3.50E-07,,,,,3.54E-07,,,3.89E-07,7.29E-06,,,,,7.29E-06,0.0000075,6.12E-06,,,,,,,,,,,,0.0000035,,,,,,,,,,,,,,,,,,,,0,,,,,,,0.000005,,0,,,,,,,,,,,1.66E-08,3.63E-08,1.66E-08,,1.66E-08,1.66E-08,1.66E-08,,1.66E-08,,1.66E-08,1.66E-08,1.66E-08,1.66E-08,1.66E-08,1.66E-08,1.66E-08,1.66E-08,,,,3.33E-08,,8.30E-09,,,,,,,,,,,,,,,,,,,,,,,,,,,,,,0,0,0,0,0,0,0,0,0,0,0,0,0,0,0,0,0,,0,0,0,0,0,0,0,0,0,0,0,0,0,0,0,0,0,0,0,0,0,0,0,0,0,,,,,,,,,,,,,,,0,0,,,,,,,,,,0,,,,,0,,,,0,0,,,,0,,,,,,,,0,0,0,,,0,0,0,0,0,0,0,0,0,0,0,0,,,,,,,0,,,,,0,0,0,0,0,0,0,,,,,,,,,,,,,,,,,,,,,,,,,,,,,,,,,,,,,,,,,,,,,,,,,,,,,,,,,,,,,,,,,,,,,,,,,,,,,,123.6782118
25/02/2026,60.432,1.322874064,,17.496,9.499486171,,9.17142857,6.14329703,7.56,4.928611781,,,,0,0,1.568577879,,1.491099436,,,0.48,0.4304,0.053549,,0,0.252474221,,0.214285771,0.24,,0.045485,0.138037524,,0.0150744,0.107142854,1.2672,,0.015847452,0.049125783,,0.053230348,0.014400982,,0.03918,,,0.004300707,0.000265,0.0004025,,0.005789286,0.004190656,,0,0.0125,0.00144,0.00146,0.0013,,0.00152,0.00146,0.00144,0.00144,0.0005,0.00198,0.00144,0.00218,0.00142,0.00166,0.00142,,3.35E-07,,,,0,8.58E-06,2.78E-07,0.000142365,,,0,,,6.69E-05,0,,,,0.00016,9.35E-05,0.000140623,8.33E-05,,0.000000258,6.54E-06,,6.57E-05,2.12E-06,3.05E-07,,,0.000091,,2.61E-07,,,3.84E-07,7.29E-06,,,,,7.29E-06,0.0000075,6.12E-06,,,,,,,,,,,,,,,,,,,0.00001,,,,,,,,1.57E-06,,,,,0.000005,,,,,,,,,,,,,,,,,,,1.43E-06,1.82E-08,2.26E-08,1.66E-08,,3.32E-08,,1.66E-08,,1.66E-08,,1.66E-08,1.66E-08,,1.66E-08,3.32E-08,1.66E-08,1.66E-08,1.66E-08,,,,2.21E-08,,8.30E-09,,,,,,,,,,,,,,,,,,,,,,,,,,,,,,0,0,0,0,0,0,0,0,0,0,0,0,0,0,0,0,0,,0,0,0,0,0,0,0,0,0,0,0,0,0,0,0,0,0,0,0,0,0,0,0,0,0,,,,,,,,0,,0,,,,,0,0,,,,,,,,,,0,,,,,0,,,,,0,,0,,,,,,,,,,,,,,,,,0,,,,,,,,0,0,,,,,,,0,,,,,0,0,0,0,,0,0,0,0,0,0,0,0,0,0,,,,,,,,,,,,,,,,,,,,,,,,,,,,,,,,,,,,,,,,,,,,,,,,,,,,,,,,,,,,,,,,,,,,,,123.0778253
26/02/2026,60.432,0.900420831,,17.496,9.499486171,,9.17142857,6.14329703,7.56,4.928611781,,,,0,0,1.568827345,,1.491099436,,,0.48,0.37444,0.032695,,0,0.252474221,,0.214285771,0.24,,0.0183755,0.138037524,,0.00951236,0.107142854,1.2672,,0.013782485,0.056475792,,0.039915115,0.014285714,,0.00568,,,0.004242061,0.000125,0.0000385,,0.005789286,0.00197903,,0,0.00328,0.00116,0.00152,0.00138,,0.00144,0.00162,0.00146,0.00146,0.0022,0.00044,0.0019,0.00024,0.0014,0.0016,0.00112,,1.52E-06,,,,0,1.88E-05,2.14E-07,0.000212286,,,0,,,3.28E-07,0,,,,0.00008,0.000136251,6.35E-07,8.33E-05,,3.02E-07,6.41E-06,,8.44E-06,3.74E-07,1.79E-07,,,,,1.91E-07,,,3.41E-07,7.28E-06,,,,,7.29E-06,0.0000075,6.12E-06,,,,,,,,,,,,,,,,,,,,,,,,,,,,,,,,,,,,,,,,,,,,,,,,,,,,1.66E-08,3.32E-08,1.66E-08,,1.66E-08,1.66E-08,,,1.66E-08,,1.66E-08,1.66E-08,1.66E-08,,3.32E-08,,1.66E-08,,,,,1.85E-08,,8.30E-09,,,,,,,,,,,,,,,,,,,,,,,,,,,,,,0,0,0,0,0,0,0,0,0,0,0,0,0,0,0,0,0,,0,0,0,0,0,0,0,0,0,0,0,0,0,0,0,0,0,0,0,0,0,0,0,0,0,,,,,,,,,,0,,,,,0,0,,,,,,,,,,0,,,,,0,,,,,0,,,,,,,,,,,,,,,0,0,,,0,,,,,,,,0,0,,0,,,,,0,,,,,0,0,0,0,,0,0,0,,,,0,0,0,,0,0,,,,,,,,,,,,,,,,,,,,,,,,,,,,,,,,,,,,,,,,,,,,,,,,,,,,,,,,,,,,,,,,,,,,122.4904454
27/02/2026,60.432,0.844710135,,17.496,9.499486171,,9.17142857,6.14329703,7.56,4.928611781,,,,0,0,1.568941042,,1.491147552,,,0.48,0.40834,0.021765,,0,0.252474221,,0.214285771,0.24,,0.018975,0.138037524,,0.00721468,0.107142854,1.2672,,0.014544053,0.056342991,,0.039915115,0.014285714,,0.00938,,,0.004523745,0.00024,0.000021,,0.005789286,0.000437141,,0,0.0021,0.00142,0.00146,0.00146,,0.00156,0.00146,0.00142,0.00146,0.00144,0.00148,0.0008,0.00138,0.00138,0.00152,0.0014,,0.000001427,,,,0,8.81E-06,2.14E-07,0.000976462,,,0,,,4.33E-07,0,,,,0.00009,2.61E-05,7.66E-07,8.33E-05,,1.75E-07,6.53E-06,,7.59E-06,1.64E-06,3.07E-07,,,,,0.000000263,,,3.02E-07,7.29E-06,,,,,7.29E-06,0.0000075,6.12E-06,,,,,1.75E-06,,,,,,,,,,,,,,0.0000004,,,,,,,,0.000000099,,,,,,,,,,,,,,,,,,,,,,,,,1.66E-08,3.32E-08,1.66E-08,,1.66E-08,1.66E-08,3.32E-08,,1.66E-08,,1.66E-08,,1.66E-08,1.66E-08,1.66E-08,1.66E-08,1.66E-08,1.66E-08,,,,3.33E-08,,8.30E-09,,,,,,,,,,,,,,3.70E-09,,,,,,,,,,,,,,,,0,0,0,0,0,0,0,0,0,0,0,0,0,0,0,0,0,,0,0,0,0,0,0,0,0,0,0,0,0,0,0,0,0,0,0,0,0,0,0,0,0,0,,,,,,0,,,,,,,,0,0,0,,,,,,,,,,0,,,,,0,,,,,0,,0,,,,,,,,,,,,,,,,,0,,,,,,,,0,0,,,,,,,0,,,,,0,0,0,0,,0,0,,,,,0,0,0,,,0,0,,,,,,,,,,,,,,,,,,,,,,,,,,,,,,,,,,,,,,,,,,,,,,,,,,,,,,,,,,,,,,,,,,,122.4595115
28/02/2026,60.432,0.324844313,,17.496,9.437407637,,9.17142857,6.14329703,7.56,4.622294947,,,,0,0,1.569026781,,1.491622206,,,0.48,0.45612,0.012916,,0,0.252474221,,0.214285771,0.24,,0.0090695,0.138037524,,0.00480876,0.107142854,1.2672,,0.01405828,0.055110808,,0.039774059,0.014285714,,0.01752,,,0.003940926,0.000005,0.000252,,0.005789286,0.000439924,,0,0.01012,0.00466,0.00466,0.00444,,0.0048,0.00466,0.00464,0.0046,0.00462,0.00464,0.00462,0.00462,0.0047,0.0049,0.00444,,8.11E-07,,,,0,1.05E-05,6.08E-07,7.77E-05,,,,,,4.71E-07,0,,,,0.000105,2.72E-05,3.61E-06,8.33E-05,,6.08E-07,6.84E-06,,7.86E-06,1.79E-06,6.08E-07,,,,,5.95E-07,,,6.47E-07,7.29E-06,,,,,7.29E-06,0.0000075,6.12E-06,,,,,1.43E-06,,,,,,,,,,,,,,,,,,,,,,,,,,,,,,,,,,,,,,,,,,,,,,,1.66E-08,3.32E-08,3.32E-08,,1.66E-08,1.66E-08,1.66E-08,,1.66E-08,,1.66E-08,1.66E-08,1.66E-08,1.66E-08,3.32E-08,1.66E-08,1.66E-08,,,,,2.59E-08,,8.30E-09,,,,,,,,,,,,,,,,,,,,,,,,,,,,,,0,0,0,0,0,0,0,0,0,0,0,0,0,0,0,0,0,,0,0,0,0,0,0,0,0,0,0,0,0,0,0,0,0,0,0,0,0,0,0,0,0,0,,,,,,,,,,,,,,0,0,0,,,,,,,,,,0,,,,,0,,,,,0,,,,,,,,,,,,,,,,,,,0,,,,,,,,0,0,,,,,,,0,,,,,0,,,0,0,0,0,,,,,0,0,,,,,,,,,,,,,,,,,,,,,,,,,,,,,,,,,,,,,,,,,,,,,,,,,,,,,,,,,,,,,,,,,,,,,,,,121.6566302
1/03/2026,60.432,0,407.78,17.496,8.963036086,207.6037345,8.283870967,5.548784415,7.56,3.344956267,,,,0,0,1.260426748,,1.34727167,,,0.48,0.50682,0.018112,30.36,0,0.228041232,,0.193548386,0.24,,0.0081895,0.124679054,,0.0070004,0.096774192,1.2672,,0.004263914,0.052133891,,0.03165614,0.012903226,,0.00596,,,0.004281274,0.00001,0.0000105,,0.005229032,0.000888907,,0,0.01462,0.00228,0.00224,0.00252,,0.00214,0.00224,0.00226,0.00226,0.00228,0.0022,0.00226,0.00226,0.00226,0.00224,0.00226,,6.60E-05,,,,0,7.66E-05,3.89E-07,0.000138102,,,,,,2.33E-06,0,,,,0.00011,3.42E-05,7.58E-05,7.52E-05,,3.46E-07,8.10E-06,,7.74E-06,6.84E-07,4.10E-07,,,,,4.02E-07,,,3.89E-07,7.29E-06,,,,,7.29E-06,0.0000075,6.12E-06,,,,7.30E-09,,0.000000003,,,,,,,,,,,,,0.0000004,,,,,,,,,,,,,0,,,,,,,0.000005,,,,,,,,,,,,,3.32E-08,3.10E-09,1.66E-08,,1.66E-08,1.66E-08,1.66E-08,,1.66E-08,,,1.66E-08,1.66E-08,3.32E-08,1.66E-08,1.66E-08,1.66E-08,3.32E-08,,,,2.96E-08,,8.30E-09,,,,7.30E-09,,,,,,,,,,,,0.000000011,,,,,,,,,,,,,,0,0,0,0,0,0,0,0,0,0,0,0,0,0,0,0,0,,0,0,0,0,0,0,0,0,0,0,0,0,0,0,0,0,0,0,0,0,0,0,0,0,0,,,,0,,,,,,,,,,,0,0,,0,,0,,,,,,0,,,,,0,,,,,0,,,0,,,,,,,,,,,,,,,,0,,,,,,,,0,0,,,,,,,0,,,,,0,,,0,,0,0,,,,,0,0,0,,0,0,,0,,,,,,,,,,,,,,,,,,,,,,,,,,,,,,,,,,,,,,,,,,,,,,,,,,,,,,,,,,,,,,,,,,763.3147329
2/03/2026,60.432,0,,17.496,8.963036086,,8.283870967,5.548784415,7.56,3.344956267,,,,0,0,1.385490752,,1.347450364,,,0.48,0.535,0.023862,,0,0.228041232,,0.193548386,0.24,,0.007469,0.124679054,,0.00849596,0.096774192,1.2672,,0.013938505,0.054651775,,0.026201286,0.012903226,,0.0044,,,0.004169048,0.000005,0.0000035,,0.005229032,0.001429549,,0,0.01192,0.00212,0.00172,0.00136,,0.00182,0.00166,0.00174,0.00172,0.00152,0.00162,0.00208,0.00196,0.00176,0.00242,0.00172,,1.68E-06,,,,0,0.000010307,3.46E-07,0.00011572,,,,,,0.000001046,0,,,,0.0001,2.86E-05,1.54E-06,7.52E-05,4.92E-05,3.89E-07,0.000006623,,7.68E-06,1.54E-06,3.07E-07,,,,,3.56E-07,,,4.28E-07,7.29E-06,,,,,7.29E-06,0.0000075,6.12E-06,,,,,,,,,,,,,,,,,,,,,,,,,,,,,,,,0.000005,,,,,,,,,,,,,,,,,,,1.75E-06,1.66E-08,2.26E-08,1.66E-08,,1.66E-08,1.66E-08,1.66E-08,,1.66E-08,,1.66E-08,1.66E-08,1.66E-08,1.66E-08,3.32E-08,1.66E-08,1.66E-08,1.66E-08,,,,1.85E-08,,8.30E-09,,,,,,,,,,,,,,,,,,,,,,,,,,,,,,0,0,0,0,0,0,0,0,0,0,0,0,0,0,0,0,0,,0,0,0,0,0,0,0,0,0,0,0,0,0,0,0,0,0,0,0,0,0,0,0,0,0,0,,,,,,,0,,,,,,,0,0,,,,,,,,,,0,,,,,0,,,,,0,,,,,,,,,,,,,,,,,,,0,,,,,,,,0,0,,,,,,,0,,,,,0,0,0,0,,0,0,0,,,,0,0,0,,,0,0,,0,,,,,,,,,,,,,,,,,,,,,,,,,,,,,,,,,,,,,,,,,,,,,,,,,,,,,,,,,,,,,,,,,117.7271659
3/03/2026,60.432,0,,17.496,8.963036086,,8.283870967,5.548784415,7.56,3.344956267,,,,0,0,1.385558278,,1.347450364,,,0.48,0.54042,0.022728,,0,0.228041232,,0.193548386,0.24,,0.006226,0.124679054,,0.00912956,0.096774192,1.2672,,0.013298257,0.054651775,,0.026201286,0.012903226,,0.00312,,,0.00289806,0.000005,0.0000035,,0.005229032,0.003354684,,0,0.00268,0.00094,0.00034,0.00084,,0.00024,0.00024,0.00024,0.00024,0.00024,0.00124,0.00086,0.00094,0.00128,0.00086,0.00024,,3.52E-07,,,,0,8.34E-05,0.000000676,1.99E-05,,,0,,,1.91E-07,0,,,,0.00003,8.97E-05,3.11E-05,7.52E-05,,2.01E-07,1.09E-05,,1.50E-05,0.000000179,2.54E-07,,,,,1.78E-07,,,2.63E-07,7.29E-06,,,,,7.29E-06,0.0000075,6.12E-06,,,,,,,,,,,,,,,,,,,,,,,,,,,,,,,,,,,,,,0.000000023,,,,,,,,,,,,,,,1.66E-08,,,,,,,,,,1.66E-08,,1.66E-08,,1.66E-08,1.66E-08,,,,,2.96E-08,,,,,,,,,,,,,,,,,,,,,,,,,,,,,,,,0,0,0,0,0,0,0,0,0,0,0,0,0,0,0,0,0,,0,0,0,0,0,0,0,0,0,0,0,0,0,0,0,0,0,0,0,0,0,0,0,0,0,,,,,,,,,,0,0,,,,0,0,,,,,,,,,,0,,,,,0,,,,,0,,,,,,,,,,,,,,,,,,,,,,,,,,,0,0,,,,,,,0,,,,,0,0,0,0,,0,0,0,,,,,,0,,,,,,,0,0,0,,,,,,,,,,,,,,,,,,,,,,,,,,,,,,,,,,,,,,,,,,,,,,,,,,,,,,,,,,,,,,117.7038735
4/03/2026,60.432,0,,17.496,8.963036086,,8.283870967,5.548784415,7.56,3.344956267,,,,0,0,1.385631283,,1.347450364,,,0.4743625,0.58712,0.041758,,0,0.228041232,,0.193548386,0.24,,0.0066495,0.124679054,,0.01674376,0.096774192,1.206934661,,0.01481871,0.054651775,,0.026201286,0.012903226,,0.00514,,,0.003015265,0.000005,0.0000175,,0.005229032,0.002901008,,0,0.00198,0.0014,0.0014,0.0015,,0.0014,0.00148,0.0014,0.0015,0.0016,0.00138,0.00142,0.00152,0.00142,0.0014,0.0014,,2.03E-06,,,,0,2.22E-05,2.82E-06,0.000168101,,,0,,,3.02E-07,0,,,,0.000095,3.00E-05,4.11E-05,7.52E-05,,0.000000258,6.54E-06,1.49E-07,8.10E-06,0.000001567,2.14E-07,,,0.0000035,,2.61E-07,,,0.000000258,8.51E-06,,,,,7.29E-06,7.50E-06,6.12E-06,,,,,,,,,,,,,,0.00001032,,,,,,,,,,,,,6.39E-08,,,,,,,,,,,,,,,,,,,,,,,,,1.66E-08,1.66E-08,1.66E-08,,1.66E-08,1.66E-08,1.66E-08,,1.66E-08,,1.66E-08,1.66E-08,1.66E-08,1.66E-08,1.66E-08,1.66E-08,1.66E-08,1.66E-08,,,,2.22E-08,,8.30E-09,,,,,,,,,,,,,,,,,,,,,,,,,,,,,,0,0,0,0,0,0,0,0,0,0,0,0,0,0,0,0,0,,0,0,0,0,0,0,0,0,0,0,0,0,0,0,0,0,0,0,0,0,0,0,0,0,0,,,,,,,,,,,,,,,0,0,,,,,,,,,,0,,,,,0,,,,,0,,0,,,,,,,,,,,,,,,,,0,,,,,,,,0,0,,0,,,,,0,,,,,0,,,0,,0,0,,,,,0,0,0,,,,,,,,,,0,,,,,,,,,,,,,,,,,,,,,,,,,,,,,,,,,,,,,,,,,,,,,,,,,,,,,,,,,,,,,117.7259212
5/03/2026,60.432,0,,17.496,8.963036086,,8.283870967,5.548784415,7.56,3.344956267,,,,0,0,1.385699722,,1.347450364,,,0.36,0.67656,0.036157,,0,0.228041232,,0.193548386,0.24,,0.007722,0.124679054,,0.01433608,0.096774192,,,0.01504522,0.05478741,,0.02595557,0.012903226,,0.0172,,,0.00350595,0.000005,0.000021,,0.005229032,0.001804316,,0,0.00202,0.00146,0.00142,0.00142,,0.00152,0.00146,0.00152,0.00144,0.00142,0.00126,0.0015,0.00132,0.0014,0.00154,0.00132,,1.57E-06,,,,0,9.99E-06,3.10E-07,0.000157653,,,0,,,0.000000258,0,,,,0.00014,2.85E-05,0.000128832,7.52E-05,,3.02E-07,6.50E-06,6.20E-06,7.71E-06,1.54E-06,2.50E-07,,,0.000007,,3.09E-07,,,3.02E-07,0.000007284,,,,,7.29E-06,0.0000075,6.12E-06,,,,,,,,,,,,0.0000035,,0.00000129,,,,,0.0000036,,,,,,,,9.96E-07,,,,,,,,,,,,,,,,,,,,,,,,,1.66E-08,1.66E-08,1.66E-08,,1.66E-08,1.66E-08,1.66E-08,,1.66E-08,,1.66E-08,1.66E-08,1.66E-08,1.66E-08,1.66E-08,,1.66E-08,1.66E-08,,,,2.96E-08,,8.30E-09,,,,,,,,,,,,,,,,,,,,,,,,,,,,,,0,0,0,0,0,0,0,0,0,0,0,0,0,0,0,0,0,,0,0,0,0,0,0,0,0,0,0,0,0,0,0,0,0,0,0,0,0,0,0,0,0,0,,,,,,,,,,,,,,,0,0,,,,,,,,,,0,,,,,0,,,,,0,,,,,,,,,,,,,,,,,,,0,,,,,,,,0,0,,0,,,,,,,,,,0,,,0,,0,0,,,,,0,0,,,,,,,,,,,,,,,,,,,,,,,,,,,,,,,,,,,,,,,,,,,,,,,,,,,,,,,,,,,,,,,,,,,,,,,,116.4987028
6/03/2026,60.432,0,,17.496,8.963036086,,8.283870967,5.548784415,7.56,3.344956267,,,,0,0,1.412004723,,1.347450364,,,0.36,0.64916,0.020493,,0,0.228041232,,0.193548386,0.24,,0.009075,0.124679054,,0.0075878,0.096774192,,,0.015626755,0.05478741,,0.02595557,0.012903226,,0.00476,,,0.002906508,0.000005,0.0000175,,0.005229032,0.001637843,,0,0.00324,0.00142,0.00142,0.00156,,0.00146,0.0014,0.00142,0.00142,0.00144,0.0015,0.00146,0.00144,0.00146,0.00128,0.00142,,4.50E-06,,,,0,7.95E-05,3.02E-07,7.14E-05,,,0,,,0.000000258,0,,,,0.00009,2.66E-05,9.57E-06,7.52E-05,0.000000003,1.06E-05,6.48E-06,5.42E-06,1.50E-05,3.46E-07,0.000000305,,,0.0000035,,0.000000258,,,2.14E-07,7.29E-06,,,,,7.29E-06,0.0000075,6.12E-06,,,,,,,,,,,,,,0.00000129,,,,,,,,,,,,,6.39E-08,,,,,,,,,,,,,,,,,,,,,,,,,1.66E-08,1.79E-08,1.66E-08,,1.66E-08,1.66E-08,1.66E-08,,1.66E-08,,1.66E-08,1.66E-08,1.66E-08,1.66E-08,1.66E-08,1.66E-08,1.66E-08,1.66E-08,,,,2.22E-08,,8.30E-09,,,,,,,,,,,,,,,,,,,,,,,,,,,,,,0,0,0,0,0,0,0,0,0,0,0,0,0,0,0,0,0,,0,0,0,0,0,0,0,0,0,0,0,0,0,0,0,0,0,0,0,0,0,0,0,0,0,0,,,,,,,,,,,,,,0,0,,,,,,,,,,0,,,,,0,,,,,0,,,,,,,,,,,,,,,,,,,,,,,,,,,0,0,,,,,,,,,,,,0,,,0,,0,0,,0,0,,0,0,,,,,,,,,,,,,,,,,,,,,,,,,,,,,,,,,,,,,,,,,,,,,,,,,,,,,,,,,,,,,,,,,,,,,,,,116.4650597
7/03/2026,60.432,0,,17.496,8.963036086,,8.283870967,5.548784415,7.56,3.344956267,,,,0,0,1.417769906,,1.347450364,,,0.36,0.6744,0.01495,,0,0.228041232,,0.193548386,0.24,,0.006963,0.124679054,,0.005357,0.096774192,,,0.015038723,0.05478741,,0.02595557,0.012903226,,0.00548,,,0.002740571,0.000005,0.0000035,,0.005229032,0.001528963,,0,0.00422,0.00212,0.00248,0.0025,,0.00252,0.00244,0.00246,0.00248,0.00222,0.0021,0.00246,0.0023,0.00248,0.00246,0.00238,,3.10E-06,,,,0,7.78E-06,0.000000258,0.000106486,,,,,,2.76E-07,0,,,,0.00007,3.14E-05,4.86E-06,7.52E-05,0.000000003,2.18E-06,6.50E-06,,7.77E-06,2.28E-05,8.35E-07,,,,,5.40E-07,,,0.000000258,7.29E-06,,,,,7.29E-06,0.0000075,6.12E-06,,,,,,,,,,,,,,,,,,,,,,,,,,,,,,,,0,,,,,,,,,,,,,,,,,,,,3.32E-08,1.66E-08,1.66E-08,,1.66E-08,1.66E-08,,,1.66E-08,,1.66E-08,1.66E-08,,,1.66E-08,,1.66E-08,1.66E-08,,,,1.85E-08,,8.30E-09,,,,,,,,,,,,,,,,,,,,,,,,,,,,,,0,0,0,0,0,0,0,0,0,0,0,0,0,0,0,0,0,,0,0,0,0,0,0,0,0,0,0,0,0,0,0,0,0,0,0,0,0,0,0,0,0,0,0,,,,,,,,,,,,,,0,0,,,,,,,,,,0,,,,,0,,,,,0,,,,,,,,,,,,,,,,,,,,,,,,,,,0,0,,,,,,,,,,,,0,0,0,0,,0,0,0,,,,,,0,,,,0,,0,,,,,,,,,,,,,,,,,,,,,,,,,,,,,,,,,,,,,,,,,,,,,,,,,,,,,,,,,,,,,,,,,116.5002415
8/03/2026,60.432,0,,17.496,8.963036086,,8.283870967,5.548784415,7.56,3.344956267,,,,0,0,1.417857147,,1.347450364,,,0.36,0.7238,0.018406,,0,0.228041232,,0.193548386,0.24,,0.008206,0.124679054,,0.00639848,0.096774192,,,0.014285433,0.05478741,,0.02595557,0.012903226,,0.00876,,,0.003643507,0.000005,0.000014,,0.005229032,0.000486157,,0,0.00526,0.00284,0.004,0.00406,,0.00402,0.00406,0.004,0.004,0.004,0.00402,0.004,0.00284,0.00398,0.00366,0.00406,,1.83E-06,,,,0,2.52E-05,7.40E-07,0.000179422,,,,,,7.71E-05,0,,,,0.00009,4.71E-05,0.000110359,7.52E-05,0.000000003,0.000000696,6.93E-06,,8.24E-06,2.08E-06,2.66E-06,,7.40E-09,,,7.84E-07,,,7.45E-07,7.29E-06,,,,,7.29E-06,0.0000075,6.12E-06,,,,,,,,,,,,,,,,,,,0.0000004,,,,,,,,,,,,,,,,,,,,,,,,,,,,,,,7.30E-09,,1.66E-08,1.66E-08,1.66E-08,,1.66E-08,1.66E-08,,,1.66E-08,,1.66E-08,1.66E-08,1.66E-08,,,1.66E-08,1.66E-08,1.66E-08,,,,3.33E-08,,8.30E-09,,,,,,,,,,,,,,,,,,,,,,,,,,,,,,0,0,0,0,0,0,0,0,0,0,0,0,0,0,0,0,0,,0,0,0,0,0,0,0,0,0,0,0,0,0,0,0,0,0,0,0,0,0,0,0,0,0,0,0,,,,,,,,0,,,,,0,0,,,,,,,,,,0,,,,,0,,,,,0,,,,,,,,,,,0,,,,,,,,0,,,,,,,,0,0,,,,,,,,,,,,0,0,0,0,0,0,0,0,,,,0,0,0,,,,0,,0,,,,,,,,,,,,,,,,,,,,,,,,,,,,,,,,,,,,,,,,,,,,,,,,,,,,,,,,,,,,,,,,,116.5793359
9/03/2026,60.432,0,,17.496,8.963036086,,8.283870967,5.548784415,7.56,3.344956267,,,,0,0,1.41794137,,1.347450364,,,0.36,0.78206,0.021728,,0,0.228041232,,0.193548386,0.24,,0.007403,0.124679054,,0.0082478,0.096774192,,,0.014012125,0.05478741,,0.02595557,0.012903226,,0.01242,,,0.004241651,0.000005,0.000014,,0.005229032,0.001444024,,0,0.00318,0.0031,0.00224,0.00222,,0.00224,0.00226,0.00224,0.00232,0.00224,0.00224,0.00104,0.00214,0.0021,0.00104,0.00222,,1.59E-06,,,,0,3.23E-06,3.76E-07,0.000278596,,,0,,,0.000000404,0,,,,0.000105,9.86E-05,9.52E-07,7.52E-05,0.000000003,3.07E-07,6.57E-06,,7.94E-06,4.33E-07,3.50E-07,,,,,4.20E-07,,,3.07E-07,7.29E-06,,,,,7.29E-06,0.0000075,6.12E-06,,,,,,,,,,,,0.0000035,,,,,,,0.0000048,,,,,,,,7.11E-07,,,,,,,,,,,,,,,,,,,,,,,,,1.66E-08,0.000000021,1.66E-08,,1.66E-08,1.66E-08,1.66E-08,,1.66E-08,,1.66E-08,,1.66E-08,1.66E-08,,1.66E-08,1.66E-08,1.66E-08,,,,2.59E-08,,8.30E-09,,,,,,,,,,,,,,,,,,,,,,,,,,,,,,0,0,0,0,0,0,0,0,0,0,0,0,0,0,0,0,0,,0,0,0,0,0,0,0,0,0,0,0,0,0,0,0,0,0,0,0,0,0,0,0,0,0,0,,,,,,,,,,,,,,0,0,,,,,,,,,,0,,,,,0,,,,,0,,0,,,,,,,,,,,,,,,,,,,,,,,,,0,0,,,,,,,,,,,,0,0,0,0,,0,0,0,,,,0,0,,,,,0,,0,,,,,,,,,,,,,,,,,,,,,,,,,,,,,,,,,,,,,,,,,,,,,,,,,,,,,,,,,,,,,,,,,116.620971
10/03/2026,60.432,0,,17.496,8.963036086,,8.283870967,5.548784415,7.56,3.344956267,,,,0,0,1.405709564,,1.347450364,,,0.36,0.87064,0.042959,,0,0.228041232,,0.193548386,0.24,,0.012375,0.124679054,,0.0160622,0.096774192,,,0.015112351,0.05478741,,0.02595557,0.012903226,,0.02788,,,0.004123622,0.000105,0.0004585,,0.005229032,0.001784342,,0,0.0036,0.00212,0.00172,0.00162,,0.00172,0.00174,0.00166,0.00166,0.00172,0.00134,0.00256,0.0025,0.00162,0.00248,0.00174,,1.57E-06,,,,0,0.0000149,3.02E-07,0.000116216,,,0,,,3.02E-07,0,,,,0.00022,2.60E-05,5.75E-06,7.52E-05,0.000000003,3.15E-07,0.000006592,,7.85E-06,1.66E-06,2.63E-07,,,,,0.000000306,,,3.46E-07,7.29E-06,,,,,7.29E-06,0.0000075,6.12E-06,,,,,,,,,,,,,,,,,,,0.0000088,,,,,,,,2.16E-06,,,,,,,,,,,,,,,,,,,,,,,,,0.000000035,1.66E-08,1.66E-08,,1.66E-08,1.66E-08,3.32E-08,,1.66E-08,,1.66E-08,1.66E-08,1.66E-08,1.66E-08,1.66E-08,,1.66E-08,1.66E-08,,,,1.85E-08,,8.30E-09,,,,,,,,,,,,,,,,,,,,,,,,,,,,,,0,0,0,0,0,0,0,0,0,0,0,0,0,0,0,0,0,,0,0,0,0,0,0,0,0,0,0,0,0,0,0,0,0,0,0,0,0,0,0,0,0,0,0,,,,,,,,,0,,,,,0,0,,,,,,,,,,0,,,,,0,,,,,0,,,,,,,,,,,,,,,,,,,,,,,,,,,0,0,,,,,,,,,,,,0,0,0,0,,0,0,,,,,0,0,,,,,,,,,,,,,,,,,,,,,,,,,,,,,,,,,,,,,,,,,,,,,,,,,,,,,,,,,,,,,,,,,,,,,,,,116.7455428
11/03/2026,60.432,0,,17.496,8.963036086,,8.283870967,5.548784415,7.56,3.344956267,,,,0,0,1.401032748,,1.347450364,,,0.36,0.81866,0.062084,,0,0.228041232,,0.193548386,0.24,,0.007909,0.124679054,,0.02605856,0.096774192,,,0.015714429,0.05478741,,0.02595557,0.012903226,,0.0047,,,0.003398612,0.000005,0.000007,,0.005229032,0.001258045,,0,0.00324,0.00048,0.00168,0.00144,,0.0017,0.00172,0.00166,0.0017,0.0017,0.00174,0.0016,0.0015,0.00164,0.00152,0.00162,,0.000000404,,,,0,6.56E-06,3.02E-07,0.000117977,,,,,,2.73E-05,0,,,,0.000085,3.99E-05,1.90E-06,7.52E-05,,3.02E-07,6.50E-06,,7.90E-06,1.59E-06,3.15E-07,,,,,3.39E-07,,,0.000000258,0.000007284,,,,,7.29E-06,7.50E-06,6.12E-06,,,,,,,,,,,,0.0000035,,,,,,,,,,,,,,,,,,,,,,,,,,,,,,,,,,,,,,,,1.66E-08,1.66E-08,1.66E-08,,1.66E-08,1.66E-08,,,3.32E-08,,1.66E-08,1.66E-08,1.66E-08,1.66E-08,1.66E-08,1.66E-08,1.66E-08,1.66E-08,,,,2.22E-08,,8.30E-09,,,,,,,,,,,,,,,,,,,,,,,,,,,,,,0,0,0,0,0,0,0,0,0,0,0,0,0,0,0,0,0,,0,0,0,0,0,0,0,0,0,0,0,0,0,0,0,0,0,0,0,0,0,0,0,0,0,,,,,,,,,,,,,,,0,0,,,,,,,,,,0,,,,,0,,,,,0,,,,,,,,,,,,,,,,,,,,,,,,,,,0,0,,,,,,,,,,,,0,0,0,0,,0,0,0,,,,0,0,,,,,0,,0,,,,,0,0,0,,,,,,,,,,,,,,,,,,,,,,,,,,,,,,,,,,,,,,,,,,,,,,,,,,,,,,,,,,116.6841873
12/03/2026,60.432,0,,17.496,8.963036086,,8.283870967,5.548784415,7.56,3.344956267,,,,0,0,1.40112672,,1.34749558,,,0.36,0.86536,0.062228,,0,0.228041232,,0.193548386,0.24,,0.009339,0.124679054,,0.02583812,0.096774192,,,0.014350276,0.056986903,,0.021744904,0.012903226,,0.00804,,,0.003329129,0.00003,0.000007,,0.005229032,0.001797663,,0,0.00432,0.0014,0.00158,0.00118,,0.00142,0.0015,0.0014,0.0014,0.00142,0.00138,0.0014,0.00138,0.0014,0.0014,0.00144,,4.42E-07,,,,0,1.00E-05,7.48E-07,7.31E-05,,,0,,,2.14E-07,0,,,,0.0001,2.95E-05,8.92E-05,7.52E-05,,2.14E-07,6.44E-06,,7.77E-06,0.00000035,0.000000258,,,,,1.86E-06,,,2.14E-07,7.29E-06,,,,,7.29E-06,0.0000075,6.12E-06,,,,,,,,,,,,,,,,,,,,,,,,,,,6.39E-08,,,,,,,,,,,,,,,,,,,,,,,,,1.66E-08,1.84E-08,1.66E-08,,1.66E-08,1.66E-08,1.66E-08,,1.66E-08,,1.66E-08,1.66E-08,1.66E-08,1.66E-08,1.66E-08,1.66E-08,1.66E-08,1.66E-08,,,,2.22E-08,,8.30E-09,,,,,,,,,,,,,,,,,,,,,,,,,,,,,,0,0,0,0,0,0,0,0,0,0,0,0,0,0,0,0,0,,0,0,0,0,0,0,0,0,0,0,0,0,0,0,0,0,0,0,0,0,0,0,0,0,0,,,,,,,,,,0,,,,,0,0,,,,,,,,,,0,,,,,0,,,,,0,,,,,,,,,,,,,,,,,,,0,,,,,,,,0,0,,,,,,,,,,,,0,0,0,0,,0,0,,,,,0,0,0,,,,,,,,,,,,,,,,,,,,,,,,,,,,,,,,,,,,,,,,,,,,,,,,,,,,,,,,,,,,,,,,,,,,,,,116.7319403
13/03/2026,60.432,0,,17.496,8.963036086,,8.283870967,5.548784415,7.56,3.344956267,,,,0,0,1.401223849,,1.34749558,,,0.36,0.93358,0.041106,,0,0.228041232,,0.193548386,0.24,,0.008382,0.124679054,,0.0166166,0.096774192,,,0.014725281,0.057651844,,0.0205403,0.012903226,,0.02766,,,0.003358053,0.000015,0.000014,,0.005229032,0.00133119,,0,0.00464,0.00352,0.00362,0.0026,,0.0037,0.00362,0.00324,0.00324,0.00322,0.00328,0.00326,0.00362,0.0032,0.00256,0.00358,,1.61E-06,,,,0,2.07E-05,3.99E-07,0.000152937,,,0,,,3.89E-07,0,,,,0.000235,0.000120997,9.45E-06,7.52E-05,,3.89E-07,6.64E-06,,7.89E-06,1.66E-06,3.89E-07,,,0.0000455,,3.89E-07,,0.00000176,3.89E-07,7.29E-06,,,,,7.29E-06,0.0000075,6.12E-06,,,,,,,,,,,,0.0000035,,,,,,,0.0000064,,,,,,,,0.000002306,,,,,,,,,,,,,,,,,,,,,,,,,3.32E-08,1.66E-08,1.66E-08,,1.66E-08,3.32E-08,1.66E-08,,1.66E-08,,1.66E-08,1.66E-08,1.66E-08,1.66E-08,1.66E-08,1.66E-08,1.66E-08,1.66E-08,,,,3.33E-08,,8.30E-09,,,,,,,,,,,,,,3.70E-09,,,,,,,,,,,,,,,,0,0,0,0,0,0,0,0,0,0,0,0,0,0,0,0,0,,0,0,0,0,0,0,0,0,0,0,0,0,0,0,0,0,0,0,0,0,0,0,0,0,0,,,,,,0,,,,0,,,,,0,0,,,,,,,,,,0,,,,,0,,,,,0,,,,,,,,,,,,,,,,,,,,,,,,,,,0,0,,,,,,,,,,,,0,0,0,0,,0,0,0,,,,0,0,,,,,0,,0,,,,,,,,0,,,,,,,,,,,,,,,,,,,,,,,,,,,,,,,,,,,,,,,,,,,,,,,,,,,,,,,,,116.815145
14/03/2026,60.432,0.484461365,,17.496,8.96073821,,8.283870967,5.548784415,7.56,3.519376716,,,,0,0,1.401330407,,1.347377128,,,0.36,0.9633,0.097674,,0,0.228041232,,0.193548386,0.24,,0.0076945,0.124679054,,0.0421542,0.096774192,,,0.014642217,0.057651844,,0.021132557,0.012903226,,0.0082,,,0.002675124,0.000005,0.0000455,,0.005229032,0.001687968,,0,0.00478,0.00306,0.0031,0.00306,,0.00304,0.00302,0.00298,0.00298,0.00296,0.00296,0.003,0.003,0.00304,0.00302,0.00298,,2.60E-06,,,,0,1.51E-05,4.86E-07,0.000206668,,,,,,0.000318688,0,,,,0.000105,0.000025266,1.66E-06,7.52E-05,,0.000000477,1.26E-05,,9.90E-06,0.00312134,5.33E-07,,,,,9.87E-07,,0.00010472,5.03E-07,7.29E-06,,,,,7.29E-06,0.0000075,6.12E-06,,,,,,,,,,,,,,,,,,,,,,,,,,,,,,,,,,,,,,,,,,,,,,,,,,,,1.66E-08,1.66E-08,1.66E-08,,3.32E-08,3.32E-08,1.66E-08,,1.66E-08,,1.66E-08,1.66E-08,1.66E-08,1.66E-08,1.66E-08,1.66E-08,1.66E-08,1.66E-08,,,,1.48E-08,,8.30E-09,,,,,,,,,,,,,,,,,,,,,,,,,,,,,,0,0,0,0,0,0,0,0,0,0,0,0,0,0,0,0,0,,0,0,0,0,0,0,0,0,0,0,0,0,0,0,0,0,0,0,0,0,0,0,0,0,0,,,,,,,,,,,,,,,0,0,,,,,,,,,,0,,,,,0,,,,,0,,0,,,,,,,,,,,,,,,,,,,,,,,,,0,0,,,,,,,,,,,,0,,,0,,0,0,,,,,,,0,,,,,,,,,,,,,,,,,,,,,,,,,,,,,,,,,,,,,,,,,,,,,,,,,,,,,,,,,,,,,,,,,,,,,,,117.5629876
15/03/2026,60.432,1.251532565,,17.496,8.942915275,,8.283870967,5.548784415,7.56,4.486184825,,,,0,0,1.401439988,,1.347327308,,,0.36,1.03856,0.120008,,0,0.228041232,,0.193548386,0.24,,0.0089705,0.124679054,,0.05185356,0.096774192,,,0.014947146,0.057651844,,0.021381658,0.012903226,,0.0148,,,0.003286624,0.000005,0.0000035,,0.005229032,0.003581736,,0,0.00512,0.00368,0.00366,0.00354,,0.00366,0.0037,0.00364,0.00368,0.00356,0.00364,0.0037,0.00364,0.00366,0.00364,0.0035,,0.000001992,,,,0,9.65E-06,6.52E-07,0.000125204,,,,,,1.74E-06,0,,,,0.00011,0.000027201,8.31E-05,7.52E-05,,0.000244257,1.03E-05,,8.14E-06,7.89E-07,0.003305103,,,,,1.63E-05,,,0.000000696,7.30E-06,,,,,7.29E-06,0.0000075,6.12E-06,,,,,,,,,,,,,1.92E-06,,,,,,0.0000004,,,,,,,,,,,,,,,,,,,,,,,,,,,,,,,,,1.66E-08,1.82E-08,1.66E-08,,1.66E-08,1.66E-08,1.66E-08,,1.66E-08,,1.66E-08,1.66E-08,3.32E-08,1.66E-08,1.66E-08,1.66E-08,1.66E-08,1.66E-08,,,1.47E-08,2.22E-08,,8.30E-09,,,,,,,,,,,,,,,,3.70E-09,,,,,,,,,,,,,,0,0,0,0,0,0,0,0,0,0,0,0,0,0,0,0,0,,0,0,0,0,0,0,0,0,0,0,0,0,0,0,0,0,0,0,0,0,0,0,0,0,0,,,,,0,,,,,,,,,,0,0,0,,,,,,,,,0,,,,,0,,,,,0,,,,,,,,,,,,,,,,,,,0,,,,,,,,0,0,,,,,,,,,,,,0,0,0,0,,0,0,,,,,0,0,,,,,,0,,,,,,,,,,,,,,,,,,,,,,,,,,,,,,,,,,,,,,,,,,,,,,,,,,,,,,,,,,,,,,,,,,119.4063514
16/03/2026,60.432,3.309434549,,17.496,8.942915275,,8.283870967,5.548784415,7.56,4.486184825,,,,0,0,1.401569048,,1.347723093,,,0.36,1.05862,0.135789,,0,0.228041232,,0.193548386,0.24,,0.01331,0.124679054,,0.05767212,0.096774192,,,0.016196006,0.056667787,,0.021185448,0.012903226,,0.0065,,,0.003126337,0.000005,0.000014,,0.005229032,0.002966502,,0,0.00352,0.00142,0.00148,0.00156,,0.00146,0.00166,0.0016,0.0016,0.00164,0.00162,0.0017,0.00162,0.0016,0.0016,0.00164,,2.26E-06,,,,0,3.19E-05,8.60E-07,0.000104833,,,0,,,3.16E-07,0,,,,0.000105,2.96E-05,4.09E-07,7.52E-05,,3.02E-07,1.13E-05,,7.81E-06,1.54E-06,0.000202395,,,,,3.50E-07,,,3.02E-07,7.29E-06,,,,,7.29E-06,0.0000075,6.12E-06,,,,,,,,,,,,0.000007,,,,,,,,,,,,,,,,,,,,,,,,,,,,,,,,,,,,,,,,1.66E-08,3.32E-08,1.66E-08,,3.32E-08,1.66E-08,1.66E-08,,1.66E-08,,1.66E-08,1.66E-08,1.66E-08,1.66E-08,1.66E-08,1.66E-08,1.66E-08,1.66E-08,,,,1.11E-08,,8.30E-09,,,,,,,,,,,,,,,,,,,,,,,,,,,,,,0,0,0,0,0,0,0,0,0,0,0,0,0,0,0,0,0,,0,0,0,0,0,0,0,0,0,0,0,0,0,0,0,0,0,0,0,0,0,0,0,0,0,,,,,,,,,,,,,,,0,0,,,,,,,,,,0,,,,,0,,,,,0,,,,,,,,,,,,,,,,,,,,,,,,,,,0,0,,,,,,,,,,,,0,0,0,0,,0,0,,,,,,,,,,,,,,0,,0,0,,,,,,,,,,,,,,,,,,,,,,,,,,,,,,,,,,,,,,,,,,,,,,,,,,,,,,,,,,,,,121.4680394
17/03/2026,60.432,2.070617324,,17.496,8.942915275,,8.283870967,5.548784415,7.56,4.486184825,,,,0,0,1.401726662,,1.347723093,,,0.36,1.10788,0.107674,,0,0.228041232,,0.193548386,0.24,,0.0179135,0.124679054,,0.04443208,0.096774192,,,0.017059326,0.063231411,,0.009294825,0.012903226,,0.0098,,,0.004761493,0.00001,0.000014,,0.005229032,0.002656604,,0,0.00436,0.00122,0.00128,0.00158,,0.00144,0.00144,0.00152,0.00142,0.0015,0.00024,0.00116,0.00122,0.00024,0.00146,0.00136,,1.70E-06,,,,0,5.57E-05,1.75E-07,8.31E-05,,,0,,,0.000000258,0,,,,0.000115,0.000032427,3.96E-07,7.52E-05,,0.000000258,8.09E-06,,8.91E-06,1.58E-06,2.13E-06,,,,,7.92E-07,,,0.000000258,7.29E-06,,,,,7.29E-06,0.0000075,6.12E-06,,,,,,0.000000003,,,,,,0.0000035,,,,,,,0.0000056,,,,,,,,8.05E-07,,,,,0.000005,,,,,,,,,,,,,,,,,,,,1.66E-08,4.98E-08,3.32E-08,,,1.66E-08,1.66E-08,,1.66E-08,,1.66E-08,1.66E-08,1.66E-08,1.66E-08,1.66E-08,1.66E-08,,1.66E-08,,,,1.85E-08,,8.30E-09,,,,,,,,,,,,,,,,,,,,,,,,,,,,,,0,0,0,0,0,0,0,0,0,0,0,0,0,0,0,0,0,,0,0,0,0,0,0,0,0,0,0,0,0,0,0,0,0,0,0,0,0,0,0,0,0,0,,,,0,,,,,0,0,,,,,0,0,,,,,,,,,,0,,,,,0,,,,,0,,,,,,,,,,,,,,,,,,,,,,,,,,,0,0,,,,,,,,,,,,0,0,0,0,,0,0,,,,,0,0,0,,,,,,,,,,,0,,0,,,,,,,,,,,,,,,,,,,,,,,,,,,,,,,,,,,,,,,,,,,,,,,,,,,,,,,,,,120.2375945
18/03/2026,60.432,1.379321475,,17.496,8.942915275,,8.283870967,5.548784415,7.56,4.486184825,,,,0,0,1.407483486,,1.347760762,,,0.36,1.3611,0.114422,,0,0.228041232,,0.193548386,0.24,,0.0172975,0.124679054,,0.047773,0.096774192,,,0.01600142,0.064257268,,0.007248039,0.024882417,,0.06318,,,0.005630309,0.000655,0.003381,,0.005229032,0.004561324,,0,0.00272,0.00184,0.00208,0.00128,,0.00126,0.00168,0.00124,0.00148,0.0015,0.00144,0.00134,0.00052,0.00144,0.00028,0.00148,,4.74E-07,,,,0,6.07E-05,1.92E-06,0.000260846,,,0,,,3.02E-07,0,,,,0.000125,3.10E-05,1.75E-06,7.52E-05,,2.76E-07,6.45E-06,,7.93E-06,4.63E-07,2.67E-07,,,0.000301,,3.02E-07,,,2.24E-07,7.29E-06,,,,,7.29E-06,0.0000075,6.12E-06,,,,,,,,,,,,,,,,,,,0.0000024,,,,,,,,7.06E-07,,,,,0,,,,,,,,,0,,,,,,,,,,,1.66E-08,1.66E-08,3.32E-08,,3.32E-08,1.66E-08,1.66E-08,,3.32E-08,,1.66E-08,,1.66E-08,,,,1.66E-08,1.66E-08,,,,3.33E-08,,8.30E-09,,,,,,,,,,,,,,,,,,,,,,,,,,,,,,0,0,0,0,0,0,0,0,0,0,0,0,0,0,0,0,0,,0,0,0,0,0,0,0,0,0,0,0,0,0,0,0,0,0,0,0,0,0,0,0,0,0,,,,,,,,,,0,,,,,0,0,,,,,,,,,,0,,,,,0,,,,0,0,,0,,,,,,,,,,0,0,0,,,0,0,0,0,0,0,0,0,0,0,0,0,,,,,,,,,,,,0,0,0,0,,0,0,,,,,0,0,0,,,,,,,,,,0,0,,0,,,,,,,,,,,,,,,,,,,,,,,,,,,,,,,,,,,,,,,,,,,,,,,,,,,,,,,,,,119.8854681
19/03/2026,60.432,1.479318764,,17.496,8.942915275,,8.283870967,5.548784415,7.56,4.486184825,,,,0,0,1.408703245,,1.347760762,,,0.36,1.1818,0.11058,,0,0.228041232,,0.193548386,0.24,,0.049258,0.124679054,,0.04350588,0.096774192,,,0.015139012,0.066483987,,0.003214128,0.025806451,,0.00784,,,0.004945946,0.000065,0.0000245,,0.005229032,0.00121517,,0,0.00322,0.00226,0.00108,0.00144,,0.00214,0.0015,0.00132,0.00032,0.00156,0.0014,0.00184,0.0027,0.00264,0.00266,0.0013,,1.66E-06,,,,0,5.46E-05,3.58E-07,0.000110665,,,0,,,0.000000258,0,,,,0.00013,2.63E-05,0.000141136,7.52E-05,,3.15E-07,0.000006531,,7.77E-06,2.78E-06,3.07E-07,1.68E-08,,,,3.06E-07,,,3.28E-07,7.37E-06,,,,,7.29E-06,0.0000075,6.12E-06,,,,,,,,,,1.60E-06,,0.0000035,,,,,,,,,,,,,,,1.28E-07,,,,,,,,,,,,,,,,,,,,,,,,,3.32E-08,3.32E-08,3.32E-08,,1.66E-08,1.66E-08,1.66E-08,,1.66E-08,,,3.32E-08,1.66E-08,3.32E-08,1.66E-08,1.66E-08,3.32E-08,1.66E-08,,,,1.48E-08,,8.30E-09,,,,,,,,,,,,,,,,,,,,,,,,,,,,,,0,0,0,0,0,0,0,0,0,0,0,0,0,0,0,0,0,,0,0,0,0,0,0,0,0,0,0,0,0,0,0,0,0,0,0,0,0,0,0,0,0,0,,,,,,,0,,,,,,,,0,0,,,,,,,,,,0,,,,,0,,,,,0,,0,,,,,,,,,,,,,,,,,0,,,,,,,,0,0,,,,,,,,,0,,,0,0,0,0,,0,0,,,,,0,0,,,,,,,,,,,,0,,0,,0,0,,,,,,,,,,,,,,,,,,,,,,,,,,,,,,,,,,,,,,,,,,,,,,,,,,,,,,,119.7716607
20/03/2026,60.432,0.589458887,,17.496,8.942915275,,8.283870967,5.548784415,7.56,4.486184825,,,,0,0,1.408838376,,1.347760762,,,0.36,1.1981,0.030627,,0,0.228041232,,0.193548386,0.24,,0.040172,0.124679054,,0.00963424,0.096774192,,,0.015101117,0.067524883,,0.001328446,0.025806451,,0.01356,,,0.003746044,0.00001,0.0000385,,0.005229032,0.001579132,,0,0.00364,0.00024,0.0016,0.00208,,0.00166,0.0016,0.00198,0.0026,0.0016,0.00278,0.00142,0.00152,0.00154,0.00142,0.00146,,1.06E-06,,,,0,4.86E-05,3.02E-07,0.000100053,,,0,,,1.83E-06,0,,,,0.000105,2.79E-05,3.49E-07,7.52E-05,,2.14E-07,6.49E-06,1.95E-05,7.80E-06,4.09E-07,3.58E-07,,,0.000021,,3.52E-07,,,0.000000232,7.50E-06,,,,,7.29E-06,0.0000075,6.12E-06,,,,,,,,,,,,0.000007,,0.00002193,,,,,,,,,,,,,,,,,,,,,,,,,,,,,,,,,,,,,,1.66E-08,,1.66E-08,,1.66E-08,1.66E-08,,,1.66E-08,,3.32E-08,1.66E-08,3.32E-08,1.66E-08,1.66E-08,3.32E-08,1.66E-08,1.66E-08,,,,2.96E-08,,1.66E-08,,,,,,,,,,,,,,,,,,,,,,,,,,,,,,0,0,0,0,0,0,0,0,0,0,0,0,0,0,0,0,0,,0,0,0,0,0,0,0,0,0,0,0,0,0,0,0,0,0,0,0,0,0,0,0,0,0,,,,,,,,,,,,,,,0,0,,,,,,,,,,0,,,,,0,,,,,0,,,,,,,,,,,,,,,,,,,,,,,,,,,0,0,,,,,,,,,,,,0,0,0,0,,0,0,0,,,,0,0,,,,,,,,,,,,0,0,0,,,,,,,,,,,,,,,,,,,,,,,,,,,,,,,,,,,,,,,,,,,,,,,,,,,,,,,,,,118.7789275
21/03/2026,60.432,0.716400128,,17.496,8.942915275,,8.283870967,5.548784415,7.56,4.486184825,,,,0,0,1.409008909,,1.347760762,,,0.36,1.27102,0.029492,,0,0.228041232,,0.193548386,0.24,,0.0433895,0.124679054,,0.00919644,0.092741934,,,0.015831936,0.067630093,,0.001137849,0.025806451,,0.01336,,,0.004629611,0.000015,0.000014,,0.005229032,0.001639658,,0,0.0083,0.00624,0.00582,0.00584,,0.00566,0.00582,0.00568,0.00584,0.00582,0.00588,0.00616,0.00586,0.00582,0.00592,0.00588,,5.44E-07,,,,0,6.07E-05,3.89E-07,0.000186671,,,,,,0.000000477,0,,,,0.000125,2.57E-05,5.20E-07,7.52E-05,,5.21E-07,6.56E-06,,7.94E-06,4.53E-07,4.37E-07,,,,,4.33E-07,,0.00005544,4.33E-07,7.50E-06,,,,,7.29E-06,0.0000075,6.12E-06,,,,,,,,,,,,,,,,,,,0.0000012,,,,,,,,1.93E-07,,,,,,,,,,,,,,,,,,,,,,,,,1.66E-08,4.98E-08,4.98E-08,,1.66E-08,1.66E-08,1.66E-08,,1.66E-08,,1.66E-08,1.66E-08,,1.66E-08,,1.66E-08,1.66E-08,1.66E-08,,,,1.85E-08,,8.30E-09,,,,,,,,,,,,,,,,,,,,,,,,,,,,,,0,0,0,0,0,0,0,0,0,0,0,0,0,0,0,0,0,,0,0,0,0,0,0,0,0,0,0,0,0,0,0,0,0,0,0,0,0,0,0,0,0,0,,,,,,,,,,,,,,,0,0,,,,,,,,,,0,,,,,0,,,,,0,,,,,,,,,,,,,,,,,,,0,,,,,,,,0,0,,,,,,,,,,,,0,,,0,,0,0,,,,,0,0,,,,,,,,,,,,0,0,,,0,0,,,,,,,,,,,,,,,,,,,,,,,,,,,,,,,,,,,,,,,,,,,,,,,,,,,,,,,119.041445
22/03/2026,60.432,1.80101886,,17.496,8.942915275,,8.283870967,5.548784415,7.56,4.486184825,,,,0,0,1.409098614,,1.3477148,,,0.36,1.27002,0.031277,,0,0.228041232,,0.193548386,0.24,,0.0384945,0.124679054,,0.0101244,0.092741934,,,0.017332775,0.067793439,,0.001071742,0.025806451,,0.00346,,,0.004846376,0.00001,0.000007,,0.005229032,0.006157882,,0,0.0032,0.00246,0.0018,0.00146,,0.00182,0.00132,0.00166,0.00154,0.0016,0.00152,0.00138,0.00138,0.00138,0.00142,0.00144,,5.31E-07,,,,0,6.06E-05,2.83E-07,0.000109165,,,,,,0.000194481,0,,,,0.00011,9.27E-05,9.48E-05,7.52E-05,,0.000000258,6.51E-06,,8.69E-06,0.000191291,2.62E-07,,,,,3.16E-07,,,0.000000258,7.50E-06,,,,,7.29E-06,0.0000075,6.12E-06,,,,,,,,,,,,,,,,,,,,,,,,,,,,,,,,,,,,,,,,,,,,,,,,,,,,1.82E-08,1.66E-08,3.32E-08,,3.32E-08,1.66E-08,3.32E-08,,1.66E-08,,1.66E-08,,3.32E-08,1.66E-08,1.66E-08,1.66E-08,1.66E-08,1.66E-08,,,,2.59E-08,,8.30E-09,,,,,,,,,,,,,,,,,,,,,,,,3.70E-09,,7.30E-09,,,,0,0,0,0,0,0,0,0,0,0,0,0,0,0,0,0,0,,0,0,0,0,0,0,0,0,0,0,0,0,0,0,0,0,0,0,0,0,0,0,0,0,0,,,,,,,,,,,,,,,0,0,,,,,,,0,,,0,,,,,0,,,,,0,,,,,,,,,,,,,,,,,,,,,,,,,,,0,0,,,,,,,,,,,,0,0,0,0,,0,0,,,,,,,,,,,,,,,,,,,,,,,,0,,,,,,,,,,,,,,,,,,,,,,,,,,,,,,,,,,,,,,,,,,,,,,,,,,,,,,120.0545831
23/03/2026,60.432,8.701800656,,17.496,8.942915275,,8.283870967,5.548784415,7.56,4.486184825,,,,0,0,1.409243332,,1.3477148,,,0.36,1.39138,0.047247,,0,0.228041232,,0.193548386,0.24,,0.066121,0.124679054,,0.01407208,0.096774192,,,0.018299173,0.067793439,,0.001071742,0.025806451,,0.01062,,,0.004809935,0.00972,0.000084,,0.005229032,0.011216185,,0,0.0035,0.0015,0.00078,0.00142,,0.0011,0.00076,0.0014,0.00146,0.00152,0.0015,0.00162,0.0017,0.00148,0.00144,0.0015,,9.34E-05,,,,0,5.97E-05,2.76E-07,0.000150648,,,0,,,3.02E-07,0,,,,0.000105,2.72E-05,1.10E-05,7.52E-05,,3.02E-07,6.45E-06,0.00003037,7.72E-06,3.49E-07,0.000000258,,,0.000021,,2.89E-07,,0.00001232,0.000000258,7.50E-06,,,,,7.29E-06,0.0000075,6.12E-06,,,,,,,,,,,,,,0.00001161,,,,,0.0000092,,,,,,,,1.03E-06,,,,,,,,,,,,0.000005,,,,,,,,,,,,,1.66E-08,1.66E-08,1.66E-08,,,1.66E-08,1.66E-08,,1.66E-08,,1.66E-08,1.66E-08,,1.66E-08,1.66E-08,1.66E-08,1.66E-08,1.66E-08,,,,2.22E-08,,8.30E-09,,,,,,,,,,,,,,,,,,,,,,,,,,,,,,0,0,0,0,0,0,0,0,0,0,0,0,0,0,0,0,0,,0,0,0,0,0,0,0,0,0,0,0,0,0,0,0,0,0,0,0,0,0,0,0,0,0,,,,,,,,,,0,,,,,0,0,,,,,,,,,,0,,,,,0,,,,,0,,,,,,,,,,,,,,,,,,,,,,,,,,,0,0,,,,,,,,,,,,0,0,0,0,,0,0,0,,,,0,0,,,,,,,,0,,0,,,,,,0,0,,,,,,,,,,,,,,,,,,,,,,,,,,,,,,,,,,,,,,,,,,,,,,,,,,,,,,,127.1483647
24/03/2026,60.432,4.754499361,,17.496,8.942915275,,8.283870967,5.548784415,7.56,4.486184825,,,,0,0,1.40945068,,1.3477148,,,0.36,1.43926,0.051262,,0,0.228041232,,0.193548386,0.24,,0.0665225,0.124679054,,0.015774,0.096774192,,,0.01788547,0.066661038,,0.003123193,0.025806451,,0.02188,,,0.004831966,0.01442,0.0000665,,0.005229032,0.00243167,,0,0.00438,0.00282,0.00292,0.00202,,0.0032,0.00298,0.0025,0.00254,0.0025,0.0026,0.00264,0.00272,0.0025,0.00208,0.00288,,1.11E-06,,,,0,7.28E-05,3.02E-07,0.000203676,,,0,,,3.16E-07,0,,,,0.00019,2.92E-05,5.25E-07,7.52E-05,,3.02E-07,0.000014587,,9.80E-06,1.32E-06,3.46E-07,0.000000412,,0.0000035,,3.89E-07,,,3.02E-07,7.50E-06,,,,,7.29E-06,0.0000075,6.12E-06,,,,,,,,,,,,0.000007,,,,,,,0.0000036,,,,,,,,1.48E-06,,,,,,,,,,,,,,,,,,,,,,,,,1.66E-08,3.32E-08,3.32E-08,,3.32E-08,1.66E-08,1.66E-08,,,,1.66E-08,1.66E-08,1.66E-08,1.66E-08,1.66E-08,1.66E-08,1.66E-08,1.66E-08,,,,1.48E-08,,8.30E-09,,,,,,,,,,,,,,,,,,,,,,,,,,,,,,0,0,0,0,0,0,0,0,0,0,0,0,0,0,0,0,0,,0,0,0,0,0,0,0,0,0,0,0,0,0,0,0,0,0,0,0,0,0,0,0,0,0,,,,,,,,,,0,,,,,0,0,,,,,,,,,,0,,,,,0,,,,,0,,0,,,,,,,,,,,,,,,,,,,,,,,,,0,0,,,,,,,,,0,,,0,0,0,0,,0,0,,,,,0,0,,,,,,,,0,,0,,,,,,,,,,,,,,,,,,,,,,,,,,,,,,,,,,,,,,,,,,,,,,,,,,,,,,,,,,,,,,123.2815419
25/03/2026,60.432,2.706164912,,17.496,8.942915275,,8.283870967,5.548784415,7.56,4.486184825,,,,0,0,1.410989024,,1.3477148,,,0.36,1.48676,0.080104,,0,0.228041232,,0.193548386,0.24,,0.0614405,0.124679054,,0.02857492,0.096774192,,,0.016009742,0.066661038,,0.003123193,0.02568662,,0.03698,,,0.005248184,0.014495,0.0006965,,0.005229032,0.00178402,,0,0.0031,0.00148,0.00216,0.0014,,0.00214,0.00188,0.00132,0.00154,0.00144,0.00148,0.00146,0.00172,0.00142,0.00158,0.00152,,3.95E-07,,,,0,0.000058851,2.23E-07,0.000131454,,,0,,,0.000000258,0,,,,0.00013,9.84E-05,0.000001715,7.52E-05,,2.14E-07,6.45E-06,3.78E-06,7.88E-06,3.95E-07,0.000000258,,,0.0000595,,3.46E-07,,,3.02E-07,7.50E-06,,,,,7.29E-06,0.0000075,6.12E-06,,,,,,,,,,,,0.000007,,0.00000645,,,,,0.0000036,,,,,,,,6.13E-07,,,,,0,,,,,,,,,,,,,,,,,,,,3.32E-08,1.66E-08,1.66E-08,,3.32E-08,1.66E-08,1.66E-08,,1.66E-08,,1.66E-08,1.66E-08,1.66E-08,1.66E-08,1.66E-08,1.66E-08,1.66E-08,1.66E-08,,,,1.85E-08,,8.30E-09,,,,,,,,,,,,,,,,,,,,,,,,,,,,,,0,0,0,0,0,0,0,0,0,0,0,0,0,0,0,0,0,,0,0,0,0,0,0,0,0,0,0,0,0,0,0,0,0,0,0,0,0,0,0,0,0,0,,,,,,,,,,,,,,,0,0,,,,,,,,,,0,,,0,,0,,,,,0,,,,,,,,,,,0,,,,,,,,0,,,,,,,,0,0,,,,,,,,,,,,0,0,0,0,,0,0,,,,,0,0,0,,,,,,,0,,0,,0,,0,,,,,,,,,,,,,,,,,,,,,,,,,,,,,,,,,,,,,,,,,,,,,,,,,,,,,,,,,,121.3167218
26/03/2026,60.432,2.562107104,,17.496,8.942915275,,8.283870967,5.548784415,7.56,4.486184825,,,,0,0,1.411600468,,1.3477148,,,0.36,1.4535,0.103741,,0,0.228041232,,0.193548386,0.24,,0.064911,0.124679054,,0.03969812,0.096774192,,,0.017114182,0.066661038,,0.003123193,0.025806451,,0.0121,,,0.005120918,0.01437,0.000077,,0.005229032,0.00326114,,0,0.00318,0.00168,0.00154,0.00162,,0.00136,0.00198,0.00166,0.00162,0.0017,0.00174,0.00158,0.0014,0.00152,0.00142,0.00156,,1.17E-06,,,,0,6.61E-05,0.00000159,7.51E-05,,,0,,,3.02E-07,0,,,,0.000105,2.99E-05,1.39E-06,7.52E-05,,3.02E-07,9.77E-06,,8.96E-06,1.17E-06,3.05E-07,,,,,3.02E-07,,,0.000000258,7.50E-06,,,,,7.29E-06,0.0000075,6.12E-06,,,,,,,,,,,,0.0000035,,,,,,,,,,,,,,,,,,,,,,,,,,,,,,,,,,,,,,0.000007635,,1.66E-08,1.66E-08,3.32E-08,,1.66E-08,1.66E-08,1.66E-08,,3.32E-08,,1.66E-08,1.66E-08,1.66E-08,1.66E-08,1.66E-08,1.66E-08,1.66E-08,1.66E-08,,,,1.85E-08,,1.66E-08,,,,,,,,,,,,,,,,,,,,,,,,,,,,,,0,0,0,0,0,0,0,0,0,0,0,0,0,0,0,0,0,,0,0,0,0,0,0,0,0,0,0,0,0,0,0,0,0,0,0,0,0,0,0,0,0,0,0,,,0,,,,,,,0,,,,0,0,,,,,,0,,,,0,,,,,0,,,,,0,,,,,,,,,,,0,,,,,,,,,,,,,,,,0,0,,,,,,,,,,,,0,0,0,0,,0,0,,,,,0,0,,,,,,,,,,,,0,,0,,,,,0,,,,,,,,,,,,,,,,,,,,,,,,,,,,,,,,,,,,,,,,,,,,,,,,,,,,,121.1549106
27/03/2026,60.432,0.824704965,,17.496,8.942915275,,8.283870967,5.548784415,7.56,4.486184825,,,,0,0,1.411836321,,1.34775557,,,0.36,1.42606,0.069381,,0,0.228041232,,0.193548386,0.24,,0.054571,0.124679054,,0.02551868,0.096774192,,,0.015847881,0.066548513,,0.003123193,0.025806451,,0.00582,,,0.005691425,0.014355,0.0000595,,0.005229032,0.0040046,,0,0.00274,0.0015,0.0014,0.00148,,0.00144,0.00146,0.00158,0.00142,0.00148,0.00146,0.00142,0.00148,0.00144,0.00154,0.0014,,3.02E-07,,,,0,7.02E-05,9.13E-07,0.000115761,,,0,,,7.15E-05,0,,,,0.000085,2.74E-05,6.55E-05,7.52E-05,,0.000000258,7.21E-06,1.01E-05,0.000007787,2.78E-07,2.14E-07,,,0.000007,,0.000000258,,,3.02E-07,7.50E-06,,,,,7.29E-06,0.0000075,6.12E-06,,,,,,,,,,,,0.000007,,0.00000258,,,,,,,,,,,,,,,,,,,,,,,,,,,,,,,,,,,,,,1.66E-08,1.66E-08,1.66E-08,,1.66E-08,1.66E-08,1.66E-08,,1.66E-08,,1.66E-08,1.66E-08,1.66E-08,1.66E-08,1.66E-08,1.66E-08,1.66E-08,1.66E-08,,,,0.000000037,,8.30E-09,,,,,,,,,,,,,,,,,,,,,,,,,,,,,,0,0,0,0,0,0,0,0,0,0,0,0,0,0,0,0,0,,0,0,0,0,0,0,0,0,0,0,0,0,0,0,0,0,0,0,0,0,0,0,0,0,0,,,,,,,,,,,,,,,0,0,,,,,,,,,,0,,,0,,0,,,,,0,,,,,,,,,,,,,,,,,,,0,,,,,,,,0,0,,,,,,,,,,,,0,0,0,0,,0,0,,,,,0,0,0,,,,,,,0,,0,,,,,,,,,,,,,,,,,,,,,,,,,,,,,,,,,,,,,,,,,,,,,,,,,,,,,,,,,,,,,,119.3229349
28/03/2026,60.432,0.594201455,,17.496,8.942915275,,8.283870967,5.548784415,7.56,4.486184825,,,,0,0,1.411967119,,1.34775557,,,0.36,1.46662,0.037641,,0,0.228041232,,0.193548386,0.24,,0.055044,0.124679054,,0.01183776,0.096774192,,,0.015380932,0.066548513,,0.003123193,0.025806451,,0.0124,,,0.00587193,0.01435,0.000049,,0.005229032,0.003870718,,0,0.00586,0.0055,0.00556,0.0056,,0.00564,0.00548,0.00566,0.00546,0.0055,0.00546,0.0056,0.0056,0.00566,0.00552,0.00546,,1.42E-06,,,,0,5.11E-05,4.32E-07,4.48E-06,,,,,,3.11E-07,0,,,,0.0001,2.72E-05,3.06E-07,7.52E-05,,3.46E-07,6.59E-06,,7.85E-06,4.12E-07,3.51E-07,,,,,3.89E-07,,,0.000000373,7.50E-06,,,,,7.29E-06,0.0000075,6.12E-06,,,,,,0.000000003,,,,,,,,,,,,,,,,,,,,,,,,,,,,,,,,,,,,,,,,,,,,,,1.66E-08,1.66E-08,1.66E-08,,1.66E-08,1.66E-08,1.66E-08,,1.66E-08,,1.66E-08,1.66E-08,1.66E-08,1.66E-08,1.66E-08,1.66E-08,3.32E-08,1.66E-08,,,,2.22E-08,,8.30E-09,,,,,,,,,,,,,,,,,,,,,,,,,,,,,,0,0,0,0,0,0,0,0,0,0,0,0,0,0,0,0,0,,0,0,0,0,0,0,0,0,0,0,0,0,0,0,0,0,0,0,0,0,0,0,0,0,0,,,,0,,,,,,0,,,,,0,0,,,,,,,,,,0,,,,,0,,,,,0,,,,,,,,,,,,,,,,,,,,,,,,,,,0,0,,,,,,,,,,,,0,,,0,,0,0,,0,,0,,,,,,,,,,,,,,,,,,,,,,0,,,,,,,,,,,,,,,,,,,,,,,,,,,,,,,,,,,,,,,,,,,,,,,,,,,,119.1543605
29/03/2026,60.432,5.708740269,,17.496,8.942915275,,8.283870967,5.548784415,7.56,4.486184825,,,,0,0,1.412072578,,1.34775557,,,0.36,1.52286,0.056711,,0,0.228041232,,0.193548386,0.24,,0.092224,0.124679054,,0.01622896,0.096774192,,,0.019702122,0.066548513,,0.003123193,0.025806451,,0.00536,,,0.00598744,0.02517,0.000049,,0.005229032,0.014551006,,0,0.00214,0.00186,0.00188,0.00196,,0.00184,0.00188,0.00208,0.00198,0.00186,0.00188,0.00198,0.00204,0.00182,0.0019,0.00176,,1.32E-06,,,,0,5.74E-05,1.93E-06,0.000143439,,,,,,0.000001477,0,,,,0.000095,2.83E-05,4.33E-07,7.52E-05,,4.33E-07,6.59E-06,,1.28E-05,0.000001354,4.33E-07,,,,,3.89E-07,,,4.33E-07,7.50E-06,,,,,7.29E-06,0.0000075,6.12E-06,,,7.30E-09,,,,,,,0.000000011,,,,,,,,,0.0000004,,,,,,,,,,,,,,,,,,,,,,,,,,,,,,,,,1.66E-08,1.66E-08,1.66E-08,,1.66E-08,1.66E-08,1.66E-08,,1.66E-08,,1.66E-08,1.66E-08,1.66E-08,1.66E-08,1.66E-08,1.66E-08,1.66E-08,1.66E-08,,,,2.22E-08,,8.30E-09,,,,,,,,,,,7.30E-09,,,,,,,,,,,,,,,,,,,0,0,0,0,0,0,0,0,0,0,0,0,0,0,0,0,0,,0,0,0,0,0,0,0,0,0,0,0,0,0,0,0,0,0,0,0,0,0,0,0,0,0,,,,,,,0,,,,,,,,0,0,,,,,,,,,,0,,,,,0,,,,,0,,0,,,,,,,,0,,,,,,,,,,,,,,,,,0,0,,,,,,,,,,,,0,,,0,,0,0,,,,,0,0,,,,,,,,,,,,,,,,,,,,,0,,,,,,,,,,,,,,,,,,,,,,,,,,,,,,,,,,,,,,,,,,,,,,,,,,,124.3502335
30/03/2026,60.432,15.1530827,,17.496,8.830665191,,8.283870967,5.548784415,7.56,4.209434346,,,,0,0,1.412206963,,1.347992808,,,0.36,1.56258,0.106809,,0,0.228041232,,0.193548386,0.24,,0.182402,0.124679054,,0.02768348,0.096774192,,,0.021686105,0.065893738,,0.003123193,0.025806451,,0.01482,,,0.006497012,0.027405,0.0001435,,0.005229032,0.01002149,,0,0.00208,0.00174,0.0016,0.00152,,0.00168,0.0017,0.00158,0.0017,0.00176,0.00162,0.00162,0.00178,0.00152,0.00152,0.00156,,4.13E-07,,,,0,0.000073998,1.79E-06,0.000161383,,,0,,,3.46E-07,0,,,,0.000115,9.41E-05,3.02E-07,7.52E-05,,3.28E-07,8.02E-06,,0.000007758,0.000001235,2.63E-07,,,,,3.07E-07,,,2.89E-07,0.000007315,,,,,7.29E-06,0.0000075,6.12E-06,,,,,,,,,,,,,,,,,,,,,,,,,,,1.92E-07,,,,,,,,,,,,,,,,,,,,,,,,,1.66E-08,1.66E-08,1.66E-08,,1.66E-08,1.66E-08,1.66E-08,,1.66E-08,,1.66E-08,3.32E-08,1.66E-08,1.66E-08,1.66E-08,1.66E-08,1.66E-08,1.66E-08,,,,1.85E-08,,8.30E-09,,,,,,,,,,,,,,,,,,,,,,,,,,,,,,0,0,0,0,0,0,0,0,0,0,0,0,0,0,0,0,0,,0,0,0,0,0,0,0,0,0,0,0,0,0,0,0,0,0,0,0,0,0,0,0,0,0,,,,,,,,,0,0,,,,,0,0,,,,,,,,,,0,,,,,0,,,,,0,,,,,,,,,,,,,,,,,,,,,,,,,,,0,0,,0,,,,,,,,,,0,0,0,0,,0,0,,0,,0,,,0,,,,,,,,,,,,,,,,,,,,,,,,,,,,,,,,,,,,,,,,,,,,,,,,,,,,,,,,,,,,,,,,,,,,,,,133.6027297
31/03/2026,60.432,3.898076477,,17.496,8.48924299,,8.283870967,5.548784415,7.56,3.37918291,,,,0,0,1.411439292,,1.347992808,,,0.36,1.72248,0.081857,,0,0.228041232,,0.193548386,0.24,,0.1023,0.124679054,,0.02395052,0.096774192,,,0.018478661,0.065893738,,0.003123193,0.025806451,,0.03136,,,0.005598662,0.02576,0.000665,,0.005229032,0.003386387,,0,0.00236,0.0015,0.00156,0.00148,,0.00144,0.0014,0.00148,0.0017,0.00168,0.00146,0.0016,0.00156,0.00146,0.0014,0.00146,,1.28E-06,,,,0,7.43E-05,2.14E-07,8.45E-05,,,0,,,3.16E-07,0,,,,0.000135,2.59E-05,0.000000306,7.52E-05,,0.000000258,6.49E-06,,8.95E-06,2.66E-07,2.14E-07,3.52E-07,,,,0.000000364,,,0.000000258,7.29E-06,,,,,7.29E-06,0.0000075,6.12E-06,,,,,,,,,,,,0.0000035,,,,,,,0.0000024,,,,,,,,7.08E-07,,,,,,,,,,,,,,,,,,,,,,,,,3.32E-08,1.66E-08,1.66E-08,,1.66E-08,1.66E-08,3.32E-08,,1.66E-08,,1.66E-08,1.66E-08,1.66E-08,1.66E-08,1.66E-08,1.66E-08,1.66E-08,1.66E-08,,,,1.48E-08,,8.30E-09,,,,,,,,,,,,,,,,,,,,,,,,,,,,,,0,0,0,0,0,0,0,0,0,0,0,0,0,0,0,0,0,,0,0,0,0,0,0,0,0,0,0,0,0,0,0,0,0,0,0,0,0,0,0,0,0,0,,,,,,,,,0,,,,,,0,0,,,,,,,,,,0,,,,,0,,,,,0,,,,,,,,,,,,,,,,,,,,,,,,,,,0,0,,0,,,,,,,0,,,0,0,0,0,,0,0,,,,,,,,,,,,,,,,,,,,,,,,,,,,,,,,,,,,,,,,,,,,,,,,,,,,,,,,,,,,,,,,,,,,,,,,,,,,,,121.2295107
1/04/2026,60.432,0,569.35,17.496,9.526090413,289.8520451,8.560000001,5.733743895,7.56,3.491822347,,,,0,0,1.299942946,,1.392925901,,,0.36,1.55918,0.071354,,0,0.235642606,,0.199999999,0.24,,0.1088065,0.128835022,,0.02048684,0.100000001,,,0.008786461,0.068090196,,0.0032273,0.026666669,,0.00274,,,0.005832843,0.02771,0.000063,,0.005403333,0.004750588,,0,0.00276,0.00164,0.00144,0.0014,,0.0016,0.00154,0.00152,0.0017,0.00152,0.00164,0.00148,0.00144,0.00164,0.00144,0.00124,,1.19E-06,,,,0,0.000112734,1.66E-06,0.000195488,,,0,,,1.85E-06,0,,,,0.00008,2.90E-05,7.24E-06,7.78E-05,,0.000000258,7.39E-06,,0.000007719,0.000001235,1.19E-06,,,,,2.85E-07,,,0.000000232,0.000007284,,,,,7.29E-06,7.50E-06,6.12E-06,,,,,,,,,,,,,,,,,,,,,,,,,,,,,,,,,,,,,,,,,,,,,,,,,,,,1.66E-08,1.66E-08,1.66E-08,,1.66E-08,1.66E-08,1.66E-08,,1.66E-08,,1.66E-08,1.66E-08,1.66E-08,1.66E-08,,1.66E-08,1.66E-08,1.66E-08,,,,2.59E-08,,8.30E-09,,,,,,,,,,,,,,3.70E-09,,,,,,,,,,,,,,,,0,0,0,0,0,0,0,0,0,0,0,0,0,0,0,0,0,,0,0,0,0,0,0,0,0,0,0,0,0,0,0,0,0,0,0,0,0,0,0,0,0,0,,,,,,0,,,,,,,,,0,0,,,,,,,,,,0,,,,,0,,,,,0,,,0,,,,,,,,,,,,,,,,,,,,,,,,0,0,,,,,,,,,,,,0,0,0,0,,0,0,,,,,0,0,,,,,,,,0,,0,,,,,,,,,,,,,,,,,,,,,,,,,,,,,,,,,,,,,,,,,,,,,,,,,,,,,,,,,,,,,,977.8966996
2/04/2026,60.432,0,,17.496,9.526090413,,8.560000001,5.733743895,7.56,3.491822347,,,,0,0,1.425161123,,1.392925901,,,0.36,1.57862,0.1596,,0,0.235642606,,0.199999999,0.24,,0.104148,0.128835022,,0.05979688,0.100000001,,,0.016853877,0.068090196,,0.0032273,0.026666669,,0.00702,,,0.005701981,0.027815,0.0001015,,0.005403333,0.005671606,,0,0.00226,0.00144,0.00162,0.00176,,0.00158,0.00156,0.00158,0.00168,0.00154,0.00148,0.00154,0.00144,0.00158,0.0014,0.00156,,1.25E-06,,,,0,4.49E-05,2.71E-07,0.000148027,,,0,,,4.75E-06,0,,,,0.0001,0.000102325,0.00006744,7.78E-05,,2.97E-07,6.50E-06,5.73E-05,7.81E-06,1.28E-06,2.65E-07,,,0.000035,,0.00000035,,,0.000000258,0.000007293,,,,,7.29E-06,0.0000075,6.12E-06,,,,,,,,,,,,0.000007,,0.0000129,,,,,,,,,,,,,,,,,,,,,,,,,,,,,,,,,,,,,,1.66E-08,1.66E-08,1.66E-08,,1.66E-08,3.32E-08,1.66E-08,,1.66E-08,,1.66E-08,3.32E-08,1.66E-08,1.66E-08,1.66E-08,1.66E-08,1.66E-08,1.66E-08,,,,2.59E-08,,1.66E-08,,,,,,,,,,,,,,,,,,,,,,,,,,,,,,0,0,0,0,0,0,0,0,0,0,0,0,0,0,0,0,0,,0,0,0,0,0,0,0,0,0,0,0,0,0,0,0,0,0,0,0,0,0,0,0,0,0,,,,,,,,,,0,,,,,0,0,,,,,,,,,,0,,,,,0,,,,,0,,,,,,,,,,,,,,,,,,,0,,,,,,,,0,0,,,,,,,,,,,,0,0,0,0,,0,0,,,,,0,0,,,,,,,,,,,,,,,,,,,,,,,,,,,,,,,,,,,,,,,,,,,,,,,,,,,,,,,,,,,,,,,,,,,,,,,,118.9756619
3/04/2026,60.432,4.435231104,,17.496,9.526090413,,8.560000001,5.733743895,7.56,3.491822347,,,,0,0,1.425373903,,1.392925901,,,0.36,1.5746,0.178665,,0,0.235642606,,0.199999999,0.24,,0.0934065,0.128835022,,0.06566736,0.100000001,,,0.021832872,0.068090196,,0.0032273,0.026666669,,0.01248,,,0.005591818,0.025035,0.00007,,0.005403333,0.010047255,,0,0.00198,0.00144,0.00152,0.0014,,0.0016,0.00144,0.00154,0.00144,0.00152,0.0014,0.00148,0.00152,0.0015,0.00164,0.00174,,3.51E-07,,,,0,4.09E-05,2.32E-07,0.000233406,,,0,,,3.02E-07,0,,,,0.000085,4.87E-05,8.70E-06,7.78E-05,,3.02E-07,0.000006439,,2.37E-05,1.13E-06,2.19E-07,,,,,4.33E-07,,,0.000000258,0.000007284,,,,,7.29E-06,0.0000075,6.12E-06,,,,,,,,,,,,0.0000105,,,,,,,,,,,,,,,,,,,,,,,,,,,,,,,,,,,,,,,,1.66E-08,1.66E-08,1.66E-08,,1.66E-08,1.66E-08,1.66E-08,,1.66E-08,,1.66E-08,1.66E-08,1.66E-08,1.66E-08,1.66E-08,1.66E-08,1.66E-08,1.66E-08,,,,2.96E-08,,8.30E-09,,,,,,,,,,,,,,,,,,,,,,,,,,,,,,0,0,0,0,0,0,0,0,0,0,0,0,0,0,0,0,0,,0,0,0,0,0,0,0,0,0,0,0,0,0,0,0,0,0,0,0,0,0,0,0,0,0,,,,,,,,,,,,,,,0,0,,,,,,,,,,0,,,,,0,,,,,0,,0,,,,,,,,,,,,,,,,,,,,,,,,,0,0,,,,,,,,,,,,0,0,0,0,,0,0,,,,,0,0,0,,,,,,,,,,,,,,,,,,,,,,,,,,,,,,,,,,,,,,,,,,,,,,,,,,,,,,,,,,,,,,,,,,,,,,,123.4321754
4/04/2026,60.432,21.27687521,,17.496,9.526090413,,8.560000001,5.733743895,7.56,3.491822347,,,,0,0,1.425576502,,1.392925901,,,0.36,1.60582,0.165037,,0,0.235642606,,0.199999999,0.24,,0.1229415,0.128835022,,0.04987532,0.100000001,,,0.033454081,0.068090196,,0.0032273,0.026666669,,0.01316,,,0.00533305,0.028525,0.000063,,0.005403333,0.008572991,,0,0.00288,0.0014,0.00158,0.00164,,0.00176,0.00148,0.00162,0.00162,0.00176,0.00152,0.00144,0.00144,0.00146,0.00152,0.0014,,4.03E-07,,,,0,0.00002875,2.14E-07,0.000107774,,,0,,,0.000111438,0,,,,0.0001,3.08E-05,0.000006492,7.78E-05,,2.14E-07,6.45E-06,,5.72E-05,2.76E-07,2.63E-07,,,0.0000035,,0.000000258,,,0.000000258,7.30E-06,,,,,7.29E-06,0.0000075,6.12E-06,,,,,,,,,,,,,,,,,,,,,,,,,,,,,,,,,,,,,,,,,,,,,,,,,,,,1.84E-08,1.66E-08,1.66E-08,,1.66E-08,3.32E-08,1.66E-08,,1.66E-08,,1.66E-08,1.66E-08,1.66E-08,1.66E-08,1.66E-08,1.66E-08,1.66E-08,1.66E-08,,,,1.48E-08,,8.30E-09,,,,,,,,,,,,,,,,,,,,,,,,,,,,,,0,0,0,0,0,0,0,0,0,0,0,0,0,0,0,0,0,,0,0,0,0,0,0,0,0,0,0,0,0,0,0,0,0,0,0,0,0,0,0,0,0,0,,,,,,,,,,,,,,,0,0,,,,,,,,,,0,,,,,0,,,,,0,,,,,,,,,,,,,,,,,,,,,,,,,,,0,0,,,,,,,,,,,,0,0,0,0,,0,0,,,,,,,,,,,,,,,,,,,,,,,,,,,,,,,,,,,,,,,,,,,,,,,,,,,,,,,,,,,,,,,,,,,,,,,,,,,,,,140.3207619
5/04/2026,60.432,27.42519993,,17.496,9.526090413,,8.560000001,5.733743895,7.56,3.491822347,,,,0,0,1.429918569,,1.392925901,,,0.36,1.59742,0.209435,,0,0.235642606,,0.199999999,0.24,,0.1391775,0.128835022,,0.06249892,0.100000001,,,0.043120911,0.068090196,,0.0032273,0.026666669,,0.0039,,,0.004974391,0.02861,0.000049,,0.005403333,0.007544909,,0,0.00252,0.00156,0.0015,0.00144,,0.00144,0.00158,0.0015,0.00156,0.00146,0.00142,0.00138,0.0014,0.00146,0.00128,0.00148,,1.10E-06,,,,0,0.000023416,2.23E-07,3.70E-05,,,0,,,2.14E-07,0,,,,0.000085,3.37E-05,2.21E-06,7.78E-05,,2.14E-07,6.44E-06,,0.000007765,2.95E-07,2.14E-07,,,,,2.61E-07,,,0.000000258,0.000007284,,,,,7.29E-06,0.0000075,6.12E-06,,,,,,,,,,,,,,,,,,,,,,,,,,,,,1.26E-06,0.000000011,,,,,,,,,,,,,,,,,,,,0.000000011,,1.66E-08,1.66E-08,1.66E-08,,1.66E-08,1.66E-08,1.66E-08,,1.66E-08,,1.66E-08,1.66E-08,1.66E-08,1.66E-08,1.66E-08,1.66E-08,1.66E-08,1.66E-08,,,,7.40E-09,,8.30E-09,,,,,,,,,,,,,,,,0.000000011,,,,,,,,,,,,,,0,0,0,0,0,0,0,0,0,0,0,0,0,0,0,0,0,,0,0,0,0,0,0,0,0,0,0,0,0,0,0,0,0,0,0,0,0,0,0,0,0,0,,,,,,,,,,,,,,,0,0,,,,,,,,,,0,,,0,,0,,,,,0,,,,,,,0,,,,0,,,,,,,,,,,,,,,,0,0,,,,,,,,,,,,0,,,0,,0,0,,,,,0,0,,,,0,,0,,,,,,,,,,,,,,,,,,,,,,,,,,,,,,,,,,,,,,,,,,,,,,,,,,,,,,,,,,,,,,,,,,146.5355827
6/04/2026,60.432,18.38901522,,17.496,9.526090413,,8.560000001,5.733743895,7.56,3.491822347,,,,0,0,1.460051493,,1.392925901,,,0.36,1.57188,0.221062,,0,0.235642606,,0.199999999,0.24,,0.105655,0.128835022,,0.07060944,0.100000001,,,0.038994072,0.068090196,,0.0032273,0.026666669,,0.00906,,,0.005364396,0.020885,0.0000525,,0.005403333,0.008447031,,0,0.00306,0.00152,0.00166,0.0015,,0.00144,0.00144,0.00144,0.00144,0.00158,0.00152,0.00154,0.00152,0.00138,0.00144,0.00152,,3.98E-07,,,,0,0.00086127,2.24E-07,8.70E-05,,,0,,,0.000080941,0,,,,0.000095,9.73E-05,1.47E-05,7.78E-05,,2.14E-07,6.49E-06,,9.28E-06,1.20E-06,2.23E-07,,,,,3.28E-07,,0.0000374,2.27E-07,7.29E-06,,,,,7.29E-06,0.0000075,6.12E-06,,,,,,,,,,,,0.0000035,,,,,,,,,,,,,,,,,,,,,,,,,,,,,,,,,,,,,,,,3.32E-08,1.84E-08,1.66E-08,,1.66E-08,1.66E-08,1.66E-08,,1.66E-08,,1.66E-08,1.66E-08,1.66E-08,1.66E-08,1.66E-08,1.66E-08,1.66E-08,1.66E-08,,,,1.48E-08,,8.30E-09,,,,,,,,,,,,,,,,,,,,,,,,,,,,,,0,0,0,0,0,0,0,0,0,0,0,0,0,0,0,0,0,,0,0,0,0,0,0,0,0,0,0,0,0,0,0,0,0,0,0,0,0,0,0,0,0,0,,,,,,,,,,0,,,,,0,0,,,,,,,,,,0,,,,,0,,,,,0,,,,,,,,,,,,,,,,,,,,,,,,,,,0,0,,,,,,,,,,,,0,0,0,0,,0,0,,,,,0,0,,,,,,,,,,,,,,,,,,,,,,,,,,,,,,,,,,,,,,,,,,,,,,,,,,,,,,,,,,,,,,,,,,,,,,,,137.4869257
7/04/2026,60.432,25.89397302,,17.496,9.526090413,,8.560000001,5.733743895,7.56,3.491822347,,,,0,0,1.459077037,,1.392123549,,,0.36,1.67434,0.276397,,0,0.235642606,,0.199999999,0.24,,0.2211385,0.128835022,,0.08783544,0.100000001,,,0.037258266,0.066989622,,0.009232855,0.026666669,,0.0292,,,0.004558349,0.02675,0.000518,,0.005403333,0.014461302,,0,0.00336,0.00258,0.0026,0.00236,,0.0025,0.00284,0.0024,0.00236,0.00246,0.00244,0.0025,0.00262,0.00248,0.00246,0.00254,,2.56E-06,,,,0,0.001439365,2.60E-06,0.000172141,,,0,,,2.32E-06,0,,,,0.00021,2.99E-05,1.34E-05,7.78E-05,,3.02E-07,6.57E-06,,7.85E-06,4.52E-07,3.16E-07,,,,,3.46E-07,,,3.02E-07,7.31E-06,,,,,7.29E-06,7.50E-06,6.12E-06,,,,,,,,,,,,,,,,,,,0.000004,,,,,,,,1.85E-06,,,,,,,,,,,,,,,,,,,,,,,,,1.66E-08,1.66E-08,1.66E-08,,1.66E-08,3.32E-08,3.32E-08,,1.66E-08,,1.66E-08,1.66E-08,,1.66E-08,1.66E-08,1.66E-08,1.66E-08,1.66E-08,,,,2.22E-08,,8.30E-09,,,,,,,,,,,,,,,,,,,,,,,,,,,,,,0,0,0,0,0,0,0,0,0,0,0,0,0,0,0,0,0,,0,0,0,0,0,0,0,0,0,0,0,0,0,0,0,0,0,0,0,0,0,0,0,0,0,,,,,,,,,,0,,,,,0,0,,,,,,,,,,0,,,,,0,,,,,0,,,,,,,,,,,,,,,,,,,,,,,,,,,0,0,,,,,,,,,,,,0,0,0,0,,0,0,,0,,0,0,0,,,,,,,,,,,,,,,,,,,,,,0,,,,,,,,,,,,,,,,,,,,,,,,,,,,,,,,,,,,,,,,,,,,,,,,,,145.3305578
8/04/2026,60.432,18.61131281,,17.496,9.526090413,,8.560000001,5.733743895,7.56,3.389739843,,,,0,0,1.458981611,,1.392123549,,,0.36,1.65586,0.267524,,0,0.235642606,,0.199999999,0.24,58.37141507,0.139018,0.128835022,,0.10070632,0.100000001,,,0.023688709,0.066989622,,0.009232855,0.026666669,,0.01218,,,0.005193496,0.02784,0.0003325,,0.005403333,0.007142832,,0,0.00318,0.0025,0.00228,0.00222,,0.00242,0.0024,0.00242,0.0023,0.00248,0.0024,0.0024,0.00226,0.00236,0.00252,0.00252,,1.32E-06,,,,0,0.000152033,8.57E-07,0.000211111,,,0,,,4.92E-07,0,,,,0.0001,2.93E-05,1.06E-05,7.78E-05,,4.02E-07,6.63E-06,,7.94E-06,2.10E-06,3.97E-07,,,0.0000035,,1.71E-06,,,0.000000477,7.29E-06,,,,,7.29E-06,0.0000075,6.12E-06,,,,,,,,,,,,0.0000035,,,,,,,,,,,,,,,,,,,,,,,,,,,,,,,,,,,,,,,,1.66E-08,1.66E-08,1.66E-08,,1.66E-08,1.66E-08,1.66E-08,,1.66E-08,,1.66E-08,3.32E-08,1.66E-08,1.66E-08,1.66E-08,1.66E-08,1.66E-08,3.32E-08,,,,2.96E-08,,8.30E-09,,,,,,,,,,,,,,,,,,,,,,,,,,,,,,0,0,0,0,0,0,0,0,0,0,0,0,0,0,0,0,0,,0,0,0,0,0,0,0,0,0,0,0,0,0,0,0,0,0,0,0,0,0,0,0,0,0,,,,,,,,,,0,,,,,0,0,,,,,,,,,,0,,,,,0,,,,,0,,0,,,,,,,,,,,,,,,,,0,,,,,,,,0,0,,,,,,,,,,,,0,0,0,0,,0,0,,,,,0,0,0,,,0,,,,,,,,,,,,,,,,,,,,,,,,,,,,,,,,,,,,,,,,,,,,,,,,,,,,,,,,,,,,,,,,,,,,196.1809618
9/04/2026,60.432,10.78334066,,17.496,7.509090739,,8.560000001,5.733743895,7.56,1.041842244,,,0.056976696,0,0,1.45921556,,1.392123549,,,0.3599625,1.73016,0.238877,,0,0.235642606,,0.199999999,0.240083335,,0.183073,0.128835022,,0.0869022,0.100000001,,,0.034103892,0.066989622,,0.009232855,0.026666669,,0.02176,,,0.006686726,0.028105,0.0000665,,0.005403333,0.003026594,,0,0.00448,0.0036,0.00382,0.00358,,0.00372,0.00374,0.00368,0.00358,0.00358,0.0037,0.00372,0.00366,0.00356,0.00374,0.00356,,1.57E-06,,,,0,9.67E-05,8.65E-05,0.000158802,,,0,,,5.21E-07,0,,,,0.000105,3.64E-05,5.85E-06,7.78E-05,,6.08E-07,8.44E-06,,8.20E-06,7.45E-07,5.73E-07,,,,,6.52E-07,,0.000099,0.000000696,7.29E-06,,,,,7.28E-06,7.50E-06,6.12E-06,,,,,,,,,,,,,,,,,,,0.0000004,,,,,,,,,,,,,,,,,,,,,,,,,,,,,,,,,1.66E-08,1.82E-08,1.66E-08,,1.66E-08,1.66E-08,1.66E-08,,1.66E-08,,1.66E-08,1.66E-08,1.66E-08,1.66E-08,1.66E-08,1.66E-08,1.66E-08,1.66E-08,,,,1.48E-08,,8.30E-09,,,,,,,,,,,,,,,,,,,,,,,,,,,,,,0,0,0,0,0,0,0,0,0,0,0,0,0,0,0,0,0,0,0,0,0,0,0,0,0,0,0,0,0,0,0,0,0,0,0,0,0,0,0,0,0,0,0,,,,,,,,,,0,,,,,0,0,,,,,,,,,,0,,,,,0,,,,,0,,,,,,,,,,,,,,,,,,,,,,,,,,,0,0,,,,,,,,,,,,0,0,0,0,,0,0,,,,,0,0,0,,,,,,,,,,,0,,0,,,,,,,,,,,,,,,,,,,,,,,,,,,,,,,,,,,,,,,,,,,,,,,,,,,,,,,,,,125.786347
10/04/2026,60.432,10.2718809,,17.496,7.509090739,,8.560000001,5.733743895,7.56,1.041842244,,,0.273488141,0,0,1.460286247,,1.392123549,,,0.36,1.64842,0.224944,,0,0.235642606,,0.199999999,0.24,,0.088165,0.128835022,,0.09033464,0.100000001,,,0.034082283,0.066989622,,0.009232855,0.026666669,,0.01164,,,0.007980295,0.02132,0.0000735,,0.005403333,0.00242316,,0,0.00302,0.00192,0.00212,0.00194,,0.002,0.0021,0.00206,0.00198,0.00224,0.00222,0.00202,0.00182,0.00192,0.00172,0.00222,,3.69E-07,,,,0,7.33E-05,2.97E-07,0.000298623,,,,,,3.71E-07,0,,,,0.000095,0.000094976,1.16E-05,7.78E-05,9.30E-05,3.02E-07,6.49E-06,,7.85E-06,3.73E-07,3.51E-07,,,0.0000035,,3.89E-07,,0.00000264,0.000000245,0.000007284,,,,,7.29E-06,0.0000075,6.12E-06,,,,,,,,,,,,0.0000105,,,,,,,,,,,,,,,,,,,,,,,,,,,,,,,,,,,,,,,,1.66E-08,1.66E-08,1.66E-08,,1.66E-08,1.66E-08,1.66E-08,,1.66E-08,,1.66E-08,1.66E-08,3.32E-08,1.66E-08,,1.66E-08,1.66E-08,1.66E-08,,,,2.59E-08,,8.30E-09,,,,,,,,,,,,,,,,,,,,,,,,,,,,,,0,0,0,0,0,0,0,0,0,0,0,0,0,0,0,0,0,0,0,0,0,0,0,0,0,0,0,0,0,0,0,0,0,0,0,0,0,0,0,0,0,0,0,0,,,,,,,,,,,,,,,,,,,,,,,,,0,,,,,0,,,,,0,,,,,,,,,,,,,,,,,,,0,,,,,,,,0,0,,,,,,,,,,,,0,0,0,0,,0,0,,,,,0,0,,,,,,,,,,,,,,,,,,,,,,0,,,,,,,,,,,,,,,,,,,,,,,,,,,,,,,,,,,,,,,,,,,,,,,,,,125.2647152
11/04/2026,60.432,77.68048636,,17.496,7.509090739,,8.560000001,5.733743895,7.56,1.041842244,,,0.273488141,0,0,1.460446559,,1.392123549,,,0.36,1.62636,0.552441,,0,0.235642606,,0.199999999,0.24,,0.1123705,0.128835022,,0.23217788,0.100000001,,,0.036212943,0.065808083,,0.011373324,0.026666669,,0.00818,,,0.006903356,0.01858,0.00007,,0.005403333,0.028892171,,0,0.00308,0.00196,0.00184,0.00176,,0.0019,0.002,0.00192,0.00188,0.00198,0.00192,0.00196,0.00202,0.00188,0.00184,0.00196,,6.30E-05,,,,0,0.000116699,4.72E-06,0.000506802,,,0,,,0.000950561,0,,,,0.00009,9.36E-05,3.87E-06,7.78E-05,5.45E-05,3.89E-07,6.54E-06,,6.05E-05,0.000001226,3.46E-07,,,,,4.15E-07,,0.00000352,3.02E-07,7.29E-06,,,,,7.29E-06,0.0000075,6.12E-06,,,,,,,,,,,,0.0000035,,,,,,,,,,,,,,,,,,,,0.000005,,,,,,,,,,,,,,,,,,,,1.66E-08,1.66E-08,1.66E-08,,1.66E-08,1.66E-08,1.66E-08,,1.66E-08,,1.66E-08,1.66E-08,1.66E-08,1.66E-08,1.66E-08,1.66E-08,1.66E-08,3.32E-08,,,,0.000000037,,8.30E-09,,,,,,,,,,,,,,,,,,,,,,,,,,,,,,0,0,0,0,0,0,0,0,0,0,0,0,0,0,0,0,0,0,0,0,0,0,0,0,0,0,0,0,0,0,0,0,0,0,0,0,0,0,0,0,0,0,0,0,,,,,,,,,,,,,,,,,,,,,,,,,0,,,,,0,,,,,0,,,,,,,,,,,,,,,,,,,,,,,,,,,0,0,,,,,,,,,,,,0,0,0,0,,0,0,,,,,0,0,0,,,,,,,,,,,,,,,,,,,,,0,,,,,,,,,,,,,,,,,,,,,,,,,,,,,,,,,,,,,,,,,,,,,,,,,,193.1671101
12/04/2026,60.432,84.93950746,,17.496,7.509090739,,8.560000001,5.733743895,7.56,1.041842244,,,0.273488141,0,0,1.460860871,,1.392123549,,,0.36,1.6258,0.545556,,0.471153913,0.235642606,,0.199999999,0.24,,0.2355485,0.128835022,,0.2159652,0.100000001,,,0.053923781,0.065808083,,0.011373324,0.026666669,,0.00396,,,0.00647108,0.020195,0.000049,,0.005403333,0.017884922,,0,0.00248,0.00146,0.00172,0.0014,,0.00152,0.00162,0.00144,0.00144,0.00166,0.00142,0.00156,0.00144,0.00152,0.00152,0.0015,,0.000002168,,,,0.003284606,7.36E-05,8.69E-05,0.000976712,,,0,,,0.000137913,0,,,,0.000095,8.99E-05,0.000003161,7.78E-05,,2.14E-07,6.47E-06,,1.10E-05,1.20E-06,2.18E-07,,,,,2.67E-07,,0.00002772,2.14E-07,7.29E-06,,,,,7.29E-06,0.0000075,6.12E-06,,,,,,,,,,,,,,,,,,,,,,,,,,,,,,1.47E-08,,,,,,,,,,,,,,,,,,,,,,3.32E-08,1.66E-08,1.66E-08,,1.66E-08,1.66E-08,1.66E-08,,1.66E-08,,1.66E-08,1.66E-08,1.66E-08,3.32E-08,1.66E-08,1.66E-08,1.66E-08,1.66E-08,,,,1.85E-08,,8.30E-09,,,,,,,,,,,,,,,,,,,,,0.000000011,,,,,,,,,0,0,0,0,0,0,0,0,0,0,0,0,0,0,0,0,0,0,0,0,0,0,0,0,0,0,0,0,0,0,0,0,0,0,0,0,0,0,0,0,0,0,0,,,,,,,,,,0,,,,,,,,,,,,,,,,0,,0,,,0,,,,,0,,,,,,,0,,,,,,,,,,,,,,,,,,,,0,0,,,,,,,,,,,,0,0,0,0,,0,0,,,,,,,,,,,,,,,,,,,,,,,,,,,,,,,,,,,,,,,,,,,,,,,,,,,,,,,,,,,,,,,,,,,,,,,,,,,,,,200.9974968
13/04/2026,60.432,93.62533257,,17.496,7.509090739,,8.560000001,5.733743895,7.56,1.041842244,,,0.273488141,0,0,1.461544442,,1.391425409,,,0.36,1.74078,0.614507,,0.689256161,0.235642606,,0.199999999,0.24,,0.4400275,0.128835022,,0.22596332,0.100000001,,,0.06850983,0.065544187,,0.015342095,0.026666669,,0.01496,,,0.009801153,0.027975,0.000098,,0.005403333,0.012943643,,0,0.0029,0.0022,0.0022,0.0023,,0.00234,0.00242,0.0023,0.00226,0.0024,0.00218,0.00222,0.00216,0.00224,0.00224,0.0022,,0.000095068,,,,0.005237409,0.000117133,0.170329403,0.000567638,,,0,,,0.000537815,0,,,,0.000085,0.00010672,0.000169222,7.78E-05,,0.000000258,6.45E-06,,1.64E-05,1.60E-05,2.67E-07,,,,,1.20E-06,,0.0005368,3.02E-07,0.000007284,,,,,7.29E-06,0.0000075,6.12E-06,,,,,,,,,,,,,,,,,,,,,,,,,,,,,,,,,,,,,,3.70E-09,,,,,,,,,,,,,,1.66E-08,1.66E-08,1.66E-08,,1.66E-08,1.66E-08,1.66E-08,,1.66E-08,,1.66E-08,1.66E-08,1.66E-08,1.66E-08,1.66E-08,1.66E-08,1.66E-08,1.66E-08,,,,2.22E-08,,8.30E-09,,,,9.10E-09,,,2.88E-07,,,,,,,,,,,,,,,,,,,,,,,0,0,0,0,0,0,0,0,0,0,0,0,0,0,0,0,0,0,0,0,0,0,0,0,0,0,0,0,0,0,0,0,0,0,0,0,0,0,0,0,0,0,0,,,,,,,,,,,0,,,,,,,,,0,0,,,,,0,,,,,0,,,,,0,,0,,,,,,,,,,,,,,,,,,,,,,,,,0,0,,,,,,,,,,,,0,0,0,0,,0,0,0,,,,0,0,,,,,,,,,,,,,,,,,,,,,,,,,,,,,,,,,,,,,,,,,,,,,,,,,,,,,,,,,,,,,,,,,,,,,,,,210.5192126
14/04/2026,60.432,66.28291059,,17.496,7.506396128,,8.560000001,5.733743895,7.56,1.222118557,,,0.273488141,0,0,1.464546397,,1.390919315,,,0.36,1.8004,0.47358,,0.549206156,0.235642606,,0.199999999,0.24,,0.360393,0.128835022,,0.17227716,0.100000001,,,0.034536019,0.065462341,,0.018020838,0.026666669,,0.04326,,,0.007366368,0.027305,0.0011095,,0.005403333,0.003128811,,0,0.00268,0.00174,0.00202,0.00156,,0.00174,0.00198,0.002,0.00176,0.00172,0.00174,0.00166,0.00178,0.00168,0.0014,0.00184,,2.19E-07,,,,0.00537535,0.00010298,9.90E-07,0.000293163,,,0,,,7.08E-05,0,,,,0.000185,3.37E-05,7.68E-05,7.78E-05,,0.000000258,0.000006448,,2.51E-05,1.21E-06,2.22E-07,,,0.000007,,0.000661897,,0.00013596,0.000000232,7.29E-06,,,,,7.29E-06,0.0000075,6.12E-06,,,,,,,,,,,,,,,,,,,0.0000028,,,,,,,,1.31E-06,,,,,,,,,,,,,,,,,,,,,,,,,1.66E-08,1.66E-08,1.66E-08,,1.66E-08,1.66E-08,1.66E-08,,1.66E-08,,1.66E-08,1.66E-08,1.66E-08,1.66E-08,1.66E-08,1.66E-08,1.66E-08,3.32E-08,,,,2.22E-08,,8.30E-09,,,,,,,,,,,,,,,,,,,,,,,,,,,,,,0,0,0,0,0,0,0,0,0,0,0,0,0,0,0,0,0,0,0,0,0,0,0,0,0,0,0,0,0,0,0,0,0,0,0,0,0,0,0,0,0,0,0,,,,,,,,,,0,,,,,,,,,,,,,,,,0,,,,,0,,,,,0,,,,,,,,,,,,,,,,,,,,,,,,,,,0,0,,,,,,,,,,,,0,0,0,0,,0,0,,,,,0,0,0,,,,,,,,,,,,,,,,,,,,,,,,,,,,,,,,,,,,,,,,,,,,,,,,,,,,,,,,,,,,,,,,,,,,,,,182.8091035
15/04/2026,60.432,49.09502062,,17.496,7.485025553,,8.560000001,5.733743895,7.56,2.221279152,,,0.273488141,0,0,1.466532183,,1.390973664,,,0.36,1.73918,0.339019,,0.402458874,0.235642606,,0.199999999,0.24,,0.2743565,0.128835022,,0.12208064,0.100000001,,,0.026753604,0.065312338,,0.018020838,0.026666669,,0.01118,,,0.006988459,0.027415,0.0001085,,0.005403333,0.001911902,,0,0.00254,0.00148,0.00166,0.00142,,0.00154,0.00152,0.00146,0.00162,0.00142,0.00144,0.00136,0.0015,0.00146,0.00142,0.00166,,1.28E-06,,,,0.00575934,5.74E-05,2.68E-07,0.00052287,,,0,,,0.000381538,0,,,,0.000095,0.000245929,7.84E-05,7.78E-05,,2.14E-07,6.44E-06,,9.70E-06,1.25E-06,2.19E-07,,,,,4.75E-07,,0.00000044,0.000000258,0.000007284,,,,,7.29E-06,0.0000075,6.12E-06,,,,,,,,,,,,0.0000105,,,,,,,,,,,,,,,1.28E-07,,,,,,,,,,,,,,,,,,,,,,,,,1.66E-08,1.66E-08,1.66E-08,,1.66E-08,1.66E-08,1.66E-08,,1.66E-08,,1.66E-08,1.66E-08,1.66E-08,1.66E-08,1.66E-08,1.66E-08,1.66E-08,1.66E-08,,,,2.59E-08,,8.30E-09,,,,,,,,,,,,,,,,,,,,,,,,,,,,,,0,0,0,0,0,0,0,0,0,0,0,0,0,0,0,0,0,0,0,0,0,0,0,0,0,0,0,0,0,0,0,0,0,0,0,0,0,0,0,0,0,0,0,,,,,,,,,,,,,,,,,,,,,,,,,,0,,,,,0,,,,,0,,,,,,,,,,,,,,,,,,,,,,,,,,,0,0,,,,,,,,,,,,0,0,0,0,,0,0,,,,,0,0,,,,,,,,,,,,,,,,,,,,,,,,,,,,,,,,,,,,,,,,,,,,,,,,,,,,,,,,,,,,,,,,,,,,,,,,166.0761744
16/04/2026,60.432,22.00903889,,17.496,7.485025553,,8.560000001,5.733743895,7.56,2.221279152,,,0.262092802,0,0,1.467465608,,1.392759342,,,0.36,1.7351,0.278686,,0.342998474,0.235642606,,0.199999999,0.24,,0.185108,0.128835022,,0.104885,0.100000001,,,0.022808278,0.058846534,,0.020805859,0.026666669,,0.01622,,,0.008599384,0.027585,0.000252,,0.005403333,0.003830535,,0,0.00302,0.00174,0.00174,0.00164,,0.00192,0.00182,0.0018,0.00184,0.00182,0.0017,0.00176,0.00168,0.00158,0.00142,0.00188,,1.39E-06,,,,0.005847188,5.02E-05,2.57E-06,0.001381476,,,0,,,6.39E-05,0,,,,0.00023,2.73E-05,0.000644254,7.78E-05,,3.02E-07,6.50E-06,,7.80E-06,3.25E-07,2.67E-07,,,0.0000105,,3.02E-07,,,3.07E-07,7.29E-06,,,,,7.29E-06,0.0000075,6.12E-06,,,,,,,,,,,,,,,,,,,0.0000004,,,,,,,,1.69E-06,,,,,,,,,,,,,,,,,,,,,,,,,1.82E-08,3.32E-08,1.66E-08,,1.66E-08,1.66E-08,3.32E-08,,1.66E-08,,1.66E-08,1.66E-08,1.66E-08,1.66E-08,1.66E-08,1.66E-08,1.66E-08,1.66E-08,,,,3.33E-08,,8.30E-09,,,,1.79E-08,,,,,,,,,,,,,,,,,,,,,,,,,,0,0,0,0,0,0,0,0,0,0,0,0,0,0,0,0,0,0,0,0,0,0,0,0,0,0,0,0,0,0,0,0,0,0,0,0,0,0,0,0,0,0,0,,,,,,,,,,,,,,,,,,,,0,,,,,,0,,,,,0,,,,,0,,,,,,,,,,,,,,,,,,,,,,,,,,,0,0,,,,,,,,,,,,0,0,0,0,,0,0,,,,,0,0,,,,,,,,,,,,,,,,,,,,,,,,,,,,,,,,,,,,,,,,,,,,,,,,,,,,,,,,,,,,,,,,,,,,,,,,138.7574209
17/04/2026,60.432,14.80866114,,17.496,7.485025553,,8.560000001,5.733743895,7.56,2.221279152,,,0.273488141,0,0,1.467828219,,1.392779437,,,0.36,1.7387,0.246831,,0.31072825,0.235642606,,0.199999999,0.24,,0.135751,0.128835022,,0.0963248,0.100000001,,,0.032569056,0.058791074,,0.020805859,0.026666669,,0.00698,,,0.01482942,0.02859,0.0000595,,0.005403333,0.014738093,,0,0.00242,0.00138,0.00176,0.0017,,0.00156,0.00154,0.00158,0.00164,0.00156,0.00146,0.00152,0.00166,0.00142,0.00168,0.00154,,0.000000287,,,,0.005998167,6.09E-05,1.73E-06,0.00044724,,,0,,,0.000137252,0,,,,0.0001,2.68E-05,9.80E-05,7.78E-05,,0.000000258,6.53E-06,,7.85E-06,1.19E-06,1.71E-06,,,0.0000035,,0.000000258,,,0.000000258,7.29E-06,,,,,7.29E-06,0.0000075,6.12E-06,,,,,,,3.94E-06,,,,,0.0000035,,,,,,,,,,,,,,,1.92E-07,,,,,,,,,,,,,,,,,,,,,,,,,1.66E-08,1.66E-08,1.66E-08,,1.66E-08,1.66E-08,1.66E-08,,3.32E-08,,1.66E-08,,1.66E-08,1.66E-08,1.66E-08,1.66E-08,1.66E-08,1.66E-08,,,4.06E-06,1.48E-08,,8.30E-09,,,,,,,,,,,,,,,,,,,,,,,,,,,,,,0,0,0,0,0,0,0,0,0,0,0,0,0,0,0,0,0,0,0,0,0,0,0,0,0,0,0,0,0,0,0,0,0,0,0,0,0,0,0,0,0,0,0,,,,,0,,,,,0,,,0,,,,,,,,,,,,,0,,,,,0,,,,,0,,,,,,,,,,,,,,,,,,,,,,,,,,,0,0,,,,,,,,,,,,0,0,0,0,,0,0,,,,,0,0,,,,,,,,,,,,,,,,,,,,,,,,,,,,,,,,,,,,,,,,,,,,,,,,,,,,,,,,,,,,,,,,,,,,,,,,131.4644811
18/04/2026,60.432,66.85545704,,17.496,7.485025553,,8.560000001,5.733743895,7.56,2.221279152,,,0.273488141,0,0,1.467994416,,1.399467511,,,0.36,1.73618,0.509396,,0.539724642,0.235642606,,0.199999999,0.24,,0.141658,0.128835022,,0.21176276,0.100000001,,,0.036461897,0.040331989,,0.020805859,0.026666669,,0.00676,,,0.009399568,0.02847,0.000056,,0.005403333,0.02948392,,0,0.00276,0.00206,0.00204,0.00216,,0.00242,0.00202,0.00204,0.00204,0.00204,0.00216,0.002,0.00208,0.00214,0.00214,0.00206,,0.000161243,,,,0.005973337,5.98E-05,2.20E-06,0.000208069,,,0,,,0.000571694,0,,,,0.0001,9.90E-05,4.65E-05,7.78E-05,,3.02E-07,6.62E-06,,0.000117637,4.83E-07,3.46E-07,,,,,8.40E-07,,,3.02E-07,0.000007284,,,,,7.29E-06,0.0000075,6.12E-06,,,,,,,,,,,,,,,,0.000103641,,,,,,,,,,,,,,,,,,,,,,,,,,,,,,,,,,,,3.32E-08,1.66E-08,1.66E-08,,1.66E-08,1.66E-08,1.66E-08,,1.66E-08,,1.66E-08,1.66E-08,1.66E-08,1.66E-08,1.66E-08,1.66E-08,1.66E-08,1.66E-08,,,,2.59E-08,,8.30E-09,,,,,,,,,,,,,,,,,,,,,,,,,,,,,,0,0,0,0,0,0,0,0,0,0,0,0,0,0,0,0,0,0,0,0,0,0,0,0,0,0,0,0,0,0,0,0,0,0,0,0,0,0,0,0,0,0,0,,,,,,,,,,,,,,,,,,,,,,,,0,,0,,,,,0,,,,,0,,0,,,,,,,,,,,,,,,,,0,,,,,,,,0,0,,,,,,,,,,,,0,0,0,0,,0,0,,,,,0,0,0,,,,,,,,,,,,,,,,,,,,,,,,,,,,,,,,,,,,,,,,,,,,,,,,,,,,,,,,,,,,,,,,,,,,,,,184.1312123
19/04/2026,60.432,238.3587194,,17.496,7.485025553,,8.560000001,5.733743895,7.56,2.221279152,,,0.273488141,0,0,1.468368304,,1.399467511,,,0.36,1.76378,0.588373,,0.662894632,0.235642606,,0.199999999,0.24,,0.272118,0.128835022,,0.23165208,0.100000001,,,0.062517595,0.040331989,,0.020805859,0.026666669,,0.01802,,,0.009440944,0.02717,0.0000525,,0.005403333,0.022254757,,0,0.00476,0.00394,0.00394,0.00408,,0.00408,0.00406,0.00436,0.00412,0.00406,0.004,0.00394,0.0041,0.00394,0.00402,0.00404,,0.000000709,,,,0.006573021,6.19E-05,6.08E-07,9.28E-05,,,0,,,0.001472964,0,,,,0.000125,0.000027155,0.000506668,7.78E-05,0.002022246,5.21E-07,6.76E-06,,0.000119594,1.57E-06,5.73E-07,,,,,5.21E-07,,,5.65E-07,0.000007293,,,,,7.29E-06,0.0000075,6.12E-06,,,,,,,,,,,,,,,,,,,0.0000008,,,,,,,,3.52E-07,,,,,,,,,,,7.30E-09,,,,,,,,,,,,,,1.66E-08,1.66E-08,1.66E-08,,1.66E-08,1.66E-08,1.66E-08,,1.66E-08,,1.66E-08,1.66E-08,,1.66E-08,1.66E-08,1.66E-08,1.66E-08,1.66E-08,,,,1.48E-08,,1.66E-08,,,,,,,,,,,,,,,,,,,7.30E-09,,,,,,,,,,,0,0,0,0,0,0,0,0,0,0,0,0,0,0,0,0,0,0,0,0,0,0,0,0,0,0,0,0,0,0,0,0,0,0,0,0,0,0,0,0,0,0,0,0,,,,,,,,,,0,,,,,,,,0,,,,,,,0,,,,,0,,,,,0,,,,,,,,,,,,,,,,,,,,,,,,,,,0,0,,,,,,,,,,,,0,0,0,0,,0,0,,,,,0,0,,,,,,,,,,,,,,,,,,,,,,,,,,,,,,,,,,,,,,,,,,,,,,,,,,,,,,,,,,,,,,,,,,,,,,,,356.0766115
20/04/2026,60.432,139.7288521,,17.496,7.485025553,,8.560000001,5.733743895,7.56,2.221279152,,,0.273488141,0,0,1.469281483,,1.400074562,,,0.36,1.77428,0.815825,,0.905236873,0.235642606,,0.199999999,0.24,,0.5299965,0.128835022,,0.30649608,0.100000001,,,0.066255519,0.038656528,,0.020805859,0.026666669,,0.00908,,,0.009214366,0.027425,0.0000735,,0.005403333,0.016263667,,0,0.00326,0.00222,0.00208,0.00218,,0.00214,0.002,0.00222,0.00214,0.00202,0.00204,0.00204,0.00204,0.00216,0.00206,0.00228,,3.00E-06,,,,0.007352825,0.000070652,0.016100828,6.25E-05,,,0,,,6.48E-06,0,,,,0.000095,0.000434121,0.000527621,7.78E-05,,0.000000477,6.71E-06,,1.60E-05,1.50E-06,4.86E-07,,,,,1.09E-06,,,5.21E-07,7.45E-06,,,,,7.29E-06,0.0000075,6.12E-06,,,,,,,,,,,,0.0000035,,,,,,,,,,,,,,,6.39E-08,,,,,,,,,,,,,,,,,,,,,,,,,1.66E-08,1.66E-08,1.66E-08,,1.66E-08,1.66E-08,1.66E-08,,1.66E-08,,1.66E-08,1.66E-08,1.66E-08,1.66E-08,1.66E-08,1.66E-08,1.66E-08,1.66E-08,,,,2.22E-08,,1.66E-08,,,,,,,,,,,,,,,,,,,,,,,,,,,,,,0,0,0,0,0,0,0,0,0,0,0,0,0,0,0,0,0,0,0,0,0,0,0,0,0,0,0,0,0,0,0,0,0,0,0,0,0,0,0,0,0,0,0,,,,,,,,,,0,,,,,,,,,,,,,,,,0,,,,,0,,,,,0,,,,,,,,,,,,,,,,,,,,,,,,,,,0,0,,,,,,,,,,,,0,0,0,0,,0,0,,,,,0,0,0,,,,,,,,,,0,0,,0,,,,,,,,,,,,,,,,,,,,,,,,,,,,,,,,,,,,,,,,,,,,,,,,,,,,,,,,,,258.2335712
21/04/2026,60.432,97.8344804,,17.496,7.485025553,,8.560000001,5.733743895,7.56,2.221279152,,,0.273488141,0,0,1.472213006,,1.401212299,,,0.35992639,1.92912,0.599913,,0.695684579,0.235642606,,0.199999999,0.240083335,,0.4527655,0.128835022,,0.21734416,0.100000001,,,0.030771482,0.035647458,,0.020568388,0.026666669,,0.06234,,,0.014126741,0.027435,0.0007735,,0.005403333,0.009118492,,0,0.00522,0.00386,0.00398,0.0026,,0.00376,0.00382,0.0034,0.00364,0.00366,0.00342,0.00356,0.00382,0.00342,0.00266,0.00398,,3.46E-07,,,,0.007175844,3.06E-05,0.000293043,0.001107944,,,0.00498,,,0.006737093,0,,,,0.000215,3.74E-05,8.84E-06,7.78E-05,,3.89E-07,5.61E-06,,6.83E-06,4.61E-07,3.46E-07,,,0.0000315,,4.33E-07,,,3.89E-07,5.80E-06,,,,,5.63E-06,5.78E-06,5.03E-06,,,,,,,,,,,,0.000007,,,,,,,0.0000016,,,,,,,,1.73E-06,,,,,,,,,,,,,,,,,,,,,,,,,1.66E-08,1.66E-08,1.66E-08,,1.66E-08,1.66E-08,1.66E-08,,1.66E-08,,3.32E-08,1.66E-08,1.66E-08,1.66E-08,1.66E-08,1.66E-08,1.66E-08,1.66E-08,,,,1.11E-08,,8.30E-09,,,,,,,,,,,,,,,,,,,,,,,,,,,,,,0,0,0,0,0,0,0,0,0,0,0,0,0,0,0,0,0,0,0,0,0,0,0,0,0,0,0,0,0,0,0,0,0,0,0,0,0,0,0,0,0,0,0,,,,,,,,,,0,,,,,,,,,,,,,,,,0,,,,,0,,,,,0,,,,,,,,,,,,,,,,,,,,,,,,,,,0,0,,,,,,,,,,,,0,0,0,0,,0,0,,,,,0,0,,,,,,,,,,,,0,,0,,,,,,,,,,,,,,,,,,,,,,,,,,,,,,,,,,,,,,,,,,,,,,,,,,,,,,,,,,215.9371509
22/04/2026,60.432,79.56916966,,17.496,7.485025553,,8.560000001,5.733743895,7.56,2.221279152,,,0.273488141,0,0,1.473164909,,1.40213616,,,0.36,2.0883,0.349861,,0.441228098,0.235642606,,0.199999999,0.24,,0.36696,0.128835022,,0.1181972,0.100000001,,,0.019861451,0.033097602,,0.020568388,0.026666669,,0.0331,,,0.007128389,0.0511,0.0001925,,0.005403333,0.005911528,,0,0.00194,0.00146,0.00176,0.0015,,0.0014,0.00178,0.00154,0.00158,0.00144,0.0015,0.00142,0.00146,0.00154,0.0013,0.00144,,0.000002111,,,,0.011051198,6.98E-05,0.000000258,1.29E-05,0,,0.0042,,,0.000000245,0,,,,0.000095,9.78E-05,0.002783007,7.78E-05,,2.14E-07,6.19E-06,,7.78E-06,8.74E-07,2.14E-07,,,0.0000315,,2.14E-07,,0.00000132,1.79E-06,7.24E-06,,,,,7.01E-06,7.23E-06,5.86E-06,,,,,,,,,,,,,,,,,,,0.0000036,,,,,,,,1.28E-07,,,,,,,,,,,,,,,,,,,,,,,,,5.99E-08,1.66E-08,1.66E-08,,1.66E-08,1.66E-08,1.66E-08,,1.66E-08,,1.66E-08,1.66E-08,1.66E-08,1.66E-08,,1.66E-08,1.66E-08,1.66E-08,,,,2.22E-08,,8.30E-09,,,,,,,,,,,,,,,,,,,,,,,,,,,,,,0,0,0,0,0,0,0,0,0,0,0,0,0,0,0,0,0,0,0,0,0,0,0,0,0,0,0,0,0,0,0,0,0,0,0,0,0,0,0,0,0,0,0,,,,,,,,,,0,,,,,,,,,,,,,,,,0,,,,,0,,,,,0,,,,,,,,,,,,,,,,,,,0,,,,,,,,0,0,,,,,,,,,,,,0,0,0,0,,0,0,,,,,0,0,0,,,,,,,,,,,,,,,,,,,,,0,,,,,,,,,,,,,,,,,,,,,,,,,,,,,,,,,,,,,,,,,,,,,,,,,,197.0795928
23/04/2026,60.432,18.38866561,,17.496,7.485025553,,8.560000001,5.733743895,7.56,2.221279152,,,0.273488141,0,0,1.473527819,,1.404299967,,,0.36,1.94364,0.316005,,0.400509186,0.235642606,,0.199999999,0.24,,0.2667775,0.128835022,,0.111287,0.100000001,,,0.032864601,0.027685729,,0.019553467,0.026666669,,0.04698,,,0.015690685,0.039275,0.0001855,,0.005403333,0.005664738,,0,0.0049,0.00464,0.00464,0.00306,,0.00468,0.00468,0.00418,0.0043,0.00412,0.00418,0.00414,0.00464,0.00432,0.00304,0.00466,,3.65E-07,,,,0.00540777,0.000069752,3.45E-07,0.001137863,0,,0.00272,,,0.000107355,0,,,,0.000225,0.000103722,2.59E-06,7.78E-05,,0.000000258,3.64E-06,,5.14E-06,4.47E-07,0.000000258,,,0.000091,,2.63E-07,,,0.000000258,3.99E-06,,,,,3.92E-06,4.02E-06,3.33E-06,,,,,,,,,,,,0.000007,,,,,,,,,,,,,,,1.66E-06,,,,,,,,,,,,,,,,,,,,,,,,,1.66E-08,1.66E-08,1.66E-08,,1.66E-08,1.66E-08,1.66E-08,,1.66E-08,,1.66E-08,1.66E-08,1.66E-08,1.66E-08,1.66E-08,1.66E-08,3.32E-08,1.66E-08,,,,1.85E-08,,8.30E-09,,,,,,,,,,,,,,,,,,,,,,,,,,,,,,0,0,0,0,0,0,0,0,0,0,0,0,0,0,0,0,0,0,0,0,0,0,0,0,0,0,0,0,0,0,0,0,0,0,0,0,0,0,0,0,0,0,0,,,,,,,,,,,,,,,,,,,,,,,,,,0,,,,,0,,,,,0,,0,,,,,,,,,,,,,,,,,,,,,,,,,0,0,,,,,,,,,,,,0,0,0,0,,0,0,,,,,0,0,,,,,,,,0,,0,0,0,,0,0,,,,,,,,,,,,,,,,,,,,,,,,,,,,,,,,,,,,,,,,,,,,,,,,,,,,,,,,,135.6248542
24/04/2026,60.432,14.42631716,,17.496,7.485025553,,8.560000001,5.733743895,7.56,2.221279152,,,0.273488141,0,0,1.474396763,,1.404299967,,,0.36,1.95468,0.438651,,0.527179197,0.235642606,,0.199999999,0.24,,0.3505975,0.128835022,,0.1520948,0.100000001,,,0.131606697,0.027685729,,0.019553467,0.026666669,,0.02128,,,0.008226927,0.043095,0.000245,,0.005403333,0.006551067,,0,0.00226,0.00194,0.00196,0.0018,,0.0019,0.00194,0.00198,0.00194,0.00184,0.00178,0.0018,0.00186,0.00166,0.00162,0.00186,,0.00001998,,,,0.005635039,7.05E-05,1.94E-06,0.00057349,0,,0.0003,,,8.26E-05,0,,,,0.00019,2.85E-05,4.51E-06,7.78E-05,2.85E-05,2.22E-06,0.000006538,,5.24E-05,1.30E-06,0.000000779,7.09E-07,,0.000014,,2.56E-06,,,3.89E-07,7.29E-06,,,,,7.29E-06,0.0000075,6.12E-06,,,,,,,,,,,,,,,,,,,0.0000004,,,,,,,,1.31E-06,,,,,,,,,,,2.04E-08,,,,,,,,,,,,,,1.66E-08,1.66E-08,1.66E-08,,1.66E-08,1.66E-08,1.66E-08,,1.66E-08,,1.66E-08,1.66E-08,1.66E-08,1.66E-08,,1.66E-08,1.66E-08,3.32E-08,,,,2.96E-08,,8.30E-09,,,,,,3.52E-07,,,,,,,,,,,,,,,,,,,,,,,,0,0,0,0,0,0,0,0,0,0,0,0,0,0,0,0,0,0,0,0,0,0,0,0,0,0,0,0,0,0,0,0,0,0,0,0,0,0,0,0,0,0,0,0,,,,,,,,,,0,,,,,,,,,,,,,,,0,,,,,0,,,,,0,,,,,,,,,,,,,,,,,,,,,,,,,,,0,0,,,,,,,,,0,,,0,0,0,0,,0,0,,,,,0,0,0,,,0,,,,,,,,,,,,,,,,,,,0,,,,,,,,,,,,,,,,,,,,,,,,,,,,,,,,,,,,,,,,,,,,,,,,,132.079809
25/04/2026,60.432,65.00001634,,17.496,7.485025553,,8.560000001,5.733743895,7.56,2.221279152,,,0.273488141,0,0,1.474827736,,1.404299967,,,0.36,1.89154,0.724194,,0.754338259,0.235642606,,0.199999999,0.24,,0.2512125,0.128835022,,0.22685432,0.100000001,,,0.038166352,0.027685729,,0.019553467,0.026666669,,0.00688,,,0.008338818,0.03755,0.000091,,0.005403333,0.040235331,,0,0.0035,0.00264,0.00258,0.00238,,0.0025,0.00242,0.00256,0.00242,0.00234,0.00268,0.0025,0.00248,0.00252,0.00236,0.00248,,6.73E-05,,,,0.005138258,0.00079968,2.58E-06,0.000218625,0,,0.0021,,,6.70E-05,0,,,,0.000125,9.51E-05,0.000254592,7.78E-05,,3.84E-07,6.58E-06,,0.000186944,1.55E-05,3.55E-07,,,,,4.38E-07,,0.00001056,3.46E-07,7.29E-06,,,,,7.29E-06,0.0000075,6.12E-06,,,,,,,,,,,,0.0000035,,,,6.08E-05,,,,,,,,,,,3.83E-07,,,,,,,,,,,,,,,,,,,,,,,,,3.32E-08,1.66E-08,1.66E-08,,1.66E-08,1.66E-08,1.66E-08,,1.66E-08,,1.66E-08,3.32E-08,1.66E-08,1.66E-08,1.66E-08,1.66E-08,1.66E-08,1.66E-08,,,,1.48E-08,,8.30E-09,,,,,,,,,,,,,,,,,,,,,,,,,,,,,,0,0,0,0,0,0,0,0,0,0,0,0,0,0,0,0,0,0,0,0,0,0,0,0,0,0,0,0,0,0,0,0,0,0,0,0,0,0,0,0,0,0,0,,,,,,,,,,,,,,,,,,,,,,,,0,,0,,,,,0,,,,,0,,,,,,,,,,,,,,,,,,,,,,,,,,,0,0,,,,,,,,,,,,0,0,0,0,,0,0,,,,,0,0,0,,,,,,,,,,,,,,,,,,,,,0,,,,,,,,,,,,,,,,,,,,,,,,,,,,,,,,,,,,,,,,,,,,,,,,,,183.0114884
26/04/2026,60.432,96.14684173,,17.496,7.485025553,,8.560000001,5.733743895,7.56,2.221279152,,,0.273488141,0,0,1.475379502,,1.403877992,,,0.36,2.059,0.773587,,0.845209205,0.235642606,,0.199999999,0.24,,0.411741,0.128835022,,0.26952508,0.100000001,,,0.055648978,0.027685729,,0.021663344,0.026666669,,0.01048,,,0.004297872,0.05332,0.0000945,,0.005403333,0.020170877,,0,0.00678,0.00476,0.005,0.00496,,0.00502,0.00484,0.00492,0.00488,0.00484,0.00494,0.00488,0.00494,0.00484,0.00474,0.00494,,1.31E-06,,,,0.007767312,0.000107042,0.000003351,0.000149888,0,,0.00294,,,0.000002091,0,,,,0.000095,2.96E-05,0.000180611,7.78E-05,2.06E-05,3.46E-07,8.04E-06,,8.90E-06,5.35E-07,0.000000445,,,,,3.95E-07,,,3.46E-07,0.000623592,,,,,7.29E-06,0.0000075,6.12E-06,,,,,,,,,,,,,,,,,,,0.0000004,,,,,,,,,,,0.000000011,,,,,,,,,,,,,,,,,,,,,,1.66E-08,1.66E-08,1.66E-08,,1.66E-08,1.66E-08,1.66E-08,,1.66E-08,,1.66E-08,1.66E-08,1.66E-08,1.66E-08,,1.66E-08,1.66E-08,1.66E-08,,,,1.48E-08,,8.30E-09,,,,,,,,,,,,,,,,,,,,7.30E-09,,,,,,,,,,0,0,0,0,0,0,0,0,0,0,0,0,0,0,0,0,0,0,0,0,0,0,0,0,0,0,0,0,0,0,0,0,0,0,0,0,0,0,0,0,0,0,0,0,,,,,,,,,,,,,,,,,,,,,,,,,0,,,,,0,,,,,0,,,,,,,0,,,,,,,,,,,,,,,,,,,,0,0,,,,0,,,,,,,,0,0,0,0,,0,0,0,,,,0,0,,,,,,,,,,,,,,,,,,,,,,,,,,,,,,,,,,,,,,,,,,,,,,,,,,,,,,,,,,,,,,,,,,,,,,,,214.723926
27/04/2026,60.432,106.2099702,,17.496,7.485025553,,8.560000001,5.733743895,7.56,2.221279152,,,0.273488141,0,0,1.476111505,,1.406363502,,,0.36,2.03208,0.841519,,0.918794002,0.235642606,,0.199999999,0.24,,0.5833465,0.128835022,,0.29563204,0.100000001,,,0.170497068,0.020825721,,0.021663344,0.026666669,,0.00838,,,0.000936767,0.05078,0.0001785,,0.005403333,0.019345597,,0,0.0026,0.00168,0.00168,0.00174,,0.00174,0.00174,0.00184,0.00176,0.0016,0.0016,0.0018,0.00168,0.00166,0.00152,0.0017,,3.57E-07,,,,0.007190283,7.19E-05,7.66E-06,0.002868904,0,,0.00756,,,0.000373144,0,,,,0.00012,3.21E-05,4.57E-05,7.78E-05,3.27E-06,2.97E-07,0.000344614,,0.000013604,4.04E-07,0.000000258,7.88E-05,,0.0000105,,0.000000258,,0.00000968,3.02E-07,7.29E-06,,,,,7.29E-06,0.0000075,6.12E-06,,,,,,0.000000003,,,,,,0.0000035,,,,,,,,,,,,,,,0.000000447,,,,,,,,,,,,,,,,,,,,,,,,,1.66E-08,1.66E-08,1.66E-08,,1.66E-08,1.66E-08,1.66E-08,,1.66E-08,,1.66E-08,1.66E-08,1.66E-08,1.66E-08,1.66E-08,1.66E-08,1.66E-08,1.66E-08,,,,1.84E-08,,8.30E-09,,,,,,,,,,,,,,3.70E-09,,,,,,,,,,,,,,,,0,0,0,0,0,0,0,0,0,0,0,0,0,0,0,0,0,0,0,0,0,0,0,0,0,0,0,0,0,0,0,0,0,0,0,0,0,0,0,0,0,0,0,0,,,0,,0,,,,0,,,,,,,,,,,,,,,,0,,,,,0,,,,,0,,,,,,,,,,,,,,,,,,,,,,,,,,,0,0,,,,,,,,,0,,,0,0,0,0,,0,0,0,,,,0,0,,,,,,,,,,,,,,,,,,,,,,0,,,,,,,,,,,,,,,,,,,,,,,,,,,,,,,,,,,,,,,,,,,,,,,,,,225.1596904
28/04/2026,60.432,64.96180942,,17.496,7.485025553,,8.560000001,5.733743895,7.56,2.221279152,,,0.273488141,0,0,1.477038214,,1.405964729,,,0.36,2.1206,0.617839,,0.705090505,0.235642606,,0.199999999,0.24,,0.5331315,0.128835022,,0.21292788,0.100000001,,,0.02747331,0.020825721,,0.023657207,0.026666669,,0.02016,,,0.008425631,0.05488,0.0001365,,0.005403333,0.01313907,,0,0.00232,0.00182,0.00194,0.00166,,0.0018,0.00174,0.0019,0.0018,0.0018,0.00176,0.00172,0.00178,0.00176,0.00162,0.00178,,3.22E-07,,,,0.008289328,0.000155718,1.21E-05,0.001777827,0,,0.00552,,,0.001560836,0,,,,0.000105,2.75E-05,7.18E-05,7.78E-05,,0.000000258,6.58E-06,,8.14E-06,5.68E-07,0.000000258,4.55E-07,,,,3.02E-07,,,3.02E-07,7.28E-06,,,,,7.29E-06,0.0000075,6.12E-06,,,,,,,,,,,,,,,,,,,,,,,,,,,2.56E-07,,,,,,,,,,,,,,,,,,,,,,,,,1.66E-08,1.66E-08,1.66E-08,,1.66E-08,1.66E-08,1.66E-08,,1.66E-08,,1.66E-08,1.66E-08,1.66E-08,1.66E-08,1.66E-08,1.66E-08,1.66E-08,1.66E-08,,,,,,8.30E-09,,,,,,,,,,,,,,3.70E-09,,,,,,,,,,,,,,,,0,0,0,0,0,0,0,0,0,0,0,0,0,0,0,0,0,0,0,0,0,0,0,0,0,0,0,0,0,0,0,0,0,0,0,0,0,0,0,0,0,0,0,,,,,,0,,,,,,,,,,,,,,,,,,,,,,,,,0,,,,,0,,0,,,,,,,,,,,,,,,,,,,,,,,,,0,0,,,,,,,,,0,,,0,0,0,0,,0,0,,,,,0,0,,,,,,,,0,,0,,,,,,0,0,,,,,0,,,,,,,,,,,,,,,,,,,,,,,,,,,,,,,,,,,,,,,,,,,,,,,,,,183.3060269
29/04/2026,60.432,31.66778875,,17.496,7.485025553,,8.560000001,5.733743895,7.56,2.221279152,,,0.273488141,0,0,1.47774001,,1.40599106,,,0.36,2.0936,0.458838,,0.546822853,0.235642606,,0.199999999,0.24,,0.5105705,0.128835022,,0.1475496,0.100000001,,,0.020876081,0.020753049,,0.023657207,0.026666669,,0.03084,,,0.011015517,0.056415,0.000098,,0.005403333,0.007525207,,0,0.00296,0.0017,0.00158,0.0017,,0.0017,0.00182,0.00152,0.00156,0.00152,0.00154,0.00172,0.0016,0.0015,0.00134,0.00164,,1.48E-06,,,,0.008716048,7.51E-05,0.000652574,0.000262236,0,,0.00234,,,0.000716797,0,,,,0.000105,0.000125325,5.64E-05,7.78E-05,,3.02E-07,6.49E-06,,7.81E-06,1.15E-06,0.000000258,,,0.00007,,0.000000266,,,2.76E-07,7.29E-06,,,,,7.29E-06,0.0000075,6.12E-06,,,,,,,,,,,,0.0000035,,,,,,,,,,,,,,,1.28E-07,,,,,,,,,,,,,,,,,,,,,,,,,1.84E-08,1.66E-08,1.66E-08,,1.66E-08,1.66E-08,1.66E-08,,1.66E-08,,1.66E-08,1.66E-08,1.66E-08,1.66E-08,1.66E-08,1.66E-08,1.66E-08,1.66E-08,,,,,,8.30E-09,,,,,,,,,,,,,,,,,,,,,,,,,,,,,,0,0,0,0,0,0,0,0,0,0,0,0,0,0,0,0,0,0,0,0,0,0,0,0,0,0,0,0,0,0,0,0,0,0,0,0,0,0,0,0,0,0,0,,,,,,,,,0,,,,,,,,,,,,,,,,,,,,,,0,,,,,0,,,,,,,,,,,,,,,,,,,0,,,,,,,,0,0,,,,,,,,,,,,0,0,0,0,,0,0,0,,,,0,0,0,,,,,,,,,,,,,,,,,,,,,,,,,,,,,,,,,,,,,,,,,,,,,,,,,,,,,,,,,,,,,,,,,,,,,,,149.5768125
30/04/2026,60.432,21.79551012,,17.496,7.516082784,,8.560000001,5.733743895,7.56,2.221279152,,,0.273488141,0,0,1.444388047,,1.406873282,,,0.36,2.04594,0.372394,,0.4603063,0.235642606,,0.199999999,0.24,,0.267531,0.128835022,,0.12695012,0.100000001,,,0.023619834,0.018318116,,0.023657207,0.026666669,,0.00428,,,0.005537701,0.05245,0.0002485,,0.005403333,0.003770372,,0,0.0025,0.0016,0.00148,0.00148,,0.0014,0.00138,0.0014,0.00146,0.0014,0.00156,0.00136,0.00152,0.00152,0.00156,0.00144,,4.39E-07,,,,0.008625804,0.00011269,2.70E-07,0.000343788,0,,0.00216,,,0.004440392,0,,,,0.000085,0.000050828,4.91E-05,7.78E-05,7.82E-05,2.14E-07,6.49E-06,,7.72E-06,0.000383582,2.18E-07,,,,,3.46E-07,,,3.02E-07,7.29E-06,,,,,7.29E-06,0.0000075,6.12E-06,,,,,,,,,,,,0.0000035,,,,,,,,,,,,,,,,,,,,,,,,,,,,,,,,,,,,,,,,1.66E-08,1.66E-08,1.66E-08,,1.66E-08,1.66E-08,1.66E-08,,1.66E-08,,1.66E-08,1.66E-08,1.66E-08,1.66E-08,1.66E-08,1.66E-08,1.66E-08,1.66E-08,,,,,,8.30E-09,,,,,,,,,,,,,,,,,,,,,,,,,,,,,,0,0,0,0,0,0,0,0,0,0,0,0,0,0,0,0,0,0,0,0,0,0,0,0,0,0,0,0,0,0,0,0,0,0,0,0,0,0,0,0,0,0,0,0,,,,,,,,,,,,,,,,,,,,,,,,,,,,,,0,,,,,0,,,,,,,,,,,,,,,,,,,,,,,,,,,0,0,,,,,,,,,,,,0,0,0,0,,0,0,,,,,0,0,,,,,,,,0,,0,,,,,,,,,,,,0,,,,,,,,,,,,,,,,,,,,,,,,,,,,,,,,,,,,,,,,,,,,,,,,,,139.1804313
1/05/2026,60.432,0.296703403,652.96,17.496,9.273156902,348.3797944,8.283870967,5.548784415,7.56,2.14962499,,,0.273488141,0,0,1.269637954,,1.362581244,,,0.36,1.97238,0.284307,,0,0.228041232,,0.193548386,0.24,,0.1975545,0.124679054,,0.09401084,0.096774192,,,0.025729028,0.01471613,,0.022894072,0.025806451,,0.0073,,,0.005294609,0.03993,0.000105,,0.005229032,0.00384009,,0,0.00344,0.00172,0.00184,0.00166,,0.00194,0.00182,0.00186,0.00194,0.0018,0.0017,0.00166,0.0017,0.0017,0.00156,0.0017,,3.49E-07,,,,0,8.89E-05,3.02E-07,0.001225867,0,,0,,,0.00000199,0,,,,0.000175,3.10E-05,4.19E-05,7.52E-05,2.36E-05,3.02E-07,6.53E-06,,9.40E-06,5.26E-07,3.09E-07,,,0.0000035,,3.02E-07,,,2.89E-07,1.53E-05,,,,,7.28E-06,7.50E-06,6.12E-06,,,,,,,,,,,,,,,,,,,,,,,,,,,1.02E-06,,,,,,,,,,,,,,,,,,,,,,,,,3.32E-08,1.84E-08,1.66E-08,,1.66E-08,1.66E-08,1.66E-08,,1.66E-08,,1.66E-08,1.66E-08,1.66E-08,1.66E-08,1.66E-08,1.66E-08,1.66E-08,1.66E-08,,,,,,8.30E-09,,,,,,,,,,,,,,,,,,,,,,,,,,,,,,0,0,0,0,0,0,0,0,0,0,0,0,0,0,0,0,0,0,0,0,0,0,0,0,0,0,0,0,0,0,0,0,0,0,0,0,0,0,0,0,0,0,0,0,,,,,,,,,,,,,,,,,,,,,,,,,,,,,,0,,,,,0,,,0,,,,,,,,,,,,,,,,,,,,,,,,0,0,,,,,,,,,,,,0,0,0,0,,0,0,,,,,0,0,,,,,,,,,,,,,,,,,,,,,,,,,,,,,,,,,,,,,,,,,,,,,,,,,,,,,,,,,,,,,,,,,,,,,,,,1119.257545
2/05/2026,60.432,81.96176505,,17.496,10.79170725,,8.283870967,5.548784415,7.56,2.14962499,,,0.273488141,0,0,1.394756908,,1.362581244,,,0.36,2.08754,0.676432,,0,0.228041232,,0.193548386,0.24,,0.247918,0.124679054,,0.20961732,0.096774192,,,0.041628273,0.01471613,,0.022894072,0.025806451,,0.00506,,,0.006556455,0.055865,0.0000945,,0.005229032,0.035880142,,0,0.00286,0.00216,0.00246,0.00208,,0.00226,0.00218,0.0024,0.00226,0.00222,0.00216,0.00232,0.00224,0.00216,0.00228,0.00208,,1.17E-06,,,,0,0.000122539,3.46E-07,0.000346485,0,,0,,,0.000385102,0,,,,0.00009,0.000128174,0.000119478,7.52E-05,,3.46E-07,6.54E-06,,7.88E-05,1.21E-06,3.12E-07,,,,,3.02E-07,,,4.33E-07,7.29E-06,,,,,7.29E-06,0.0000075,6.12E-06,,,,,,,,,,,,,,,,0.000034718,,,0.0000004,,,,,,,,0.000000095,,,,,,,,,,,,,,,,,,,,,,,,,1.66E-08,1.66E-08,1.66E-08,,1.66E-08,1.66E-08,1.66E-08,,1.66E-08,,1.66E-08,1.66E-08,1.66E-08,1.66E-08,1.66E-08,1.66E-08,1.66E-08,1.66E-08,,,,,,8.30E-09,,,,,,,,,,,,,,,,,,,,,,,,,,,,,,0,0,0,0,0,0,0,0,0,0,0,0,0,0,0,0,0,0,0,0,0,0,0,0,0,0,0,0,0,0,0,0,0,0,0,0,0,0,0,0,0,0,0,,,,,,,,,,0,,,,,,,,,,,,,,0,,,,,,,0,,,,,0,,,,,,,,,,,,,,,,,,,,,,,,,,,0,0,,,,,,,,,,,,0,0,0,0,,0,0,,,,,0,0,,,,,,,,,,,,,,,,,,,,,,,,,,,,,,,,,,,,,,,,,,,,,,,,,,,,,,,,,,,,,,,,,,,,,,,,201.9683994
3/05/2026,60.432,99.67518456,,17.496,10.79170725,,8.283870967,5.548784415,7.56,2.14962499,,,0.273488141,0,0,1.395001651,,1.362581244,,,0.36,2.15362,0.795495,,0,0.228041232,,0.193548386,0.24,,0.4509725,0.124679054,,0.27782612,0.096774192,,,0.056428649,0.01471613,,0.022894072,0.025806451,,0.01248,,,0.005310105,0.056535,0.0001015,,0.005229032,0.016895179,,0,0.00618,0.0051,0.00514,0.00552,,0.00548,0.00524,0.00516,0.0051,0.00512,0.00518,0.00518,0.00522,0.00512,0.00516,0.00512,,0.000001321,,,,0,4.30E-05,3.02E-07,0.0006465,0,,0,,,4.56E-06,0,,,,0.0001,2.93E-05,5.23E-05,7.52E-05,,0.000000258,6.53E-06,,5.22E-05,3.54E-07,3.02E-07,,,,,0.000000825,,0.00000308,3.02E-07,7.29E-06,,,,,7.29E-06,0.0000075,6.12E-06,,,,,,,0.001199928,,,,,,,,,0.0000488,,,0.0000004,,,,,,,,,,,,,,,,,,,7.30E-09,,,,,,,,,,,,,,1.66E-08,1.66E-08,1.66E-08,,1.66E-08,1.66E-08,1.66E-08,,1.66E-08,,1.66E-08,1.66E-08,1.66E-08,1.66E-08,1.66E-08,1.66E-08,1.66E-08,1.66E-08,,,,,,8.30E-09,,,,,,,,,,,,,,,,0.000000011,,,,,7.30E-09,,,,,,,,,0,0,0,0,0,0,0,0,0,0,0,0,0,0,0,0,0,0,0,0,0,0,0,0,0,0,0,0,0,0,0,0,0,0,0,0,0,0,0,0,0,0,0,,,,,,,,,,,0,,0,,,,,,,,,,,0,,,,0,,,0,,,,,0,,0,,,,,,,,,,,,,,,,,,,,,,,,,0,0,,,,,,,,,,,,0,0,0,0,,0,0,,,,,0,0,0,,,,,0,,,,,,,,,,,,,,,,,,0,,,,,,,,,,,,,,,,,,,,,,,,,,,,,,,,,,,,,,,,,,,,,,,,220.1869098
4/05/2026,60.432,102.4217379,,17.496,10.79170725,,8.283870967,5.548784415,7.56,2.14962499,,,0.273488141,0,0,1.395587233,,1.362405455,,,0.36,2.11742,0.924092,,0,0.228041232,,0.193548386,0.24,,0.575212,0.124679054,,0.33362164,0.096774192,,,0.061863622,0.014580494,,0.024018731,0.025806451,,0.0117,,,0.006167343,0.057105,0.0000945,,0.005229032,0.012048548,,0,0.00252,0.00134,0.00144,0.00144,,0.00144,0.00138,0.00164,0.00154,0.00148,0.00142,0.00138,0.00138,0.00138,0.00132,0.00142,,1.13E-06,,,,0,5.88E-05,3.96E-06,0.000155832,0,,0,,,0.000424468,0,,,,0.0001,3.10E-05,4.87E-05,7.52E-05,,2.14E-07,6.44E-06,,9.51E-06,1.24E-06,2.14E-07,,,,,2.19E-07,,0.00000176,7.15E-07,7.29E-06,,0.00004651,,,7.29E-06,7.50E-06,6.04E-06,,,,,,,,,,,,,,,,,,,,,,,,,,,,,,,,,,,,,,,,,,,,,,,,,,,,1.66E-08,1.82E-08,1.66E-08,,1.66E-08,1.66E-08,1.66E-08,,1.66E-08,,1.66E-08,1.66E-08,1.66E-08,1.66E-08,1.66E-08,1.66E-08,1.66E-08,1.66E-08,,,,,,1.66E-08,,,,,,,,,,,,,,,,,,,,,,,,,,,,,,0,0,0,0,0,0,0,0,0,0,0,0,0,0,0,0,0,0,0,0,0,0,0,0,0,0,0,0,0,0,0,0,0,0,0,0,0,0,0,0,0,0,0,,,,,,,,,,,,,,,,,,,,,,,,,,,,,,,0,,,,,0,,,,,,,,,,,,,,,,,,,,,,,,,,,0,0,,,,,,,,,,,0,0,0,0,0,,0,0,,,,,0,0,,,,,,,,0,,0,,0,,0,,,,,,,,0,,,,,,,,,,,,,,,,,,,,,,,,,,,,,,,,,,,,,,,,,,,,,,,,,,223.1507229
5/05/2026,60.432,105.6565989,,17.496,10.79170725,,8.283870967,5.548784415,7.56,2.14962499,,,0.273488141,0,0,1.398404358,,1.361986754,,,0.36,2.17176,0.642794,,0.396226,0.228041232,,0.193548386,0.24,,0.5527775,0.124679054,,0.22412632,0.096774192,,,0.143017513,0.014580494,,0.026112236,0.025806451,,0.03572,,,0.007354725,0.04671,0.000882,,0.005229032,0.010555961,,0,0.00318,0.00212,0.00228,0.00202,,0.0023,0.0022,0.00216,0.0021,0.00208,0.002,0.00214,0.0023,0.0021,0.00184,0.00218,,3.78E-07,,,,0,0.000777099,1.01E-05,0.00031243,0,,0.00134,,,0.001977191,0,,,,0.00025,0.00003214,0.000144648,7.52E-05,,3.02E-07,6.54E-06,,0.000010272,1.16E-06,2.61E-07,,,0.000049,,3.02E-07,,0.00000308,0.000000258,0.000008147,,,,,7.29E-06,0.0000075,6.12E-06,,,,,,,,,,,,,,,,,,,0.0000012,,,,,,,,0.000002206,,,,,,,,,,,,,,,,,,,,,,,,,1.66E-08,1.66E-08,1.66E-08,,1.66E-08,1.66E-08,1.66E-08,,1.66E-08,,1.66E-08,1.66E-08,,1.66E-08,1.66E-08,1.66E-08,1.66E-08,1.66E-08,,,,,,8.30E-09,,,,,,,,,,,,,,3.70E-09,,,,,,,,,,,,,,,,0,0,0,0,0,0,0,0,0,0,0,0,0,0,0,0,0,0,0,0,0,0,0,0,0,0,0,0,0,0,0,0,0,0,0,0,0,0,0,0,0,0,0,,,,,,0,,,,,,,,,,,,,,,,,,,,,,,,,0,,,,,0,,,,,,,,,,,,,,,,,,,0,,,,,,,,0,0,,,,,,,,,,,,0,0,0,0,,0,0,,,,,0,0,0,,,,,,,,,,,0,,0,,,,,,,,0,,,,,,,,,,,,,,,,,,,,,,,,,,,,,,,,,,,,,,,,,,,,,,,,,,226.5371839
6/05/2026,60.432,47.59988917,,17.496,10.79170725,,8.283870967,5.548784415,7.56,2.14962499,,,0.273488141,0,0,1.39947416,,1.361986754,,,0.36,2.04576,0.417538,,0.504302306,0.228041232,,0.193548386,0.24,,0.340582,0.124679054,,0.14618384,0.096774192,,,0.018290902,0.014580494,,0.026112236,0.025806451,,0.00368,,,0.006905361,0.04277,0.000154,,0.005229032,0.006498139,,0,0.00282,0.00142,0.0014,0.00152,,0.00144,0.00144,0.00144,0.00142,0.00138,0.00138,0.00138,0.00138,0.00142,0.00156,0.00146,,1.19E-06,,,,0.005681904,2.68E-05,2.14E-07,0.000257011,0,,0.00224,,,2.56E-05,0,,,,0.00009,2.76E-05,0.000108575,7.52E-05,,2.14E-07,6.49E-06,,0.000086866,5.16E-07,2.14E-07,,,,,2.22E-07,,,3.02E-07,7.29E-06,,,,,7.29E-06,0.0000075,6.14E-06,,,,,,,,,,,,,,,,,,,,,,,,,,,,,,,,0.000005,,,,,,,,,,,,,,,,,,,,3.32E-08,1.66E-08,1.66E-08,,1.66E-08,1.66E-08,1.66E-08,,1.66E-08,,1.66E-08,1.66E-08,1.66E-08,1.66E-08,1.66E-08,1.66E-08,1.66E-08,1.66E-08,,,,,,8.30E-09,,,,,,,,,,,,,,,,,,,,,,,,,,,,,,0,0,0,0,0,0,0,0,0,0,0,0,0,0,0,0,0,0,0,0,0,0,0,0,0,0,0,0,0,0,0,0,0,0,0,0,0,0,0,0,0,0,0,,,,,,,,,,,,,,,,,,,,,,,,,,,,,,,0,,,,,0,,,,,,,,,,,,,,,,,,,0,,,,,,,,0,0,,,,,,,,,,,,0,0,0,0,,0,0,,,,,0,0,0,,,,,,,,,,,,,,,,,,,,,,,,,,,,,,,,,,,,,,,,,,,,,,,,,,,,,,,,,,,,,,,,,,,,,,,167.775784
7/05/2026,60.432,20.95529601,,17.496,10.79170725,,8.283870967,5.548784415,7.56,2.14962499,,,0.273488141,0,0,1.399712357,,1.361986754,,,0.36,2.00544,0.385571,,0.467112873,0.228041232,,0.193548386,0.24,,0.202928,0.124679054,,0.1384724,0.096774192,,,0.025239809,0.016723551,,0.022229886,0.025806451,,0.00468,,,0.011585978,0.036895,0.0000875,,0.005229032,0.004085496,,0,0.00242,0.00138,0.00156,0.00144,,0.00142,0.00146,0.00148,0.00156,0.00144,0.00138,0.00142,0.00146,0.00146,0.00132,0.0015,,0.000000219,,,,0.004813003,0.000158091,2.68E-06,0.00050429,0,,0.00058,,,0.001991741,0,,,,0.000085,0.00010202,0.000127136,7.52E-05,,2.14E-07,6.45E-06,,7.64E-06,1.19E-06,2.38E-07,,,,,0.000000258,,,2.01E-07,7.29E-06,,,,,7.29E-06,0.0000075,6.12E-06,,,,,,,,,,,,0.0000035,,,,,,,,,,,,,,,,,,,,,,,,,,,,,,,,,,,,,,,,1.66E-08,1.66E-08,1.66E-08,,1.66E-08,1.66E-08,1.66E-08,,1.66E-08,,1.66E-08,1.66E-08,1.66E-08,1.66E-08,1.66E-08,1.66E-08,1.66E-08,1.66E-08,,,,,,8.30E-09,,,,,,,,,,,,,,,,,,,,,,,,,,,,,,0,0,0,0,0,0,0,0,0,0,0,0,0,0,0,0,0,0,0,0,0,0,0,0,0,0,0,0,0,0,0,0,0,0,0,0,0,0,0,0,0,0,0,,,,,,,,,,0,,,,,,,,,,,,,,,,,,,,,0,,,,,0,,,,,,,,,,,,,,,,,,,,,,,,,,,0,0,,,,,,,,,,,,0,0,0,0,,0,0,0,0,,0,0,0,,,,,,,,,,,,,,,,,,,,,,0,,,,,,,,,,,,,,,,,,,,,,,,,,,,,,,,,,,,,,,,,,,,,,,,,,140.8787883
8/05/2026,60.432,49.19064057,,17.496,10.79170725,,8.283870967,5.548784415,7.56,2.14962499,,,0.273488141,0,0,1.399857888,,1.361986754,,,0.36,1.74942,0.334805,,0.392745135,0.228041232,,0.193548386,0.24,,0.15653,0.124679054,,0.11875424,0.096774192,,,0.038052163,0.016723551,,0.022229886,0.025806451,,0.00426,,,0.009797315,0.006845,0.0000245,,0.005229032,0.006947585,,0,0.00216,0.00156,0.00148,0.0014,,0.00156,0.00148,0.0014,0.00148,0.00162,0.00156,0.00144,0.0015,0.00144,0.00144,0.00116,,1.20E-06,,,,0.000887665,7.97E-05,0.000693548,0.00034669,0,,0.00004,,,0.000813032,0,,,,0.00009,0.000284783,0.000138546,7.52E-05,,0.000000258,6.54E-06,,7.71E-06,1.16E-06,3.07E-07,,,,,9.05E-08,,,0.000000258,7.29E-06,,,,,7.29E-06,0.0000075,6.12E-06,,,,,,,,,,,,,,,,,,,,,,,,,,,6.39E-08,,,,,,,,,,,,,,,,,,,,,,,,,1.66E-08,1.66E-08,1.66E-08,,1.66E-08,1.66E-08,1.66E-08,,1.66E-08,,1.66E-08,1.66E-08,1.66E-08,1.66E-08,1.66E-08,1.66E-08,1.66E-08,1.66E-08,,,,,,8.30E-09,,,,,,,,,,,,,,,,,,,,,,,,,,,,,,0,0,0,0,0,0,0,0,0,0,0,0,0,0,0,0,0,0,0,0,0,0,0,0,0,0,0,0,0,0,0,0,0,0,0,0,0,0,0,0,0,0,0,,,,,,,,,,,,,,,,,,,,,,,,,,,,,,,0,,,,,0,,0,,,,,,,,,,,,,,,,,0,,,,,,,,0,0,,,,,,,,,,,,0,0,0,0,,0,0,,,,,0,0,,,,,,,,,,,,,,,,,,,,,,0,,,,,,,,,,,,,,,,,,,,,,,,,,,,,,,,,,,,,,,,,,,,,,,,,,168.645349
9/05/2026,60.432,81.09959347,,17.496,10.79170725,,8.283870967,5.548784415,7.56,2.14962499,,,0.273488141,0,0,1.401200152,,1.361986754,,,0.36,1.69592,0.6992,,0.716275398,0.228041232,,0.193548386,0.24,,0.181071,0.124679054,,0.22168696,0.096774192,,,0.092022824,0.016723551,,0.022229886,0.025806451,,0.0101,,,0.007631581,0.00047,0.000091,,0.005229032,0.035295811,,0,0.00126,0.00024,0.00024,0.00024,,0.00024,0.00024,0.00024,0.00024,0.00024,0.00024,0.00024,0.00032,0.00024,0.00034,,,1.14E-06,,,,8.52E-05,0.000156384,0.000354227,0.001210198,0,,0.00084,,,0.000107464,0,,,,0.00001,2.82E-05,0.000233193,7.52E-05,,1.75E-07,6.40E-06,,7.52E-05,2.52E-07,1.75E-07,,,,,5.20E-07,,,0.000000219,7.68E-06,,,,,7.11E-05,0.0000075,6.12E-06,,,,,,,,,,,,,,,,5.95E-05,,,,,,,,,,,,,,,,,,,,,,,,,,,,,,,,,,,,,,,,,,,,,,,,,,,,,,,,,,,,,,,,,,,,,,,,,,,,,,,,,,,,,,,,,0,0,0,0,0,0,0,0,0,0,0,0,0,0,0,0,0,0,0,0,0,0,0,0,0,0,0,0,0,0,0,0,0,0,,0,0,0,0,0,0,0,0,,,,,,,,,,,,,,,,,,,,,,,,0,,,,,,,0,,,,,0,,,,,,,,,,,,,,,,,,,,,,,,,,,0,0,,,,,,,,,,,,0,,,0,,0,0,,,,,0,0,,,,,,,,,,,,,,,,,,,,,,,,,,,,,,,,,,,,,,,,,,,,,,,,,,,,,,,,,,,,,,,,,,,,,,,,201.3789487
10/05/2026,60.432,130.5295582,,17.496,10.79170725,,8.283870967,5.548784415,7.56,2.14962499,,,0.273488141,0,0,1.42725628,,1.361986754,,,0.36,1.93248,0.808425,,0.880814468,0.228041232,,0.193548386,0.24,,0.379104,0.124679054,,0.29459144,0.096774192,,,0.075518379,0.017788623,,0.020300408,0.025806451,,0.00498,,,0.00845094,0.02798,0.00021,,0.005229032,0.014091435,,0,0.00316,0.00196,0.00212,0.002,,0.00204,0.00198,0.002,0.00228,0.0022,0.0021,0.00198,0.00184,0.00192,0.00188,0.00184,,6.41E-05,,,,0.00366081,1.30E-05,3.54E-06,0.002043684,0,,0.00346,,,0.001117295,0,,,,0.000085,0.000196364,0.000441937,7.52E-05,,4.33E-07,6.62E-06,,0.000144088,1.48E-06,4.38E-07,,,,,7.94E-07,,0.00000308,4.33E-07,7.81E-06,,,,,7.29E-06,0.0000075,6.13E-06,,,,,,,,,,,,,,,,,,,,,,,,0.000000011,,,,,,,,,,,,,,,,,,,,,,,,,,,,1.66E-08,1.66E-08,1.66E-08,,1.66E-08,1.66E-08,1.66E-08,,1.66E-08,,1.66E-08,1.66E-08,1.66E-08,1.66E-08,1.66E-08,1.66E-08,1.66E-08,1.66E-08,,,,,,8.30E-09,,,,,,,,1.47E-08,,,,,,,,,0.000000011,,,,,,,,,,,,,0,0,0,0,0,0,0,0,0,0,0,0,0,0,0,0,0,0,0,0,0,0,0,0,0,0,0,0,0,0,0,0,0,0,0,0,0,0,0,0,0,0,0,,,,,,,,,,,,,,,,,,,,,,,,,0,,0,,,,0,,,,,0,,,,,,0,,,,,,,,,,,,,0,,,,,,,,0,0,,,,,,,,,,,,0,0,0,0,,0,0,,0,,0,0,0,0,,,,,,,,,,,,,,,,,,,,,,,,,,,,,,,,,,,,,,,,,,,,,,,,,,,,,,,,,,,,,,,,,,,,,,,251.6357374
11/05/2026,60.432,102.7380291,,17.496,10.79170725,,9.652667563,5.548784415,7.56,2.14962499,,,0.273488141,0,0,1.42968123,,1.362414603,,,0.36,2.17712,0.792857,,0.877947974,0.228041232,,0.193548386,0.24,,0.4944665,0.124679054,,0.28766496,0.096774192,,,0.052633199,0.017751185,,0.018228987,0.025806451,,0.0129,,,0.015314532,0.05249,0.0001715,,0.005229032,0.0150991,,0,0.00584,0.00464,0.00474,0.00462,,0.00464,0.0046,0.0046,0.0048,0.00464,0.0046,0.0046,0.00468,0.00476,0.0046,0.0044,,3.02E-05,,,,0.006720746,0.001162502,8.65E-06,0.000149629,0,,0.0047,,,0.000356969,0,,,,0.000115,9.82E-05,0.00029296,7.52E-05,,6.08E-07,6.84E-06,,0.000144439,6.65E-07,6.12E-07,,,0.0000035,,1.25E-05,,,6.08E-07,8.02E-06,,,,,9.77E-06,0.0000075,6.12E-06,,,,,,,,,,,,,,,,,,,0.0000004,,,,,,,,6.39E-08,,,,,,,,,,,,,,,,,,,,,,,,,3.48E-08,1.66E-08,1.66E-08,,1.66E-08,1.66E-08,1.66E-08,,1.66E-08,1.34E-06,1.66E-08,1.66E-08,1.66E-08,1.66E-08,1.66E-08,1.66E-08,1.66E-08,1.66E-08,,,,,,8.30E-09,,,,,,,,,,,,,,,,,,,,,,,,,,,,,,0,0,0,0,0,0,0,0,0,0,0,0,0,0,0,0,0,0,0,0,0,0,0,0,0,0,0,0,0,0,0,0,0,0,0,0,0,0,0,0,0,0,0,,,,,,,,,,0,,,,,,,,,,,,,,,,,,,,0,0,,,,,0,,,,,,,,,,,,,,,,,,,0,,,,,,,,0,0,,,,,,,,,,,,0,0,0,0,,0,0,,0,0,0,0,0,,,,,,,,0,,0,,,,,,,,,,,,,,,,,,,,,,,,,,,,,,,,,,,,,,,,,,,,,,,,,,,,,,,,,,,,,,225.6077939
12/05/2026,60.432,82.12636859,,17.496,10.79170725,,9.909677419,5.548784415,7.56,2.14962499,,,0.273488141,0,0,1.430425215,,1.362655524,,,0.36,2.11544,0.577473,,0.663317033,0.228041232,,0.193548386,0.24,,0.5157955,0.124679054,,0.20061976,0.096774192,,,0.027176291,0.017413169,,0.017636729,0.025806451,,0.03418,,,0.006984539,0.03713,0.000245,,0.005229032,0.007765856,,0,0.00308,0.00212,0.00208,0.002,,0.00212,0.00216,0.00214,0.00212,0.00214,0.00216,0.00202,0.00198,0.00206,0.00206,0.00188,,4.53E-07,,,,0.004897401,2.96E-05,1.12E-06,0.000124392,0,,0.0042,,,0.000187884,0,,,,0.00016,0.000101202,9.11E-05,7.52E-05,,3.89E-07,6.62E-06,,1.20E-05,1.27E-06,4.33E-07,,,,,3.07E-07,,,3.76E-07,0.000031388,,,,,7.29E-06,0.0000075,6.12E-06,,,,,,,,,,,,,,,,,,,,,,,,,,,0.000000958,,,,,,,,,,,,,,,,,,,,,,,,,1.66E-08,1.66E-08,1.66E-08,,1.66E-08,1.66E-08,1.66E-08,,1.66E-08,,1.66E-08,1.66E-08,1.66E-08,1.66E-08,1.66E-08,1.66E-08,1.66E-08,1.66E-08,,,,,,8.30E-09,,,,,,,,,,,,,,,,,,,,,,,,,,,,,,0,0,0,0,0,0,0,0,0,0,0,0,0,0,0,0,0,0,0,0,0,0,0,0,0,0,0,0,0,0,0,0,0,0,0,0,0,0,0,0,0,0,0,,,,,,,,,,0,,,,,,,,,,,,,,,,,,,,,0,,,,,0,,,,,,,,,,,,,,,,,,,0,,,,,,,,0,0,,,,,,,,,,,,0,0,0,0,,0,0,0,,,,0,0,,,,,,,,0,,0,,,,,,,,,,,,,,,,,,,,,,,,,,,,,,,,,,,,,,,,,,,,,,,,,,,,,,,,,,,,,,204.6180501
13/05/2026,60.432,62.84887114,,17.496,10.79170725,,9.909677419,5.548784415,7.56,2.14962499,,,0.273488141,0,0,1.430900946,,1.362655524,,,0.36,2.15232,0.442302,,0.516660666,0.228041232,,0.193548386,0.24,,0.301444,0.124679054,,0.15921268,0.092741934,,,0.017140956,0.019533261,,0.013795983,0.025806451,,0.01188,,,0.009273941,0.051855,0.000147,,0.005229032,0.005026334,,0,0.0024,0.00156,0.00158,0.00162,,0.00154,0.00162,0.00158,0.00162,0.00152,0.00166,0.00156,0.00152,0.00154,0.00158,0.00132,,1.22E-06,,,,0.006474716,1.38E-05,9.12E-06,9.67E-05,0,,0.00232,,,2.45E-06,0,,,,0.00014,9.50E-05,7.69E-05,7.52E-05,4.40E-05,3.02E-07,6.53E-06,,7.60E-06,6.07E-07,3.02E-07,,,,,5.89E-07,,,0.000000258,7.29E-06,,,,,7.29E-06,0.0000075,6.12E-06,,,,,,0.000000003,,,,,,,,,,,,,0.000004,,,,,,,,1.03E-06,,,,,,,,,,,,,,,,,,,,,,,,,1.66E-08,1.66E-08,1.66E-08,,1.66E-08,1.66E-08,1.66E-08,,1.66E-08,,1.66E-08,1.66E-08,1.66E-08,1.66E-08,1.66E-08,1.66E-08,1.66E-08,1.66E-08,,,,,,8.30E-09,,,,,,,,,,,,,,,,,,,,,,,,,,,,,,0,0,0,0,0,0,0,0,0,0,0,0,0,0,0,0,0,0,0,0,0,0,0,0,0,0,0,0,0,0,0,0,0,0,0,0,0,0,0,0,0,0,0,0,,,0,,,,,,,,,,,,,,,,,,,,,,,,,,,0,,,,,0,,0,,,,,,,,,,,,,,,,,,,,,,,,,0,0,,,,,,,,,,,,0,0,0,0,,0,0,,0,0,0,0,0,0,,,,,,,0,,0,,,,,,,,,,,,,,,0,,,,,,,,,,,,,,,,,,,,,,,,,,,,,,,,,,,,,,,,,,,,,,,184.8079665
14/05/2026,60.432,27.67761738,,17.496,10.79095833,,9.909677419,5.548784415,7.56,2.239568792,,,0.273488141,0,0,1.431085951,,1.362655524,,,0.36,2.17244,0.473343,,0.536291044,0.228041232,,0.193548386,0.24,,0.22968,0.124679054,,0.17488812,0.096774192,,,0.025283136,0.020780814,,0.011535924,0.025806451,,0.01622,,,0.006412103,0.05673,0.0001295,,0.005229032,0.008597643,,0,0.00234,0.00154,0.00144,0.00152,,0.00144,0.00156,0.00158,0.00154,0.00138,0.0014,0.00146,0.00138,0.00138,0.00156,0.0012,,3.89E-07,,,,0.007034687,0.000064301,1.06E-06,1.87E-05,0,,0.00038,,,0.000867604,0,,,,0.00009,3.43E-05,0.000101864,7.52E-05,0.000142408,0.000000258,6.50E-06,,7.55E-06,2.62E-07,2.71E-07,,,0.0000035,,8.28E-08,,,0.000000258,7.28E-06,,,,,7.28E-06,0.0000075,6.12E-06,,,,,,,,,,,,,,,,,,,,,,,,,,,,,,,,,,,,,,,,,,,,,,,,,,,,1.66E-08,1.66E-08,1.66E-08,,1.66E-08,1.66E-08,1.66E-08,,1.66E-08,,1.66E-08,1.66E-08,1.66E-08,1.66E-08,1.66E-08,1.66E-08,1.66E-08,1.66E-08,,,,,,8.30E-09,,,,,,,,,,,,,,,,,,,,,,,,,,,,,,0,0,0,0,0,0,0,0,0,0,0,0,0,0,0,0,0,0,0,0,0,0,0,0,0,0,0,0,0,0,0,0,0,0,0,0,0,0,0,0,0,0,0,0,,,,,,,,,,,,,,,,,,,,,,,,,,,,,,0,,,,,0,,,,,,,,,,,,,,,,,,,,,,,,,,,0,0,,,,,,,,,,,,0,0,0,0,,0,0,,,,,0,0,,,,,,,,,,,,0,,0,,,,,,,,,,,,,,,,,,,,,,,,,,,,,,,,,,,,,,,,,,,,,,,,,,,,,,,,,,149.7598232
15/05/2026,60.432,13.31789356,,17.496,10.76470798,,9.909677419,5.548784415,7.56,3.29103006,,,0.273488141,0,0,1.431190704,,1.362694766,,,0.36,2.20338,0.575178,,0.629691687,0.228041232,,0.193548386,0.24,,0.219923,0.124679054,,0.22064768,0.096774192,,,0.043047764,0.020672506,,0.011535924,0.025806451,,0.01078,,,0.005986577,0.05733,0.0001085,,0.005229032,0.006781633,,0,0.00282,0.00158,0.00144,0.00144,,0.00164,0.00154,0.00152,0.00132,0.0015,0.00142,0.00138,0.00138,0.0014,0.00136,0.00128,,2.14E-06,,,,0.007129658,0.000167735,0.000000258,0.000113709,0,,0.0004,,,0.000783447,0,,,,0.00011,0.000092998,8.73E-05,7.52E-05,,2.14E-07,6.49E-06,,8.14E-06,1.27E-06,2.62E-07,,,0.0000035,,5.14E-07,,,0.000000245,7.29E-06,,,,,7.29E-06,0.0000075,6.12E-06,,,,,,,,,,,,,,,,,,,,,,,,,,,3.19E-07,,,,,,,,,,,,,,,,,,,,,,,,,1.66E-08,1.66E-08,1.66E-08,,1.66E-08,1.66E-08,1.66E-08,,1.66E-08,,1.66E-08,1.66E-08,1.66E-08,1.66E-08,1.66E-08,1.66E-08,1.66E-08,1.66E-08,,,,,,8.30E-09,,,,,,,,,,,,,,,,,,,,,,,,,,,,,,0,0,0,0,0,0,0,0,0,0,0,0,0,0,0,0,0,0,0,0,0,0,0,0,0,0,0,0,0,0,0,0,0,0,0,0,0,0,0,0,0,0,0,,,,,,,,,,,,,,,,,,,,,,,,,,,,,,,0,,,,,0,,,,,,,,,,,,,,,,,,,0,,,,,,,,0,0,,,,,,,,,,,,0,0,0,0,,0,0,,,,,0,0,0,,,,,,,,,,,,,,,,,,,,,,,,,,,,,,,,,,,,,,,,,,,,,,,,,,,,,,,,,,,,,,,,,,,,,,,136.6986406
16/05/2026,60.432,116.0999545,,17.496,10.76470798,,9.909677419,5.548784415,7.56,3.29103006,,,0.273488141,0,0,1.431311658,,1.365072891,,,0.36,2.1919,0.985031,,0.994315864,0.228041232,,0.193548386,0.24,,0.2569985,0.124679054,,0.33999416,0.096774192,,,0.053830124,0.015596622,,0.008840742,0.025806451,,0.00726,,,0.007359085,0.05732,0.000105,,0.005229032,0.036626224,,0,0.00262,0.00186,0.00188,0.00176,,0.00188,0.00188,0.00202,0.00198,0.00188,0.00172,0.0019,0.00178,0.00194,0.00182,0.00154,,3.79E-07,,,,0.007187482,0.000217949,3.02E-07,0.001066142,0,,0.0011,,,0.00304698,0,,,,0.000115,2.71E-05,0.000723386,7.52E-05,7.60E-06,3.89E-07,0.000006583,,5.11E-05,3.07E-07,3.46E-07,,,,,1.70E-07,,0.0000176,3.46E-07,7.29E-06,,,,,7.29E-06,0.0000075,6.12E-06,,,,,,,,,,,,,,,,,,,,,,,,,,,1.92E-07,,,,,,,,,,,,,,,,,,,,,,,,,6.16E-08,1.66E-08,1.66E-08,,1.66E-08,1.66E-08,1.66E-08,,1.66E-08,,1.66E-08,1.66E-08,1.66E-08,1.66E-08,1.66E-08,1.66E-08,1.66E-08,1.66E-08,,,,,,8.30E-09,,,,,,,,,,,,,,,,,,,,,,,,,,,,,,0,0,0,0,0,0,0,0,0,0,0,0,0,0,0,0,0,0,0,0,0,0,0,0,0,0,0,0,0,0,0,0,0,0,0,0,0,0,0,0,0,0,0,0,,,,,,,,,,,,,,,,,,,,,,,,,,,,,,0,,,,,0,,,,,,,,,,,,,,,,,,,,,,,,,,,0,0,,,,,,,,,,,,0,0,0,0,,0,0,,,,,0,0,,,,,,,,,,,,0,,0,,,,,,,,,,,,,,,,,,,,,,,,,,,,,,,,,,,,,,,,,,,,,,,,,,,,,,,,,,240.4434158
17/05/2026,60.432,113.1455545,,17.496,10.76470798,,9.909677419,5.548784415,7.56,3.29103006,,,0.273488141,0,0,1.451873711,,1.365482248,,,0.36,2.1906,0.980176,,1.029169783,0.228041232,,0.193548386,0.24,,0.4247925,0.124679054,,0.3638954,0.096774192,,,0.072288703,0.014466796,,0.008840742,0.025806451,,0.00488,,,0.006302406,0.057845,0.0000945,,0.005229032,0.011965697,,0,0.00194,0.00178,0.00188,0.00184,,0.00182,0.00172,0.0018,0.0018,0.00198,0.00174,0.00174,0.00194,0.00184,0.00178,0.00152,,1.33E-06,,,,0.007518533,0.000256695,4.88E-06,0.000387414,0,,0.00322,,,0.001408648,0,,,,0.00009,0.000127801,0.000787533,7.52E-05,,3.46E-07,6.62E-06,,0.0000425,1.24E-06,3.02E-07,,0.000000011,,,7.33E-07,,,3.02E-07,8.51E-06,,,,,7.29E-06,0.0000075,6.12E-06,,,,,,,,,,,,,,,,,,,,,,,,,,,6.39E-08,,,,,,,,,,,,,,,,,,,,,,,,,1.66E-08,1.66E-08,1.66E-08,,1.66E-08,1.66E-08,1.66E-08,,1.66E-08,,1.66E-08,1.66E-08,1.66E-08,1.66E-08,1.66E-08,1.66E-08,1.66E-08,1.66E-08,,,,,,8.30E-09,,,,,,,,,,,,,,,,,,,,7.30E-09,,7.30E-09,,,,,,,,0,0,0,0,0,0,0,0,0,0,0,0,0,0,0,0,0,0,0,0,0,0,0,0,0,0,0,0,0,0,0,0,0,0,0,0,0,0,0,0,0,0,0,,0,,,,,,,,0,,,,,,,,,,,,,,,,,,,,,0,,,,,0,,,,,,,,,,,,,,,,,,,0,,,,,,,,0,0,0,,,0,,,,,,,,0,0,0,0,,0,0,,,,,0,0,0,,,,,,,,,,,0,,0,,,,,,,,,,,,,,,,,,,,,,,,,,,,,,,,,,,,,,,,,,,,,,,,,,,,,,,,,,237.7190742
18/05/2026,60.432,116.3223064,,17.496,10.76470798,,9.909677419,5.548784415,7.56,3.29103006,,,0.273488141,0,0,1.454373923,,1.36628903,,,0.36,2.30474,1.005322,,1.10761645,0.228041232,,0.193548386,0.24,,0.799744,0.124679054,,0.35226488,0.096774192,,,0.123028845,0.012240078,,0.008840742,0.025341332,,0.06812,,,0.006480001,0.05735,0.00154,,0.005229032,0.009465839,,0,0.00178,0.00154,0.0017,0.00162,,0.00168,0.00232,0.00176,0.00174,0.00154,0.00168,0.0015,0.0015,0.00156,0.00146,0.00144,,5.31E-07,,,,0.007701275,0.000172675,6.38E-05,0.000145049,0,,0.0041,,,2.90E-05,0,,,,0.000225,3.35E-05,9.36E-05,7.52E-05,,3.46E-07,6.58E-06,,2.54E-05,4.73E-07,3.94E-07,,,0.0003605,,2.67E-07,,,3.33E-07,0.000903973,,,,,7.29E-06,1.04E-05,6.12E-06,,,,,,0.000000003,,,,,0.00018,,,,,,,,0.000018,,,0.000022,,,,,1.94E-06,,,,,,0.000055,,,,,,,,,,,,,,,,0.00001,,,1.09E-07,1.66E-08,1.66E-08,,1.66E-08,1.66E-08,1.66E-08,,1.66E-08,,1.66E-08,1.66E-08,1.66E-08,1.66E-08,1.66E-08,1.66E-08,1.66E-08,1.66E-08,,,,,,8.30E-09,,,,,,,,,,,,,,,7.93E-08,,,,,,,,,,,,,,,0,0,0,0,0,0,0,0,0,0,0,0,0,0,0,0,0,0,0,0,0,0,0,0,0,0,0,0,0,0,0,0,0,0,0,0,0,0,0,0,0,0,0,,,,0,,,,,0,0,,,,,,,,,,,,,,,,,,,,,0,,,,,0,,0,,,,,,,,,,,,,,,,,0,,,,,,,,0,0,,,,,,,,,,,,0,0,0,0,,0,0,,,,,0,0,,,,,,,,0,,0,,,,,,,,,,,,0,,,,0,0,0,0,0,,,,,,,,,,,,,,,,,,,,,,,,,,,,,,,,,,,,,,,,,,241.5880926
19/05/2026,60.432,68.7189727,,17.496,10.76470798,,10.19354839,5.548784415,7.56,3.29103006,,,0.273488141,0,0,1.45529845,,1.366666166,,,0.36,0.95016,0.817744,,0.832863737,0.228041232,,0.193548386,0.24,,0.6240245,0.124679054,,0.29833276,0.096774192,,,0.025115468,0.011199181,,0.008840742,0.025806451,,0.07892,,,0.011247801,0.056785,0.0001225,,0.005229032,0.00951208,,0,0.00216,0.00142,0.00144,0.00144,,0.0016,0.00178,0.00148,0.00154,0.00162,0.00144,0.00142,0.00138,0.00146,0.00146,0.00124,,2.90E-06,,,,0.007696914,0.000101516,3.92E-05,0.000361675,0,,0.00364,,,0.000303676,0,,,,0.00015,4.53E-05,0.000149698,7.52E-05,,3.15E-06,9.17E-06,,1.06E-05,3.95E-06,3.06E-06,,,0.000056,,3.06E-06,,,2.97E-06,7.29E-06,,,,,7.29E-06,0.0000075,6.12E-06,,,,,,,,,,,,0.0000035,,,,,,,0.0000008,,,0.0000055,,,,,8.96E-07,,,,,,,,,,,,,,,,,,,,,,,,,1.66E-08,1.66E-08,1.66E-08,,1.66E-08,1.66E-08,1.66E-08,,1.66E-08,,1.66E-08,1.66E-08,1.66E-08,1.66E-08,,1.66E-08,1.66E-08,1.66E-08,,,,,,8.30E-09,,,,,,,,,,,1.26E-07,,,,,,,,,,,,,,,,,,,0,0,0,0,0,0,0,0,0,0,0,0,0,0,0,0,0,0,0,0,0,0,0,0,0,0,0,0,0,0,0,0,0,0,0,0,0,0,0,0,0,0,0,,,,,,,,,,0,,,,,,,,,,,,,,,,,,,,,0,,,,,0,,,,,,,,,,,,,,,,,,,,,,,,,,,0,0,,,,,,,,,,,,0,0,0,0,,0,0,,,,,0,0,0,,,,,,,,,,,,,,,,,,,,0,0,,,,,,,,,,,,,,,,,,,,,,,,,,,,,,,,,,,,,,,,,,,,,,,,,,192.1350199
20/05/2026,60.432,19.92657649,,17.496,10.76470798,,10.21935484,5.548784415,7.56,3.29103006,,,0.273488141,0,0,1.455511752,,1.366704286,,,0.36,0.54536,0.726256,,0.709886978,0.228041232,,0.193548386,0.24,,0.3236255,0.124679054,,0.28193044,0.096774192,,,0.543605904,0.011093972,,0.008840742,0.025806451,,0.00692,,,0.010645123,0.054005,0.0000945,,0.005229032,0.004980354,,0,0.00236,0.0014,0.00156,0.0014,,0.0014,0.00144,0.00154,0.00138,0.00154,0.00156,0.00144,0.0014,0.00148,0.0014,0.00134,,5.11E-06,,,,0.007398334,1.20E-05,0.000135716,4.60E-05,0,,0.00282,,,0.001247185,0,,,,0.000085,3.17E-05,0.000132236,7.52E-05,,0.0000042,1.06E-05,,1.14E-05,5.05E-06,4.16E-06,,,0.000007,,4.11E-06,,,4.24E-06,7.28E-06,,,,,7.29E-06,0.0000075,6.12E-06,,,,,,,,,,,,,,,,,,,,,,,,,,,,,,,,,,,,,,,,,,,,,,,,,,,,1.66E-08,1.66E-08,1.66E-08,,1.66E-08,1.66E-08,1.66E-08,,1.66E-08,,1.66E-08,1.66E-08,1.66E-08,1.66E-08,1.66E-08,1.66E-08,1.66E-08,1.66E-08,,,,,,8.30E-09,,,,,,,,,,,,,,,,,,,,,,,,,,,,,,0,0,0,0,0,0,0,0,0,0,0,0,0,0,0,0,0,0,0,0,0,0,0,0,0,0,0,0,0,0,0,0,0,0,0,0,0,0,0,0,0,0,0,,,,,,,,,,,,,,,,,,,,,,,,,,,,,,,0,,,,,0,,,,,,,,,,,,,,,,,,,0,,,,,,,,0,0,,,,,,,,,,,,0,0,0,0,,0,0,,,,,0,0,,,,,,,,,,,,,,,,,,,,,,,,,,,,,,,0,,,,,,,,,,,,,,,,,,,,,,,,,,,,,,,,,,,,,,,,,142.8701886
21/05/2026,60.432,12.71018009,,17.496,10.76470798,,10.21935484,5.548784415,7.56,3.29103006,,,0.273488141,0,0,1.455739493,,1.366763469,,,0.36,0.37966,0.658725,,0.625912935,0.228041232,,0.193548386,0.24,,0.1709455,0.124679054,,0.26312352,0.096774192,,,0.02591832,0.010930625,,0.008840742,0.025806451,,0.01964,,,0.008381656,0.027615,0.00007,,0.005229032,0.004876646,,0,0.00282,0.00142,0.00144,0.0014,,0.00154,0.00154,0.00158,0.0014,0.00158,0.0014,0.0014,0.00144,0.00144,0.00156,0.00118,,4.33E-06,,,,0.003618209,3.27E-05,0.000603639,0.000131566,0,,0.00024,,,0.000662287,0,,,,0.00012,0.000030964,9.81E-05,7.52E-05,,4.24E-06,2.26E-05,,1.16E-05,4.27E-06,4.24E-06,,,0.0000035,,0.000004116,,,4.16E-06,7.29E-06,,,,,7.29E-06,0.0000075,6.12E-06,,,,,,,,,,,,,,,,,,,,,,0.0000055,,,,,3.83E-07,,,,,,,,,,,,,,,,,,,,,,,,,3.32E-08,1.66E-08,1.66E-08,,1.66E-08,1.66E-08,1.66E-08,,1.66E-08,,1.66E-08,1.66E-08,1.66E-08,1.66E-08,1.66E-08,1.66E-08,1.66E-08,1.66E-08,,,,,,8.30E-09,,,,,,,,,,,,,,,,,,,,,,,,,,,,,,0,0,0,0,0,0,0,0,0,0,0,0,0,0,0,0,0,0,0,0,0,0,0,0,0,0,0,0,0,0,0,0,0,0,0,0,0,0,0,0,0,0,0,,,,,,,,,,0,,,,,,,,,,,,,,,,,,,,,0,,,,,0,,,,,,,,,,,,,,,,,,,,,,,,,,,0,0,,,,,,,,,,,,0,0,0,0,,0,0,,,,,0,0,0,,,,,,,,,,,,,,,,,,,,,0,,,,,,,,,,,,,,,,,,,,,,,,,,,,,,,,,,,,,,,,,,,,,,,,,,134.625617
22/05/2026,60.432,10.63306903,,17.496,10.76470798,,10.21935484,5.548784415,7.56,3.29103006,,,0.273488141,0,0,1.455919697,,1.366763469,,,0.36,0.2229,0.615377,,0.570997379,0.228041232,,0.193548386,0.24,,0.106436,0.124679054,,0.2487034,0.096774192,,,0.059821725,0.010930625,,0.008840742,0.025806451,,0.0034,,,0.015487805,0.014265,0.000063,,0.005229032,0.008609852,,0,0.0021,0.00158,0.00152,0.0015,,0.00144,0.00144,0.00156,0.00152,0.00148,0.00144,0.00136,0.0014,0.00154,0.00146,0.0012,,4.40E-06,,,,0.001963901,0.000114991,4.11E-06,0.001900035,0,,0.00016,,,0.000208797,0,,,,0.000085,3.33E-05,0.000134312,7.52E-05,,4.24E-06,1.05E-05,,1.23E-05,5.12E-06,4.25E-06,,,,,4.21E-06,,0.00001496,0.0000042,7.29E-06,,,,,7.29E-06,0.0000075,6.12E-06,,,,,,,,,,,,,,,,,,,,,,,,,,,,,,,,,,,,,,,,,,,,,,,,,,,,1.66E-08,1.66E-08,1.66E-08,,1.66E-08,1.66E-08,1.66E-08,,1.66E-08,,1.66E-08,1.66E-08,1.66E-08,1.66E-08,1.66E-08,1.66E-08,1.66E-08,1.66E-08,,,,,,8.30E-09,,,,,,,,,,,,,,,,,,,,,,,,,,,,,,0,0,0,0,0,0,0,0,0,0,0,0,0,0,0,0,0,0,0,0,0,0,0,0,0,0,0,0,0,0,0,0,0,0,0,0,0,0,0,0,0,0,0,,,,,,,,,,0,,,,,,,,,,,,,,,,,,,,,0,,,,,0,,,,,,,,,,,,,,,,,,,,,,,,,,,0,0,,,,,,,,,,,,0,0,0,0,,0,0,,,,,0,0,,,,,,,,,,,,,,,,,,,,,,,,,,,,,,,,,,,,,,,,,,,,,,,,,,,,,,,,,,,,,,,,,,,,,,,,132.2283408
23/05/2026,60.432,105.0763802,,17.496,10.76470798,,10.21935484,5.548784415,7.56,3.29103006,,,0.273488141,0,0,1.456103852,,1.365813334,,,0.36,0.22202,0.878638,,0.813046988,0.228041232,,0.193548386,0.24,,0.122683,0.124679054,,0.32634184,0.096774192,,,0.065012973,0.010930625,,0.013591419,0.025806451,,0.0132,,,0.007410791,0.013075,0.000049,,0.005229032,0.01164149,,0,0.00616,0.00572,0.0057,0.00562,,0.00558,0.00572,0.00578,0.00562,0.0057,0.00556,0.0057,0.00564,0.00562,0.00568,0.00534,,4.43E-06,,,,0.001817171,9.28E-05,0.000003543,0.000327628,0,,0.00044,,,0.001979426,0,,,,0.0001,3.65E-05,0.000175421,7.52E-05,3.92E-05,3.37E-06,9.71E-06,,0.000100764,4.59E-06,3.50E-06,,,,,3.59E-06,,,3.46E-06,7.69E-06,,,,,7.29E-06,0.0000075,3.54E-05,,,,,,,,,,,,,,,,,,,0.0000004,,,,,,,,,,,,,,,,,,,,,,,,,,,,,,,,,1.66E-08,1.66E-08,1.66E-08,,1.66E-08,1.66E-08,1.66E-08,,1.66E-08,,1.66E-08,1.66E-08,1.66E-08,1.66E-08,1.66E-08,1.66E-08,1.66E-08,1.66E-08,,,,,,8.30E-09,,,,,,,,,,,,,,,,,,,,,,,,,,,,,,0,0,0,0,0,0,0,0,0,0,0,0,0,0,0,0,0,0,0,0,0,0,0,0,0,0,0,0,0,0,0,0,0,0,0,0,0,0,0,0,0,0,0,0,,,,,,,,,,,,,,,,,,,,,,,,,,,,,,0,,,,,0,,0,,,,,,,,,,,,,,,,,,,,,,,,,0,0,,,,,,,,,,,,0,0,0,0,,0,0,,,,,0,0,,,,,,,,,,,,,,,,,,,,,,,,,,,,,,,,,,,,,,,,,,,,,,,,,,,,,,,,,,,,,,,,,,,,,,,,227.3458011
24/05/2026,60.432,146.8042128,,17.496,10.76470798,,10.21935484,5.548784415,7.56,3.29103006,,,0.273488141,0,0,1.485464074,,1.365813334,,,0.36,0.22434,0.774943,,0.760635952,0.228041232,,0.193548386,0.24,,0.345928,0.124679054,,0.28619844,0.096774192,,,0.113309602,0.010930625,,0.013591419,0.025806451,,0.01188,,,0.007188157,0.014285,0.0000525,,0.005229032,0.015882828,,0,0.00308,0.00168,0.00168,0.00164,,0.00164,0.00164,0.00172,0.00178,0.00168,0.00184,0.00176,0.00176,0.00168,0.0019,0.00154,,4.39E-06,,,,0.002164722,4.10E-05,0.000526763,0.000168349,0,,0.00154,,,0.001541564,0,,,,0.000095,3.50E-05,0.000230501,7.52E-05,,4.07E-06,1.04E-05,,1.25E-05,4.24E-06,4.20E-06,,,,,4.21E-06,,,4.07E-06,9.84E-06,,,,,7.29E-06,0.0000075,7.78E-06,,,,,,,,,,,,,,,,,,,,,,,,,,,,,,,,,,,,,,,,,,,,,,,,,,,,1.84E-08,1.66E-08,1.66E-08,,1.66E-08,1.66E-08,1.66E-08,,1.66E-08,,1.66E-08,1.66E-08,1.66E-08,1.66E-08,1.66E-08,1.66E-08,1.66E-08,1.66E-08,,,,,,8.30E-09,,,,,,,,,,,,,,,,,,,,,,,,,,,,,,0,0,0,0,0,0,0,0,0,0,0,0,0,0,0,0,0,0,0,0,0,0,0,0,0,0,0,0,0,0,0,0,0,0,0,0,0,0,0,0,0,0,0,,,,,,,,,,,,,,,,,,,,,,,,,,,,,,,0,,,,,0,,,,,,,,,,,,,,,,,,,,,,,,,,,0,0,,,,,,,,,,,,0,0,0,0,,0,0,0,,,,0,0,0,,,,0,,,,,,,,,,,,,,,,,,,,,,,,,,,,,,,,,,,,,,,,,,,,,,,,,,,,,,,,,,,,,,,,,,,269.1276184
25/05/2026,60.432,96.66024057,,17.496,10.76470798,,10.21935484,5.548784415,7.56,3.29103006,,,0.273488141,0,0,1.486157125,,1.365813334,,,0.36,0.22074,0.757564,,0.75484135,0.228041232,,0.193548386,0.24,,0.4043325,0.124679054,,0.28012424,0.096774192,,,0.050884101,0.010930625,,0.013591419,0.025806451,,0.00402,,,0.01180911,0.014025,0.0000595,,0.005229032,0.011342313,,0,0.0027,0.00164,0.0015,0.00166,,0.0015,0.00156,0.00158,0.00152,0.00166,0.00172,0.00166,0.00154,0.00148,0.00144,0.00136,,5.01E-06,,,,0.002390899,4.15E-05,4.16E-06,0.000968608,0,,0.00232,,,0.000888868,0,,,,0.00008,3.12E-05,9.39E-05,7.52E-05,,4.16E-06,1.03E-05,,1.57E-05,5.07E-06,4.16E-06,,,,,4.16E-06,,,4.14E-06,7.29E-06,,,,,7.29E-06,0.0000075,6.12E-06,,,,,,,,,,,,,,,,,,,,,,,,,,,,,,,,,,,,,,,,,,,,,,,,,,,,1.66E-08,1.66E-08,1.66E-08,,1.66E-08,1.66E-08,1.66E-08,,1.66E-08,,1.66E-08,1.66E-08,1.66E-08,1.66E-08,,1.66E-08,1.66E-08,1.66E-08,,,,,,8.30E-09,,,,,,,,,,,,,,,,,,,,,,,,,,,,,,0,0,0,0,0,0,0,0,0,0,0,0,0,0,0,0,0,0,0,0,0,0,0,0,0,0,0,0,0,0,0,0,0,0,0,0,0,0,0,0,0,0,0,,,,,,,,,,,,,,,,,,,,,,,,,,,,,,,0,,,,,0,,,,,,,,,,,,,,,,,,,,,,,,,,,0,0,,,,,,,,,,,,0,0,0,0,,0,0,,0,0,0,0,0,0,,,,,,,,,,,,,,,,,,,,,0,,,,,,,,,,,,,,,,,,,,,,,,,,,,,,,,,,,,,,,,,,,,,,,,,,218.9374145
26/05/2026,60.432,64.20951099,,17.496,10.76470798,,10.21935484,5.548784415,7.56,3.29103006,,,0.273488141,0,0,1.486849007,,1.365813334,,,0.36,0.2237,0.633343,,0.617982666,0.228041232,,0.193548386,0.24,,0.4642935,0.124679054,,0.23101584,0.096774192,,,0.023770655,0.010930625,,0.013591419,0.025806451,,0.00364,,,0.009457032,0.014095,0.000056,,0.005229032,0.009181627,,0,0.00322,0.00148,0.00152,0.00144,,0.00144,0.00148,0.00144,0.00148,0.00144,0.00156,0.00148,0.0014,0.0014,0.00152,0.00116,,4.22E-06,,,,0.002583774,0.000060227,4.24E-06,0.001086597,0,,0.00206,,,0.000502004,0,,,,0.0001,9.78E-05,0.000090746,7.52E-05,1.88E-08,4.21E-06,1.05E-05,,1.21E-05,4.22E-06,4.12E-06,,,,,4.25E-06,,,4.16E-06,7.29E-06,,,,,7.29E-06,0.0000075,6.12E-06,,,,,,,,,,,,,,,,,,,,,,,,,,,,,,,,,,,,,,,,,,,,,,,,,,,,3.32E-08,1.84E-08,1.66E-08,,1.66E-08,1.66E-08,1.66E-08,,1.66E-08,,1.66E-08,3.32E-08,1.66E-08,1.66E-08,1.66E-08,1.66E-08,1.66E-08,1.66E-08,,,,,,8.30E-09,,,,,,,,,,,,,,,,,,,,,,,,,,,,,,0,0,0,0,0,0,0,0,0,0,0,0,0,0,0,0,0,0,0,0,0,0,0,0,0,0,0,0,0,0,0,0,0,0,0,0,0,0,0,0,0,0,0,0,,,,,,,,,,,,,,,,,,,,,,,,,,,,,,0,,,,,0,,,,,,,,,,,,,,,,,,,,,,,,,,,0,0,,,,,,,,,,,,0,0,0,0,,0,0,,,,,0,0,0,,,,,,,,,,,0,,0,,,,,,,,0,,,,,,,,,,,,,,,,,,,,,,,,,,,,,,,,,,,,,,,,,,,,,,,,,,186.2068714
27/05/2026,60.432,25.23547421,,17.496,10.76470798,,10.21935484,5.548784415,7.56,3.29103006,,,0.273488141,0,0,1.487386957,,1.365813334,,,0.36,0.2653,0.533278,,0.504285173,0.228041232,,0.193548386,0.24,,0.1749,0.124679054,,0.21238228,0.096774192,,,0.017737272,0.010930625,,0.013591419,0.025806451,,0.0189,,,0.039153426,0.01335,0.000077,,0.005229032,0.004593686,,0,0.00228,0.0014,0.00144,0.00142,,0.00156,0.00158,0.00154,0.00154,0.0014,0.00148,0.00158,0.00146,0.00138,0.00144,0.00124,,0.000005852,,,,0.002138243,3.89E-05,0.0000042,0.00207229,0,,0.00078,,,4.32E-06,0,,,,0.00013,9.96E-05,0.000111519,7.52E-05,,4.11E-06,1.26E-05,,1.17E-05,0.002227885,4.16E-06,,,,,4.25E-06,,0.00000352,0.0000042,7.29E-06,,,,,7.29E-06,0.0000075,0.000011939,,,,,,,,,,,,0.000007,,,,,,,,,,,,,,,5.75E-07,,,,,,,,,,,,,,,,,,,,,,,,,1.66E-08,1.66E-08,1.66E-08,,1.66E-08,1.66E-08,1.66E-08,,1.66E-08,,1.66E-08,1.66E-08,1.66E-08,1.66E-08,1.66E-08,1.66E-08,1.66E-08,1.66E-08,,,,,,8.30E-09,,,,,,,,,,,,,,,,,,,,,,,,,,,,,,0,0,0,0,0,0,0,0,0,0,0,0,0,0,0,0,0,0,0,0,0,0,0,0,0,0,0,0,0,0,0,0,0,0,0,0,0,0,0,0,0,0,0,,,,,,,,,,0,,,,,,,,,,,,,,,,,,,,,0,,,,,0,,,,,,,,,,,,,,,,,,,,,,,,,,,0,0,,,,,,,,,,,,0,0,0,0,,0,0,,,,,0,0,0,,,,,,,,,,,,,,,,,,,,,,,,,,,,,,,,,,,,,,,,,,,,,,,,,,,,,,,,,,,,,,,,,,,,,,,146.7871116
28/05/2026,60.432,15.64958576,,17.496,10.76470798,,10.21935484,5.548784415,7.56,3.29103006,,,0.273488141,0,0,1.49820738,,1.365811396,,,0.36,0.4856,0.430342,,0.422979082,0.228041232,,0.193548386,0.24,,0.142494,0.124679054,,0.1689644,0.096774192,,,0.02827498,0.011995734,,0.011671565,0.037332202,,0.0559,,,0.038955371,0.01461,0.0026775,,0.005229032,0.004615987,,0,0.00236,0.00148,0.00148,0.00158,,0.00152,0.00144,0.00154,0.00148,0.00146,0.00156,0.0014,0.00144,0.00144,0.00138,0.00134,,4.30E-06,,,,0.002195577,3.00E-05,0.0000042,0.00019238,0,,0.00046,,,1.80E-05,0,,,,0.000215,3.18E-05,8.67E-05,7.52E-05,,4.24E-06,0.000010437,,4.66E-05,5.11E-06,4.16E-06,,,0.0001155,,4.16E-06,,,4.24E-06,7.29E-06,,,,,7.29E-06,0.0000075,6.12E-06,,,,,,,,,0.000287737,,,,,,,,,,0.0000064,,,0.0000055,,,,,2.17E-06,0.00002,,,,,,,,,,,,,,,,,,,,,,,,1.66E-08,1.66E-08,1.66E-08,,1.66E-08,1.66E-08,1.66E-08,,1.66E-08,,1.66E-08,1.66E-08,1.66E-08,1.66E-08,1.66E-08,1.66E-08,1.66E-08,1.66E-08,,,,,,8.30E-09,,,,,,,,,,,,,,,,,,,,,,,,,,,,,,0,0,0,0,0,0,0,0,0,0,0,0,0,0,0,0,0,0,0,0,0,0,0,0,0,0,0,0,0,0,0,0,0,0,0,0,0,0,0,0,0,0,0,,,,,,,,,,0,,,,,,,,,,,,,,,,,,,,,0,,,,,0,,0,,,,,,,,,,,,,,,,,,,,,,,,,0,0,,,,,,,,,,,,0,0,0,0,,0,0,,,,,0,0,,,,,,,,,,,,,,,,,,,,,,,,,,,,,,,,,,,,,,,,,,,,,,,,,,,,,,,,,,,,,,,,,,,,,,,,137.2304126
29/05/2026,60.432,16.80446092,,17.496,10.76470798,,10.21935484,5.548784415,7.56,3.29103006,,,0.273488141,0,0,1.501676867,,1.365811396,,,0.36,0.24818,0.240685,,0.244382098,0.228041232,,0.193548386,0.24,,0.13057,0.124679054,,0.08618148,0.096774192,,,0.043072277,0.011995734,,0.011671565,0.038709677,,0.03956,,,0.038855462,0.01316,0.0000595,,0.005229032,0.003321309,,0,0.00254,0.00148,0.0014,0.00144,,0.00154,0.00148,0.00156,0.00162,0.0014,0.00158,0.00148,0.00156,0.0014,0.00134,0.00116,,4.19E-06,,,,0.002003322,2.26E-05,4.11E-06,0.000369085,0,,0.00012,,,1.18E-05,0,,,,0.000125,9.77E-05,8.51E-05,7.52E-05,,0.0000042,1.05E-05,,1.18E-05,0.000004395,4.16E-06,,,,,4.25E-06,,,4.14E-06,7.28E-06,,,,,7.29E-06,0.0000075,6.37E-06,,,,,,,,,,,,,,,,,,,0.0000004,,,0.000011,,,,,4.80E-07,,,,,,,,,,,,,,,,,,,,,,,,,1.66E-08,1.82E-08,1.66E-08,,1.66E-08,1.66E-08,1.66E-08,,1.66E-08,,1.66E-08,1.66E-08,1.66E-08,1.66E-08,,1.66E-08,1.66E-08,1.66E-08,,,,,,8.30E-09,,,,,,,,,,,,,,,,,,,,,,,,,,,,,,0,0,0,0,0,0,0,0,0,0,0,0,0,0,0,0,0,0,0,0,0,0,0,0,0,0,0,0,0,0,0,0,0,0,0,0,0,0,0,0,0,0,0,,,,,,,,,,0,,,,,,,,,,,,,,,,,,,,,0,,,,,0,,,,,,,,,,,,,,,,,,,0,,,,,,,,0,0,,,,,,,,,,,,0,0,0,0,,0,0,,,,,0,0,0,,,,,,,,,,,,,,,,,,,,,,,,,,,,,,,,,,,,,,,,,,,,,,,,,,,,,,,,,,,,,,,,,,,,,,,137.6819726
30/05/2026,60.432,131.8712617,,17.496,10.76470798,,10.21935484,5.548784415,7.56,3.29103006,,,0.273488141,0,0,1.501928246,,1.365811396,,,0.36,0.20606,0.455904,,0.439663519,0.228041232,,0.193548386,0.24,,0.132781,0.124679054,,0.13734556,0.096774192,,,0.047698768,0.011995734,,0.011671565,0.038709677,,0.01832,,,0.037866655,0.00795,0.0000595,,0.005229032,0.005654066,,0,0.00392,0.00302,0.00288,0.00284,,0.00296,0.00292,0.00308,0.00298,0.00294,0.00284,0.00288,0.00302,0.00302,0.00284,0.00268,,5.22E-06,,,,0.001212231,1.88E-05,0.000003981,0.001244648,0,,0.0001,,,0.000006378,0,,,,0.0001,3.38E-05,9.26E-05,7.52E-05,,4.07E-06,1.04E-05,,5.76E-05,5.04E-06,4.11E-06,,,,,4.12E-06,,,4.11E-06,7.78E-06,,,,,7.29E-06,0.0000075,6.13E-06,,,,,,,,,,,,,,,,,,,,,,0.0000055,,,,,1.28E-07,,,,,,,,,,,,,,,,,,,,,,,,,1.66E-08,1.66E-08,1.66E-08,,1.66E-08,1.66E-08,1.66E-08,,1.66E-08,,1.66E-08,1.66E-08,1.66E-08,1.66E-08,1.66E-08,1.66E-08,1.66E-08,1.66E-08,,,,,,8.30E-09,,,,,,,,,,,,,,,,,,,,,,,,,,,,,,0,0,0,0,0,0,0,0,0,0,0,0,0,0,0,0,0,0,0,0,0,0,0,0,0,0,0,0,0,0,0,0,0,0,0,0,0,0,0,0,0,0,0,,,,,,,,,,0,,,,,,,,,,,,,,,,,,,,,0,,,,,0,,,,,,,,,,,,,,,,,,,,,,,,,,,0,0,,,,,,,,,,,,0,0,0,0,,0,0,,,,,0,0,,,,,,,,,,,,,,,,,,,,,,,,,,,,,,,0,,,,,,,,,,,,,,,,,,,,,,,,,,,,,,,,,,,,,,,,,253.1721557
31/05/2026,60.432,94.27302113,,17.496,10.82083508,,10.21935484,5.548784415,7.56,3.29103006,,,0.273488141,0,0,1.50225713,,1.365811396,,,0.36,0.20948,0.639835,,0.644694579,0.228041232,,0.193548386,0.24,,0.316591,0.124679054,,0.23351152,0.096774192,,,0.064020457,0.011995734,,0.011671565,0.038709677,,0.00912,,,0.034878525,0.01086,0.00021,,0.005229032,0.007551687,,0,0.00552,0.004,0.00406,0.0041,,0.00406,0.00408,0.00426,0.00414,0.00414,0.00404,0.00424,0.00414,0.00412,0.00424,0.0039,,4.76E-06,,,,0.001861139,6.63E-05,9.07E-05,0.000129983,0,,0.00116,,,0.000114103,0,,,,0.000105,3.45E-05,0.000345039,7.52E-05,,3.85E-06,0.000010123,,1.54E-05,3.81E-06,3.89E-06,,,,,3.90E-06,,0.0000066,3.72E-06,7.70E-06,,,,,7.29E-06,0.0000075,6.12E-06,,,1.47E-08,,,,,,,,,,,,,,,,0.0000004,,,,,,,,,,,,,0.000005,,,,,,,,,,,,,,,,,,,,3.32E-08,1.66E-08,1.66E-08,,1.66E-08,1.66E-08,1.66E-08,,1.66E-08,,1.66E-08,1.66E-08,1.66E-08,1.66E-08,1.66E-08,1.66E-08,1.66E-08,1.66E-08,,,,,,8.30E-09,,,,,,,,,,,,,,,,,,,,,,,,,,,,,,0,0,0,0,0,0,0,0,0,0,0,0,0,0,0,0,0,0,0,0,0,0,0,0,0,0,0,0,0,0,0,0,0,0,0,0,0,0,0,0,0,0,0,,,,,,,,,,,,,,,,,,,,,,,,,,,,,,,0,,,,,0,,,,,,,,,,0,,,,,,,,,,,,,,,,,0,0,,,,,,,,,,,,0,0,0,0,,0,0,,,,,0,0,0,,,,,,,,,,,,,,,,,,,,,,,,,,,,,,,,,,,,,,,,,,,,,,,,,,,,,,,,,,,,,,,,,,,,,,,216.3310962
1/06/2026,60.432,141.8082766,664.05,17.496,14.41662823,603.6847658,10.56,5.733743895,7.56,3.400731055,,,0.273488141,0,0,1.433052457,,1.410917923,,,0.36,0.40974,0.766212,,0,0.235642606,,0.199999999,0.24,,0.4501365,0.128835022,,0.28088544,0.100000001,,,0.053675876,0.012395592,,0.014163215,0.040000003,,0.07506,,,0.035659936,0.01471,0.001197,,0.005403333,0.010915818,,0,0.0031,0.00204,0.00214,0.00222,,0.0023,0.003,0.0021,0.00214,0.0022,0.0022,0.00212,0.00204,0.00204,0.00218,0.00182,,4.07E-06,,,,0,6.90E-05,4.56E-06,0.000566522,0,,0,,,6.40E-06,0,,,,0.000215,3.13E-05,5.30E-05,7.78E-05,,4.02E-06,1.05E-05,0.000114446,1.21E-05,4.01E-06,4.07E-06,,,0.0001715,,4.16E-06,,0.00000572,4.02E-06,0.00003666,,,,,7.29E-06,0.0000075,6.12E-06,,,,,,,8.41E-06,,,7.70E-09,,,,,,,,,0.0000024,,,0.000011,,,,,1.85E-06,,,,,,,,,,,,,,,,,,,,,,,,,1.66E-08,1.66E-08,1.66E-08,,1.66E-08,1.66E-08,1.66E-08,,1.66E-08,,1.66E-08,1.66E-08,1.66E-08,1.66E-08,1.66E-08,1.66E-08,1.66E-08,1.66E-08,,,,,,8.30E-09,,,,,,,,,,,,,,,,,,,,,,,,,,,,,,0,0,0,0,0,0,0,0,0,0,0,0,0,0,0,0,0,0,0,0,0,0,0,0,0,0,0,0,0,0,0,0,0,0,0,0,0,0,0,0,0,0,0,,,,,,,0,,,0,,,0,,,,,,,,,,,,,,,,,,0,,,,,0,,,0,,,,,,,,,,,,,,,,,,,,,,,,0,0,,,,,,,,,,,,0,0,0,0,,0,0,,,,,0,0,,,,,,,,0,,0,0,,,,,,,,,,,,,,,,,,,,,0,,,,,,,,,,,,,,,,,,,,,,,,,,,,,,,,,,,,,,,,1535.72932
2/06/2026,60.432,75.14124889,,17.496,14.98790552,,10.56,5.733743895,7.56,3.400731055,,,0.273488141,0,0,1.566114064,,1.410528954,,,0.36,0.40584,0.675466,,0,0.235642606,,0.199999999,0.24,,0.4380585,0.128835022,,0.25170332,0.100000001,,,0.025551385,0.012395592,,0.016108057,0.051495656,,0.07702,,,0.037250447,0.00325,0.0041615,,0.005403333,0.004926336,,0,0.0024,0.00148,0.00158,0.00158,,0.00152,0.00192,0.00154,0.00144,0.00142,0.0014,0.0014,0.00144,0.0014,0.00142,0.00122,,6.13E-06,,,,0,0.001441913,4.24E-06,0.00027241,0,,0,,,0.001172002,0,,,,0.00031,3.18E-05,5.14E-05,7.78E-05,,0.0000042,1.04E-05,0.000330528,1.10E-05,6.01E-06,4.24E-06,,,0.0002765,,4.20E-06,,,0.0000042,4.59E-05,,,,,7.29E-06,0.0000075,6.12E-06,,,,,,,,,,,,,,,,,,,0.0000036,,,0.000011,,,,,3.11E-06,,,,,,,,,,,,,,,,,,,,,,,,,1.66E-08,1.66E-08,1.66E-08,,1.66E-08,1.66E-08,1.66E-08,,1.66E-08,,1.66E-08,1.66E-08,1.66E-08,1.66E-08,1.66E-08,1.66E-08,1.66E-08,1.66E-08,,,,,,8.30E-09,,,,,,,,,,,,,,,,,,,,,,,,,,,,,,0,0,0,0,0,0,0,0,0,0,0,0,0,0,0,0,0,0,0,0,0,0,0,0,0,0,0,0,0,0,0,0,0,0,0,0,0,0,0,0,0,0,0,,,,,,,,,,0,,,,,,,,,,,,,,,,,,,,,0,,,,,0,,0,,,,,,,,,,,,,,,,,0,,,,,,,,0,0,,,,,,,,,,,,0,0,0,0,,0,0,,,,,0,0,,,,,,,,,,,,0,,0,,,,,,,,,,,,,,,,,,,,,,,,,,,,,,,,,,,,,,,,,,,,,,,,,,,,,,,,,,201.8621321
3/06/2026,60.432,20.04316775,,17.496,14.98790552,,10.56,5.733743895,7.56,3.400731055,,,0.273488141,0,0,1.568228294,,1.410528954,,,0.36,0.11238,0.569798,,0,0.235642606,,0.199999999,0.24,,0.180444,0.128835022,,0.22904156,0.100000001,,,0.01647006,0.013037097,,0.014945909,0.053333338,,0.01338,,,0.037732171,0.000205,0.0000945,,0.005403333,0.009226858,,0,0.00284,0.00174,0.00178,0.00174,,0.00172,0.00178,0.00174,0.00188,0.00168,0.00184,0.0017,0.00186,0.0017,0.00156,0.00158,,0.0000043,,,,0,2.03E-05,0.0000042,0.000146538,0,,0,,,0.0000042,0,,,,0.0001,0.000196894,4.51E-05,7.78E-05,,0.0000042,1.02E-05,0.000111481,1.17E-05,4.18E-06,0.000004072,,,,,4.23E-06,,,0.000004187,4.51E-05,,,,,7.29E-06,0.0000075,6.12E-06,,,,,,,,,,1.54E-08,,,,,,,,,,,,,,,,,,,,,,,,,,,,,,,,,,,,,,,,,,1.66E-08,1.66E-08,1.66E-08,,1.66E-08,1.66E-08,1.66E-08,,1.66E-08,,1.66E-08,1.66E-08,1.66E-08,1.66E-08,1.66E-08,1.66E-08,1.66E-08,1.66E-08,,,,,,8.30E-09,,,,,,,,,,,,,,,,,,,,,,,,,,,,,,0,0,0,0,0,0,0,0,0,0,0,0,0,0,0,0,0,0,0,0,0,0,0,0,0,0,0,0,0,0,0,0,0,0,0,0,0,0,0,0,0,0,0,,,,,,,0,,,,,,,,,,,,,,,,,,,,,,,,0,,,,,0,,,,,,,,,,,,,,,,,,,0,,,,,,,,0,0,,,,,,,,,,,,0,0,0,0,,0,0,,,,,0,0,,,,,,,,,,,,,,,,,,,,,,,,,,,,,,,,,0,0,,,,,,,,,,,,,,,,,,,,,,,,,,,,,,,,,,,,,,146.0137229
4/06/2026,60.432,12.11348046,,17.496,14.98790552,,10.56,5.733743895,7.56,3.400731055,,,0.273488141,0,0,1.566928658,,1.410528954,,,0.36,0.12522,0.583608,,0,0.235642606,,0.199999999,0.24,,0.10274,0.128835022,,0.23894024,0.100000001,,,0.028304892,0.014231233,,0.012782621,0.053333338,,0.00832,,,0.030226014,0.000145,0.000049,,0.005403333,0.003648602,,0,0.00268,0.00152,0.0016,0.00144,,0.00148,0.00144,0.00158,0.00156,0.00158,0.00144,0.00152,0.00148,0.00144,0.00152,0.00126,,0.000004311,,,,0,4.39E-05,4.24E-06,9.60E-05,0,,0,,,0.000286644,0,,,,0.000095,3.08E-05,0.000044682,7.78E-05,,0.0000042,1.04E-05,3.45E-05,1.16E-05,4.32E-06,0.000004253,,,,,4.25E-06,,,0.0000042,5.30E-05,,,,,7.29E-06,0.0000075,6.12E-06,,,,,,,,,,,,,,,,,,,,,,0.000011,,,,,1.92E-07,,,,,,,,,,,,,,,,,,,,,,,,,1.66E-08,1.66E-08,1.66E-08,,1.66E-08,1.66E-08,1.66E-08,,1.66E-08,,1.66E-08,1.66E-08,1.66E-08,1.66E-08,1.66E-08,1.66E-08,1.66E-08,1.66E-08,,,,,,8.30E-09,,,,,,,,,,,,,,,,,,,,,,,,,,,,,,0,0,0,0,0,0,0,0,0,0,0,0,0,0,0,0,0,0,0,0,0,0,0,0,0,0,0,0,0,0,0,0,0,0,0,0,0,0,0,0,0,0,0,,,,,,,,,,0,,,,,,,,,,,,,,,,,,,,,0,,,,,0,,,,,,,,,,,,,,,,,,,0,,,,,,,,0,0,,,,,,,,,,,,0,0,0,0,,0,0,,,,,0,0,0,,,,,,,0,,0,,0,,0,,,,,,,,,,,,,,,,,,,,,,,,,,,,,,,,,,,,,,,,,,,,,,,,,,,,,,,,,,138.0306231
5/06/2026,60.432,8.577855,,17.496,14.98790552,,10.56,5.733743895,7.56,3.400731055,,,0.273488141,0,0,1.564199233,,1.410528954,,,0.36,0.20402,0.535172,,0,0.235642606,,0.199999999,0.24,,0.0883575,0.128835022,,0.21989044,0.100000001,,,0.043568708,0.014562848,,0.012181868,0.053333338,,0.0396,,,0.031543812,0.00008,0.000035,,0.005403333,0.00473424,,0,0.00298,0.00172,0.0016,0.00172,,0.0016,0.00172,0.0017,0.00156,0.00168,0.00156,0.00164,0.00156,0.00156,0.00158,0.00142,,6.78E-05,,,,0,0.001115469,0.0000042,0.000291288,0,,0,,,0.006044938,0,,,,0.000115,3.20E-05,0.000044422,7.78E-05,,0.0000042,1.28E-05,6.75E-06,1.17E-05,0.000005016,4.24E-06,,,,,0.0000042,,,0.0000042,0.000046993,,,,,7.29E-06,0.0000075,6.12E-06,,,,,,,,,,,,,,,,,,,0.0000004,,,0.0000055,,,,,2.24E-07,,,,,,,,,,,,,,,,,,,,,,,,,3.48E-08,1.66E-08,1.66E-08,,1.66E-08,1.66E-08,1.66E-08,,1.66E-08,,1.66E-08,1.66E-08,1.66E-08,1.66E-08,1.66E-08,1.66E-08,1.66E-08,1.66E-08,,,,,,8.30E-09,,,,,,,,,,,,,,,,,,,,,,,,,,,,,,0,0,0,0,0,0,0,0,0,0,0,0,0,0,0,0,0,0,0,0,0,0,0,0,0,0,0,0,0,0,0,0,0,0,0,0,0,0,0,0,0,0,0,,,,,,,,,,0,,,,,,,,,,,,,,,,,,,,,0,,,,,0,,,,,,,,,,,,,,,,,,,,,,,,,,,0,0,,,,,,,,,,,,0,0,0,0,,0,0,0,,,,0,0,0,,,,,,,,,,,,,,,,,,,,,,,,,,,,,,,,,,,,,,,,,,,,,,,,,,,,,,,,,,,,,,,,,,,,,,,134.5469328
6/06/2026,60.432,68.75322209,,2.916,14.98790552,,10.56,5.733743895,1.26,3.400731055,,,0.273488141,18.232,9.344,1.564358363,,1.410528954,,,0.36,0.12126,0.643235,,0.245467928,0.235642606,,0.199999999,0.24,,0.1064305,0.128835022,,0.23770648,0.100000001,,,0.044582221,0.014562848,,0.012181868,0.053333338,,0.01198,,,0.034687414,0.000065,0.000042,,0.005403333,0.009320232,,0,0.00644,0.00554,0.00566,0.00552,,0.00566,0.0056,0.00568,0.00564,0.00552,0.00554,0.00552,0.00554,0.00562,0.00548,0.00538,,5.04E-06,,,,1.95E-05,2.96E-05,1.10E-05,0.000377663,0,,0,,,0.004623085,0,,,,0.0001,0.000121221,4.86E-05,7.78E-05,,3.19E-06,1.10E-05,7.61E-06,0.000123293,4.28E-06,3.16E-06,,,,,3.90E-06,,,3.18E-06,4.67E-05,,,,,7.29E-06,0.0000075,6.12E-06,,,,,,,,,,,,,,,,,,,0.0000004,,,,,,,,,,,,,,,,,,,,,,,,,,,,,,,,,1.66E-08,1.66E-08,1.66E-08,,1.66E-08,1.66E-08,1.66E-08,,1.66E-08,,1.66E-08,1.66E-08,1.66E-08,1.66E-08,1.66E-08,1.66E-08,1.66E-08,1.66E-08,,,,,,8.30E-09,,,,,,,,,,,,,,,,,,,,,,,,,,,,,,0,0,0,0,0,0,0,0,0,0,0,0,0,0,0,0,0,0,0,0,0,0,0,0,0,0,0,0,0,0,0,0,0,0,0,0,0,0,0,0,0,0,0,,,,,,,,,,0,,,,,,,,,,,,,,,,,,,,,0,,,,,0,,,,,,,,,,,,,,,,,,,,,,,,,,,0,0,,,,,,,,,,,,0,0,0,0,,0,0,,,,,0,0,0,,,,,,,,,,,,,,,,,,,,,,,,,,,,,,,,,,,,,,,,,,,,,,,,,,,,,,,,,,,,,,,,,,,,,,,201.7626952
7/06/2026,60.432,49.55267861,,,14.98790552,,10.56,5.733743895,,3.400731055,,,0.273488141,21.8784,11.2128,1.564650412,,1.410528954,,,0.36,0.11572,0.612473,,0.568582773,0.235642606,,0.199999999,0.24,,0.160303,0.128835022,,0.23975952,0.100000001,,,0.048270399,0.014562848,,0.012181868,0.053333338,,0.00382,,,0.032951886,0.00023,0.000091,,0.005403333,0.003364266,,0,0.00224,0.00156,0.0017,0.00156,,0.00164,0.00156,0.00156,0.00156,0.00154,0.00156,0.00158,0.0017,0.00164,0.00158,0.00134,,4.40E-06,,,,0.000108682,3.89E-05,0.0000042,0.000100317,0,,0,,,0.000971023,0,,,,0.00008,3.12E-05,7.50E-05,7.78E-05,0.000000003,4.24E-06,1.03E-05,7.93E-05,1.16E-05,4.30E-06,4.26E-06,,,,,4.16E-06,,,0.0000042,2.00E-05,,,,,7.29E-06,0.0000075,6.12E-06,,,,,,,,,,,,,,,,,,,,,,,,,,,,,,,,,,,,,,,,,,,,,,,,,,,,1.66E-08,1.66E-08,1.66E-08,,1.66E-08,1.66E-08,1.66E-08,,1.66E-08,,1.66E-08,1.66E-08,1.66E-08,1.66E-08,1.66E-08,1.66E-08,1.66E-08,1.66E-08,,,,,,8.30E-09,,,,,,,,1.47E-08,,,,,,,,,,,,,,,,,,,,,,0,0,0,0,0,0,0,0,0,0,0,0,0,0,0,0,0,0,0,0,0,0,0,0,0,0,0,0,0,0,0,0,0,0,0,0,0,0,0,0,0,0,0,0,,,,,,,,,,,,,,,,,,,,,,,,0,,,,,,0,,,,,0,,0,,,,,,,,,,,,,,,,,,,,,,,,,0,0,,,,,,,,,,,,0,0,0,0,,0,0,,,,,0,0,0,,,,,,,,,,,,,,,,,,,,,,,,,,,,,,,,,,,,,,,,,,,,,,,,,,,,,,,,,,,,,,,,,,,,,,,184.1684266
8/06/2026,60.432,41.55518417,,,14.98790552,,10.56,5.733743895,,3.400731055,,,0.273488141,21.8784,11.2128,1.565035981,,1.410528954,,,0.36,0.11966,0.38039,,0.36582247,0.235642606,,0.199999999,0.24,,0.192093,0.128835022,,0.14100548,0.100000001,,,0.035533872,0.014562848,,0.012181868,0.053333338,,0.01858,,,0.031792659,0.000185,0.0000385,,0.005403333,0.005541703,,0,0.00244,0.0014,0.0014,0.00158,,0.00148,0.00148,0.00148,0.00154,0.00154,0.00156,0.00148,0.00148,0.00156,0.00148,0.00116,,5.24E-06,,,,7.72E-05,0.000215622,4.11E-06,0.000200122,0,,0,,,9.41E-05,0,,,,0.0001,0.00003447,0.000181435,7.78E-05,,0.0000042,0.000010434,6.57E-05,1.44E-05,5.08E-06,4.12E-06,,,0.000028,,0.000005842,,,0.0000042,8.78E-06,,,,,7.29E-06,0.0000075,6.12E-06,,,,,,,,,,,,,,,,,,,,,,0.0000055,,,,,1.28E-07,,,,,,,,,,,,,,,,,,,,,,,,,1.66E-08,1.66E-08,1.66E-08,,1.66E-08,1.66E-08,1.66E-08,,1.66E-08,,1.66E-08,1.66E-08,1.66E-08,1.66E-08,1.66E-08,1.66E-08,1.66E-08,1.66E-08,,,,,,8.30E-09,,,,,,,,,,,,,,,,,,,,,,,,,,,,,,0,0,0,0,0,0,0,0,0,0,0,0,0,0,0,0,0,0,0,0,0,0,0,0,0,0,0,0,0,0,0,0,0,0,0,0,0,0,0,0,0,0,0,,,,,,,,,,0,,,,,,,,,,,,,,,,,,,,,0,,,,,0,,,,,,,,,,,,,,,,,,,0,,,,,,,,0,0,,,,,,,,,,,,0,0,0,0,,0,0,,,,,0,0,,,,,,,,,,,,,,,,,,,,,,,,,,,,,,,,,,,,,,,,,,,,,,,,,,,,,,,,,,,,,,,,,,,,,,,,175.6746471
9/06/2026,60.432,51.97615945,,,14.98790552,,10.56,5.733743895,,3.400731055,,,0.273488141,21.8784,11.2128,1.565563027,,1.410528954,,,0.36,0.3186,0.393781,,0.40517228,0.235642606,,0.199999999,0.24,,0.2790975,0.128835022,,0.14280596,0.100000001,,,0.01660465,0.014562848,,0.012181868,0.053333338,,0.11944,,,0.035780042,0.00039,0.00014,,0.005403333,0.004384925,,0,0.00298,0.00182,0.00186,0.00196,,0.0019,0.00266,0.00194,0.00198,0.00184,0.00194,0.00192,0.00184,0.00186,0.00178,0.0017,,4.39E-06,,,,0.000183298,5.08E-05,0.000762146,0.000310363,0,,0,,,8.41E-05,0,,,,0.000135,0.000033186,4.43E-05,7.78E-05,,0.0000042,1.04E-05,0.000170974,1.18E-05,0.000171242,4.25E-06,,,0.000301,,4.16E-06,,,0.0000042,7.29E-06,,,,,7.29E-06,0.0000075,6.12E-06,,,,,,0.000000003,,,,,,0.0000035,,,,,,,0.000006,,,0.000011,,,,,3.83E-07,,,,,,,,,,,,,,,,,,,,,,,,,8.53E-08,1.66E-08,1.66E-08,,1.66E-08,1.66E-08,1.66E-08,,1.66E-08,,1.66E-08,1.66E-08,1.66E-08,1.66E-08,1.66E-08,1.66E-08,1.66E-08,1.66E-08,,,,,,8.30E-09,,,,,,,,,,,,,,,,,,,,,,,,,,,,,,0,0,0,0,0,0,0,0,0,0,0,0,0,0,0,0,0,0,0,0,0,0,0,0,0,0,0,0,0,0,0,0,0,0,0,0,0,0,0,0,0,0,0,,,,0,,,,,0,0,,,,,,,,,,,,,,,,,,,,,0,,,,,0,,,,0,,,,,,,,,,,,,,,,,,,,,,,0,0,,,,,,,,,,,,0,0,0,0,,0,0,,,,,0,0,,,,,,,,,,,,,,,,,,,,,,0,,,,,,,,,,,,,,,,,,,,,,,,,,,,,,,,,,,,,,,,,,,,,,,,,,186.5298724
10/06/2026,60.432,22.58025486,0.12,,14.98790552,,10.58862796,5.733743895,,3.400731055,,,0.273488141,21.8784,11.2128,1.565879085,,1.410528954,,0.25479,0.362248615,0.15704,0.281471,,0.29556245,0.235642606,,0.199999999,0.24,,0.1356025,0.128835022,,0.10611612,0.100000001,,0.06,0.013951822,0.014562848,,0.012181868,0.053333338,,0.03676,,,0.034680121,0.00022,0.0002275,,0.005403333,0.002910267,,0,0.0098,0.00898,0.00898,0.00888,,0.00886,0.0089,0.00888,0.0089,0.00896,0.0088,0.00892,0.00898,0.00896,0.0088,0.00876,,4.79E-06,,,,9.52E-05,1.14E-05,0.000003543,5.35E-05,0,,0,,,3.59E-06,0,,,,0.000135,0.000030844,4.79E-05,7.78E-05,,3.63E-06,9.93E-06,6.77E-05,1.10E-05,3.61E-06,3.68E-06,,,0.0000315,,3.63E-06,,0.00001408,3.67E-06,7.29E-06,,,,,7.29E-06,0.0000075,6.12E-06,,,,,,,,,,7.70E-09,,0.0000035,,,,,,,0.0000004,,,,,,,,4.48E-07,,,,,,,,,,,,,,,,,,,,,,,,,3.32E-08,1.66E-08,1.66E-08,,1.66E-08,1.66E-08,1.66E-08,,1.66E-08,,1.66E-08,1.66E-08,1.66E-08,1.66E-08,1.66E-08,1.66E-08,1.66E-08,1.66E-08,,,,,,8.30E-09,,,,,,,,,,,,,,,,,,,,,,,,,,,,,,0,0,0,0,0,0,0,0,0,0,0,0,0,0,0,0,0,0,0,0,0,0,0,0,0,0,0,0,0,0,0,0,0,0,0,0,0,0,0,0,0,0,0,,,,,,,0,,,,,,,,,,,,,,,,,,,,,,,,0,,,,,0,,,,,,,,,,,,,,,,,,,,,,,,,,,0,0,,,,,,,,,,,,0,0,0,0,,0,0,,,,,0,0,,,,,,,,,,,,,,,,,,,,,,,,,,,,,,,,,,,0,,,,,,,,,,,,,,,,,,,,,,,,,,,,,,,,,,,,,157.0509076
11/06/2026,60.432,9.494916889,,,15.05471476,,10.99695185,5.733743895,,3.400731055,,,0.273488141,21.8784,11.2128,1.56606177,,1.410528954,3.245,3.598979544,0.602881945,0.24452,0.220767,,0.232353981,0.235642606,,0.199999999,0.241336135,,0.1156375,0.128835022,,0.07874548,0.100000001,,0.78,0.148113205,0.013921342,,0.013344016,0.053333338,,0.05658,,,0.034948022,0.000185,0.001666,,0.005403333,0.00237496,0.250403594,0,0.00934,0.00914,0.00922,0.0098,,0.00932,0.00914,0.00928,0.0093,0.0099,0.0093,0.00912,0.00914,0.00918,0.009,0.00892,0.133305402,3.46E-06,,,,4.74E-05,2.27E-05,3.46E-06,0.000136408,0,,0,,,3.47E-06,0,,,,0.00016,0.00013254,2.91E-05,7.78E-05,,3.50E-06,9.89E-06,4.81E-05,1.09E-05,4.95E-06,3.33E-06,,,0.000035,,0.000003638,,0.00000396,3.49E-06,7.28E-06,,,,,7.29E-06,0.0000075,6.12E-06,,,,,,,,,,,,0.0000035,,,,,,,,,,,,,,,1.12E-06,,,,,,,,,,,,,,,,,,,,,,,,,1.66E-08,1.66E-08,1.66E-08,,1.66E-08,3.32E-08,1.66E-08,,1.66E-08,,1.66E-08,1.66E-08,1.66E-08,1.66E-08,,1.66E-08,1.66E-08,1.66E-08,,,,,,8.30E-09,,,,,,,,,,,,,,,,,,,,,,,,,,,,,,0,0,0,0,0,0,0,0,0,0,0,0,0,0,0,0,0,0,0,0,0,0,0,0,0,0,0,0,0,0,0,0,0,0,0,0,0,0,0,0,0,0,0,,,,,,,,,,0,,,,,,,,,,,,,,,,,,,,,0,,,,0,0,,,,,,,,,,,,,,,,,,,,,,,,,,,0,0,,,,,,,,,,,,0,0,0,0,,0,0,,,,,0,0,0,,,0,,,,,,,0,,,,,,,,,,,,,,,,,,,,,0,,,,,,,,,,,,,,,,,,,,,,,,,,,,,,,,,,,,,,,,152.3324908
12/06/2026,60.432,16.09980734,,,15.05471476,,10.58367778,5.733743895,,3.400731055,,,0.273488141,21.8784,11.2128,1.566198934,,1.410528954,2.95,0.350740152,0.60509861,0.1254,0.266588,,0.259720356,0.235642606,,0.199999999,0.24008611,,0.144375,0.128835022,,0.09379084,0.100000001,,0.06,0.081317572,0.012830765,,0.0153197,0.053333338,,0.01492,,,0.034023969,0.00014,0.0002065,,0.005403333,0.001302701,0.106200992,0,0.00176,0.00148,0.00158,0.00094,,0.00156,0.00146,0.00154,0.00144,0.0006,0.0014,0.00138,0.00138,0.0014,0.00138,0.00134,,5.27E-06,,,,2.76E-05,2.80E-05,0.00012461,0.000130616,0,,0,,,4.20E-06,0,,,,0.000085,3.34E-05,4.43E-05,7.78E-05,,4.24E-06,1.11E-05,2.26E-05,1.25E-05,5.15E-06,4.25E-06,,,,,4.16E-06,,,4.24E-06,7.29E-06,,,,,7.21E-06,0.0000075,6.12E-06,,,,,,,,,,,,0.0000035,,,,,,,,,,,,,,,,,,,,,,,,,,,,,,,,,,,,,,,,1.66E-08,1.66E-08,1.66E-08,,1.66E-08,1.66E-08,1.66E-08,,1.66E-08,,1.66E-08,1.66E-08,,1.66E-08,1.66E-08,1.66E-08,1.66E-08,1.66E-08,,,,,,8.30E-09,,,,,,,,,,,,,,,,,,,,,,,,,,,,,,0,0,0,0,0,0,0,0,0,0,0,0,0,0,0,0,0,0,0,0,0,0,0,0,0,0,0,0,0,0,0,0,0,0,0,0,0,0,0,0,0,0,0,,,,,,,,,,0,,,,,,,,,,,,,,,,,,,,,0,,,,,0,,0,,,,,,,,,,,,,,,,,0,,,,,,,,0,0,,,,,,,,,,,,0,0,0,0,,0,0,,,,,0,0,,,,,,,,,,,,0,,0,,,,,,,,,,,,,,,,,,,,,,,,,,,,,,,,,,,,,,,,,,,,,,,,,,,,,,,,,,153.7526673
13/06/2026,60.432,210.5800245,,,15.05471476,,10.56,5.733743895,,3.400731055,,,0.273488141,21.8784,11.2128,1.566303647,,1.410580435,2.832,,0.6,0.10604,0.623424,,0.581945767,0.235642606,,0.199999999,0.24,,0.172436,0.128835022,,0.19477876,0.100000001,,,0.056411846,0.012688677,,0.0153197,0.053333338,,0.00882,,,0.032758378,0.00039,0.0000875,,0.005403333,0.015711668,3.28E-07,0,0.00218,0.00172,0.0017,0.0017,,0.00156,0.00164,0.0016,0.0018,0.00158,0.00172,0.0016,0.0016,0.00166,0.00172,0.00132,,7.26E-05,,,,8.89E-05,0.00012292,5.43E-06,0.000593825,0,,0,,,0.001318902,0,,,,0.00009,0.000127746,0.000328427,7.78E-05,,4.16E-06,1.11E-05,7.76E-05,7.62E-05,4.19E-06,4.16E-06,,,,,4.25E-06,,,4.16E-06,7.29E-06,,,,,7.29E-06,0.0000075,6.12E-06,,,,,,,,,,1.53E-05,,,,,,,,,,,,,,,,,,,,,,,,,,,,,,,,,,,,,,,,,,1.66E-08,1.66E-08,1.66E-08,,1.66E-08,1.66E-08,1.66E-08,,1.66E-08,,1.66E-08,1.66E-08,1.66E-08,1.66E-08,1.66E-08,1.66E-08,1.66E-08,1.66E-08,,,,,,8.30E-09,,,,,,,,,,,,,,,,,,,,,,,,,,,,,,0,0,0,0,0,0,0,0,0,0,0,0,0,0,0,0,0,0,0,0,0,0,0,0,0,0,0,0,0,0,0,0,0,0,0,0,0,0,0,0,0,0,0,,,,,,,0,,,,,,,,,,,,,,,,,,,,,,,,0,,,,,0,,,,,,,,,,,,,,,,,,,,,,,,,,,0,0,,,,,,,,,,,,0,0,0,0,,0,0,0,,,,0,0,,,,,,,,,,,,,,,,,,,,,,,,,,,,,,,,,,,,,,,,,,,,,,,,,,,,,,,,,,,,,,,,,,,,,,,,348.3469695
14/06/2026,60.432,120.0651039,,,15.0537884,,10.56,5.733743895,,3.505371767,,,0.273488141,21.8784,11.2128,1.566613141,,1.410580435,2.832,,0.6,0.18894,0.714363,,0.701499951,0.235642606,,0.199999999,0.24,,0.3093695,0.128835022,,0.2597188,0.100000001,,,0.076028897,0.012688677,,0.0153197,0.053333338,,0.01344,,,0.034400155,0.010635,0.000147,,0.005403333,0.013817683,1.08E-07,0,0.00226,0.00146,0.00156,0.00146,,0.00144,0.0014,0.00144,0.0014,0.0015,0.00144,0.00152,0.0014,0.0014,0.0015,0.00136,,4.35E-06,,,,0.00106144,0.000129684,5.85E-06,0.002391812,0,,0,,,0.000269046,0,,,,0.000085,2.92E-05,9.10E-05,7.78E-05,,4.11E-06,1.93E-05,8.04E-05,0.000201414,4.34E-06,4.20E-06,,,,,3.38E-05,,,4.21E-06,7.29E-06,,,,,7.29E-06,0.0000075,6.12E-06,,,,,,,,,,,,,,,,,,,,,,,,,,,,,,7.30E-09,,,,,,,,,,,,,,,,,,,,,,1.66E-08,1.66E-08,1.66E-08,,1.66E-08,1.66E-08,1.66E-08,,1.66E-08,,1.66E-08,1.66E-08,1.66E-08,1.66E-08,1.66E-08,1.66E-08,1.66E-08,1.66E-08,,,,,,8.30E-09,,,,,,,,,,,,,,,,,,,7.30E-09,,,,,,,,,,,0,0,0,0,0,0,0,0,0,0,0,0,0,0,0,0,0,0,0,0,0,0,0,0,0,0,0,0,0,0,0,0,0,0,0,0,0,0,0,0,0,0,0,,,,,,,,,,0,,,,,,,,,0,,,,,,,,,,,,0,,,,,0,,,,,,,0,,,,,,,,,,,,0,,,,,,,,0,0,,,,,,,,,,,,0,0,0,0,,0,0,,,,,0,0,0,,,,,,,,,,,,,,,,,,,,,,,,,,,,,,,,,,,,,,,,,,,,,,,,,,,,,,,,,,,,,,,,,,,,,,,258.4645379
15/06/2026,60.432,118.0424555,,,14.9195861,,10.56,5.733743895,,4.653937476,,,0.273488141,21.8784,11.2128,1.567697845,,1.410580435,2.832,,0.6,0.29048,0.746112,,0.743406582,0.235642606,,0.199999999,0.24,,0.4198645,0.128835022,,0.27858644,0.100000001,,,0.060133583,0.012688677,,0.0153197,0.053333338,,0.03548,,,0.035352422,0.01379,0.0000665,,0.005403333,0.009375144,0.000000132,0,0.0028,0.00156,0.00166,0.00162,,0.00156,0.00166,0.0018,0.00156,0.00162,0.00174,0.0017,0.0018,0.00156,0.00166,0.00132,,5.04E-06,,,,0.001648932,4.33E-05,5.91E-05,0.000453514,0,,0,,,0.000134779,0,,,,0.0001,3.13E-05,0.000054511,7.78E-05,,0.0000042,1.08E-05,0.000203484,1.26E-05,0.000005001,4.12E-06,,,0.0000175,,4.26E-06,,,0.000004187,7.29E-06,,,,,7.29E-06,0.0000075,6.12E-06,,,,,,,,,,,,,,,,,,,,,,,,,,,6.39E-08,,,,,,,,,,,,,,,,,,,,,,,,,3.32E-08,1.66E-08,1.66E-08,,1.66E-08,1.66E-08,1.66E-08,,1.66E-08,,1.66E-08,1.66E-08,1.66E-08,1.66E-08,1.66E-08,1.66E-08,1.66E-08,1.66E-08,,,,,,8.30E-09,,,,,,,,,,,,,,,,,,,,,,,,,,,,,,0,0,0,0,0,0,0,0,0,0,0,0,0,0,0,0,0,0,0,0,0,0,0,0,0,0,0,0,0,0,0,0,0,0,0,0,0,0,0,0,0,0,0,,,,,,,0,,,0,,,,,,,,,,,,,,,,,,,,,0,,,,,0,,,,,,,,,,,,,,,,,,,0,,,,,,,,0,0,,,,,,,,,,,,0,0,0,0,,0,0,,,,,0,0,0,,,,,,,,,,,,,,,,,,,,,,,,,,,,,,,,,,,,,,,,,,,,,,,,,,,,,,,,,,,,,,,,,,,,,,,257.7690823
16/06/2026,60.432,77.92197837,,,14.9195861,,10.56,5.733743895,,4.653937476,,,0.273488141,21.8784,11.2128,1.568618838,,1.410580435,2.832,,0.6,0.18962,0.614359,,0.599600472,0.235642606,,0.199999999,0.24,,0.399102,0.128835022,,0.2284678,0.100000001,,,0.028047976,0.01385333,,0.013209823,0.053333338,,0.02522,,,0.037706292,0.002715,0.000119,,0.005403333,0.005143016,0.000000066,0,0.00218,0.00144,0.00154,0.00148,,0.00154,0.00154,0.00144,0.00154,0.0014,0.00168,0.00144,0.0014,0.0014,0.00156,0.00114,,2.50E-06,,,,0.000531963,5.59E-05,2.32E-06,0.000206867,0,,0,,,0.002261464,0,,,,0.0001,0.000110182,5.48E-05,7.78E-05,,2.27E-06,0.000009151,0.000196952,1.09E-05,2.40E-06,2.40E-06,,,,,2.72E-06,,,2.36E-06,7.28E-06,,,,,7.28E-06,0.0000075,6.12E-06,,,,,,,,,,,,,,,,,,,,,,,,,,,1.28E-07,,,,,,,,,,,,,,,,,,,,,,,,,1.66E-08,1.66E-08,1.66E-08,,1.66E-08,1.66E-08,1.66E-08,,1.66E-08,,1.66E-08,1.66E-08,1.66E-08,1.66E-08,1.66E-08,1.66E-08,1.66E-08,1.66E-08,,,,,,8.30E-09,,,,,,,,,,,,,,,,,,,,,,,,,,,,,,0,0,0,0,0,0,0,0,0,0,0,0,0,0,0,0,0,0,0,0,0,0,0,0,0,0,0,0,0,0,0,0,0,0,0,0,0,0,0,0,0,0,0,,,,,,,,,,0,,,,,,,,,,,,,,,,,,,,,0,,,,,0,,,,,,,,,,,,,,,,,,,,,,,,,,,0,0,,,,,,,,,,,,0,0,0,0,,0,0,,0,0,0,0,0,,,,,,,,,,,,,,,,,,,,,,,,,,,,,,,,,,,,,,,,,,,,,,,,,,,,,,,,,,,,,,,,,,,,,,,,217.1438929
17/06/2026,60.432,25.67274686,,,14.9195861,,10.56,5.733743895,,4.653937476,,,0.273488141,21.8784,11.2128,1.569283623,,1.410580435,2.832,,0.6,0.13972,0.492728,,0.468328665,0.235642606,,0.199999999,0.24,,0.209891,0.128835022,,0.1933602,0.100000001,,,0.017568081,0.01385333,,0.013209823,0.053333338,,0.036,,,0.035120249,0.00058,0.0001295,,0.005403333,0.007787389,9.46E-08,0,0.00642,0.0057,0.00572,0.00584,,0.0057,0.00568,0.00572,0.00578,0.00568,0.00568,0.00574,0.00572,0.00572,0.00566,0.00554,,2.48E-06,,,,0.000366653,0.000038469,3.15E-06,0.001217506,0,,0.00128,,,1.53E-06,0,,,,0.000095,4.23E-05,4.79E-05,7.78E-05,,1.53E-06,0.000435019,0.000345662,0.00017863,0.000005587,1.53E-06,,,,,1.23E-06,,,1.53E-06,0.000007293,,,,,7.29E-06,0.0000075,6.12E-06,,,,,,,,,,7.70E-09,,,,,,,,,0.0000004,,,,,,,,,,,,,,,,,,,,,,,,,,,,,,,,,1.66E-08,1.66E-08,1.66E-08,,1.66E-08,1.66E-08,1.66E-08,,1.66E-08,,1.66E-08,1.66E-08,1.66E-08,1.66E-08,,1.66E-08,1.66E-08,1.66E-08,,,,,,8.30E-09,,,,,,,,,,,,,,,,,,,,,,,,,,,,,,0,0,0,0,0,0,0,0,0,0,0,0,0,0,0,0,0,0,0,0,0,0,0,0,0,0,0,0,0,0,0,0,0,0,0,0,0,0,0,0,0,0,0,,,,,,0,0,,,0,,,,,,,,,,,,,,,,,,,,,0,,,,,0,,0,,,,,,,,,,,,,,,,,0,,,,,,,,0,0,,,,,,,,,,,,0,0,0,0,,0,0,,,,,0,0,,,,,,,,,,,,,,,,,,,,,,0,,,,,,,,,,,,,,,,,,,,,,,,,,,,,,,,,,,,,,,,,,,,,,,,,,164.4305295
18/06/2026,60.432,19.13071087,,,14.9195861,,10.56,5.733743895,,4.653937476,,,0.273488141,21.8784,11.2128,1.569627068,,1.410580435,2.832,,0.6,0.09246,0.250482,,0.243138019,0.235642606,,0.199999999,0.24,,0.109549,0.128835022,,0.0904244,0.100000001,,,0.031122503,0.01385333,,0.013209823,0.053333338,,0.01284,,,0.032216218,0.00012,0.0000595,,0.005403333,0.002746219,7.52E-07,0,0.00296,0.00164,0.00164,0.00166,,0.00164,0.00168,0.00164,0.00176,0.00174,0.00192,0.00172,0.00178,0.00162,0.0018,0.00158,,2.60E-06,,,,5.37E-05,5.99E-05,2.20E-05,0.000149583,0,,0.00042,,,0.001838414,0,,,,0.000115,8.57E-05,0.000043067,7.78E-05,,1.62E-06,8.39E-06,5.63E-05,9.12E-06,1.74E-06,0.000001738,,,,,1.27E-06,,,1.66E-06,7.29E-06,,,,,7.29E-06,0.0000075,6.12E-06,,,,,,,,0.0000275,,7.70E-09,,,,,,,,,,,,,,,,,1.92E-07,,,,,,,,,,,,,,,,,,,,,,,,,1.84E-08,1.66E-08,1.66E-08,,1.66E-08,1.66E-08,1.66E-08,,1.66E-08,,1.66E-08,1.66E-08,1.66E-08,1.66E-08,1.66E-08,1.66E-08,1.66E-08,1.66E-08,,,,,,8.30E-09,,,,,,,,,,,,,,,,,,,,,,,,,,,,,,0,0,0,0,0,0,0,0,0,0,0,0,0,0,0,0,0,0,0,0,0,0,0,0,0,0,0,0,0,0,0,0,0,0,0,0,0,0,0,0,0,0,0,,,,,,0,0,,,0,,,,,,,,,,,,,,,,,,,,,0,,,,,0,,,,,,,,,,,,,,,,,,,0,,,,,,,,0,0,,,,,,,,,,,,0,0,0,0,,0,0,,,,,0,0,0,,,,,,,,,,,,,,,,,,,,,,,,,,,,,,,,,,,,,,,,,,,,,,,,,,,,,,,,,,,,,,,,,,,,,,,157.0920958
19/06/2026,60.432,10.33203165,,,14.9195861,,10.56,5.733743895,,4.653937476,,,0.273488141,21.8784,11.2128,1.56975629,,1.410580435,2.832,,0.6,0.07812,0.25633,,0.248451991,0.235642606,,0.199999999,0.24,,0.085844,0.128835022,,0.09579636,0.100000001,,,0.052046705,0.01385333,,0.013209823,0.053333338,,0.01624,,,0.033037975,0.00005,0.0000455,,0.005403333,0.003743672,1.83E-07,0,0.00672,0.00588,0.0057,0.00586,,0.00586,0.00578,0.00584,0.0057,0.00568,0.00574,0.00578,0.00586,0.0057,0.00582,0.00576,,1.73E-06,,,,2.20E-05,2.89E-05,0.00056594,0.000249962,0,,0.00016,,,0.001024126,0,,,,0.0001,9.65E-05,4.29E-05,7.78E-05,,1.48E-06,8.49E-06,1.80E-05,1.06E-05,2.43E-06,1.53E-06,,,,,1.44E-06,,,1.62E-06,7.28E-06,,,,,7.29E-06,0.0000075,6.12E-06,,,,,,,,,,7.70E-09,,0.000007,,,,,,,0.0000004,,,,,,,,,,,,,,,,,,,,,,,,,,,,,,,,,1.66E-08,1.66E-08,1.66E-08,,1.66E-08,1.66E-08,1.66E-08,,1.66E-08,,1.66E-08,1.66E-08,1.66E-08,1.66E-08,1.66E-08,1.66E-08,1.66E-08,1.66E-08,,,,,,8.30E-09,,,,,,,,,,,,,,,,,,,,,,,,,,,,,,0,0,0,0,0,0,0,0,0,0,0,0,0,0,0,0,0,0,0,0,0,0,0,0,0,0,0,0,0,0,0,0,0,0,0,0,0,0,0,0,0,0,0,,,,,,,0,,,,,,,,,,,,,,,,,,,,,,,,0,,,,,0,,,,,,,,,,,,,,,,,,,0,,,,,,,,0,0,,,,,,,,,,,,0,0,0,0,,0,0,,0,0,,0,0,0,,,,,,,,,,,,,,,,,,,,,,,,,,,,,,,,,,,,,,,,,,,,,,,,,,,,,,,,,,,,,,,,,,,,,,,148.3584392
20/06/2026,60.432,100.1494137,,,14.9195861,,10.56,5.733743895,,4.653937476,,,0.273488141,21.8784,11.2128,1.569862629,,1.410627929,2.832,,0.6,0.0653,0.508025,,0.471538558,0.235642606,,0.199999999,0.24,,0.1131405,0.128835022,,0.15527336,0.100000001,,,0.054646843,0.013722246,,0.013209823,0.053333338,,0.00856,,,0.032789404,0.00012,0.0000595,,0.005403333,0.020460946,8.36E-08,0,0.0031,0.0014,0.0014,0.0014,,0.00154,0.00144,0.00148,0.00152,0.00142,0.00148,0.00136,0.0014,0.00144,0.00136,0.0012,,2.39E-06,,,,0.000037317,0.000647954,0.000233689,0.000761043,0,,0.00044,,,0.000790237,0,,,,0.000095,0.000123071,0.000201737,7.78E-05,,1.48E-06,8.35E-06,1.23E-05,9.48E-05,0.000002462,1.49E-06,,,,,1.27E-06,,,1.41E-06,7.29E-06,,,,,7.29E-06,0.0000075,6.12E-06,,,,,,,,,,,,0.0000035,,,,,,,,,,,,,,,,,,,,,,,,,,,,,,,,,,,,,,,,3.32E-08,1.84E-08,1.66E-08,,1.66E-08,1.66E-08,1.66E-08,,1.66E-08,,1.66E-08,1.66E-08,1.66E-08,1.66E-08,1.66E-08,1.66E-08,1.66E-08,1.66E-08,,,,,,8.30E-09,,,,,,,,,,,,,,,,,,,,,,,,,,,,,,0,0,0,0,0,0,0,0,0,0,0,0,0,0,0,0,0,0,0,0,0,0,0,0,0,0,0,0,0,0,0,0,0,0,0,0,0,0,0,0,0,0,0,,,,,,,,,,,,,,,,,,,,,,,,,,,,,,,0,,,,,0,,,,,,,,,,,,,,,,,,,0,,,,,,,,0,0,,,,,,,,,,,,0,0,0,0,,0,0,,,,,0,0,,,,,,,,,,,,,,,,,,,,,,,,,,,,,,,,,,,,,,,,,,,,,,,,,,,,,,,,,,,,,,,,,,,,,,,,238.6724262
21/06/2026,60.432,125.8721241,,,14.9195861,,10.56,5.733743895,,4.653937476,,,0.273488141,21.8784,11.2128,1.570126361,,1.410627929,2.832,,0.6,0.11396,0.664019,,0.652077062,0.235642606,,0.199999999,0.24,,0.304854,0.128835022,,0.24406008,0.100000001,,,0.078655071,0.013722246,,0.013209823,0.053333338,,0.00378,,,0.032015475,0.00683,0.000161,,0.005403333,0.013156356,6.38E-08,0,0.00238,0.00156,0.00156,0.00166,,0.00172,0.00156,0.00156,0.0016,0.00154,0.00172,0.00164,0.00172,0.0016,0.00148,0.00132,,2.41E-06,,,,0.000813813,2.49E-05,5.15E-06,0.000533132,0,,0.00196,,,0.000107098,0,,,,0.000085,4.02E-05,0.000106946,7.78E-05,,0.000001572,8.50E-06,0.000238017,6.11E-05,1.71E-06,1.49E-06,,,,,2.32E-06,,0.00000968,1.62E-06,1.36E-05,,,,3.70E-09,7.29E-06,0.0000075,6.12E-06,,,,,,,,,,0.000131626,,,,,,,,,,,,,,,,,,,,,,,,,,,,,,,,,,,,,,,,,,1.66E-08,1.66E-08,1.66E-08,,1.66E-08,1.66E-08,1.66E-08,,1.66E-08,,1.66E-08,1.66E-08,1.66E-08,1.66E-08,1.66E-08,1.66E-08,1.66E-08,1.66E-08,,,,,,8.30E-09,,,,,,,,,,,,,,,,,,,,,,,,,,,,,,0,0,0,0,0,0,0,0,0,0,0,0,0,0,0,0,0,0,0,0,0,0,0,0,0,0,0,0,0,0,0,0,0,0,0,0,0,0,0,0,0,0,0,,,,,,,0,,,0,,0,,,,,,,,,,,,,,,,,,,0,,,,,0,,,,,,,,,,,,,,,,,,,,,,,,,,,0,0,,,,,,,,,,,,0,0,0,0,,0,0,,,,,0,0,0,,,,,,,0,,0,,,,,,,,,,,,,,0,,,,,,,,,,,,,,,,,,,,,,,,,,,,,,,,,,,,,,,,,,,,,,,,265.0814171
22/06/2026,60.432,93.55071619,,,14.9195861,,10.56,5.733743895,,4.653937476,,,0.273488141,21.8784,11.2128,1.570946154,,1.410664039,2.832,,0.6,0.24454,0.755679,,0.738959542,0.235642606,,0.199999999,0.24,,0.483758,0.128835022,,0.27658092,0.100000001,,,0.056721947,0.012552098,,0.015149106,0.053333338,,0.03322,,,0.017864141,0.01424,0.000105,,0.005403333,0.006595969,1.78E-07,0,0.00242,0.00184,0.0014,0.00144,,0.00156,0.0016,0.00144,0.00148,0.00152,0.00156,0.0014,0.00148,0.00158,0.00138,0.0012,,0.000001538,,,,0.001521588,3.96E-05,1.53E-06,0.000328164,0,,0.0032,,,0.000101093,0,,,,0.00011,0.000134465,0.000157142,7.78E-05,,1.48E-06,8.36E-06,0.000431646,0.000011609,3.30E-06,0.000001572,,,0.000007,,1.22E-06,,,1.40E-06,7.29E-06,,,,,7.29E-06,0.0000075,6.12E-06,,,,,,,,0.000044,,,,,,,,,,,,,,,,,,,2.56E-07,,,,,,,,,,,,,,,,,,,,,,,,,1.66E-08,1.66E-08,1.66E-08,,1.66E-08,1.66E-08,1.66E-08,,1.66E-08,,1.66E-08,1.66E-08,1.66E-08,1.66E-08,1.66E-08,1.66E-08,1.66E-08,1.66E-08,,,,,,8.30E-09,,,,,,,,,,,,,,,,,,,,,,,,,,,,,,0,0,0,0,0,0,0,0,0,0,0,0,0,0,0,0,0,0,0,0,0,0,0,0,0,0,0,0,0,0,0,0,0,0,0,0,0,0,0,0,0,0,0,,,,,,0,,,,0,,,,,,,,,,,,,,,,,,,,,0,,,,,0,,0,,,,,,,,,,,,,,,,,0,,,,,,,,0,0,,,,,,,,,,,,0,0,0,0,,0,0,,,,,0,0,0,,,,,,,,,,,,,,,,,,,,,,,,,,,,,,,,,,,,,,,,,,,,,,,,,,,,,,,,,,,,,,,,,,,,,,,233.2769754
23/06/2026,60.432,72.30444108,,,14.9195861,,10.56,5.733743895,,4.653937476,,,0.273488141,21.8784,11.2128,1.571821313,,1.410664039,2.832,,0.6,0.33354,0.671087,,0.651215844,0.235642606,,0.199999999,0.24,,0.4095685,0.128835022,,0.25366924,0.100000001,,,0.024625486,0.012552098,,0.015149106,0.053333338,,0.09454,,,0.009032245,0.01097,0.000189,,0.005403333,0.00616198,1.06E-07,0,0.0026,0.00174,0.00164,0.00172,,0.0017,0.00156,0.00176,0.00156,0.0017,0.0016,0.00156,0.00172,0.00172,0.00182,0.00136,,2.75E-06,,,,0.001204409,3.87E-05,1.62E-06,0.000092291,0,,0.00232,,,0.001200827,0,,,,0.000105,0.000183655,4.18E-05,7.78E-05,,0.000001572,8.44E-06,0.000372795,9.08E-06,1.68E-06,1.58E-06,,,0.0000035,,0.000001227,,,0.000001572,7.29E-06,,,,,7.29E-06,0.0000075,6.12E-06,,,,,,,,0.000055,,,,,,,,,,,,,,,,,,,1.28E-07,,,,,,,,,,,3.70E-09,,,,,,,,,,,,,,1.66E-08,1.82E-08,1.66E-08,,1.66E-08,1.66E-08,1.66E-08,,1.66E-08,,1.66E-08,1.66E-08,1.66E-08,1.66E-08,1.66E-08,1.66E-08,1.66E-08,1.66E-08,,,,,,8.30E-09,,,,,,,,,,,,,,,,,,,,,,,,,,,,,,0,0,0,0,0,0,0,0,0,0,0,0,0,0,0,0,0,0,0,0,0,0,0,0,0,0,0,0,0,0,0,0,0,0,0,0,0,0,0,0,0,0,0,,,,,,,0,,,0,0,,,,,,,,,,,,,,,,,,,,0,,,,,0,,,,,,,,,,,,,,,,,,,,,,,,,,,0,0,,,,,,,,,,,,0,0,0,0,,0,0,,,,,0,0,,,,,,,,,,,,0,,0,,,,,,,,,,,,,,,,,,,,,,,,,,,,,,,,,,,,,,,,,,,,,,,,,,,,,,,,,,211.8699108
24/06/2026,60.432,32.18103414,,,14.9195861,,10.56,5.733743895,,4.653937476,,,0.273488141,21.8784,11.2128,1.574020553,,1.410664039,2.832,,0.6,0.12078,0.403317,,0.388201159,0.235642606,,0.199999999,0.24,,0.2165845,0.128835022,,0.15108852,0.100000001,,,0.020252174,0.012552098,,0.015149106,0.053333338,,0.01548,,,0.037644306,0.004905,0.000413,,0.005403333,0.005757888,1.67E-07,0,0.00254,0.00152,0.00154,0.00166,,0.0015,0.00148,0.00164,0.00152,0.0015,0.00166,0.0015,0.00156,0.00148,0.00154,0.00134,,6.71E-05,,,,0.000559399,0.000058661,1.44E-06,0.000452064,0,,0.00142,,,1.62E-06,0,,,,0.00015,3.01E-05,6.18E-05,7.78E-05,,0.000001572,8.41E-06,0.000236072,0.000701239,2.49E-06,1.53E-06,,,,,1.18E-06,,,1.53E-06,7.29E-06,,,,,7.29E-06,7.50E-06,6.12E-06,,,,,,,,0.0000935,,,,,,,,,,,,,,,,,,,7.03E-07,,,,,,,,,,,,,,,,,,,,,,,,,1.66E-08,1.66E-08,1.66E-08,,1.66E-08,1.66E-08,1.66E-08,,1.66E-08,,1.66E-08,1.66E-08,1.66E-08,1.66E-08,1.66E-08,1.66E-08,1.66E-08,1.66E-08,,,,,,8.30E-09,,,,,,,,,,,,,,,,,,,,,,,,,,,,,,0,0,0,0,0,0,0,0,0,0,0,0,0,0,0,0,0,0,0,0,0,0,0,0,0,0,0,0,0,0,0,0,0,0,0,0,0,0,0,0,0,0,0,,,,,,,,,,0,,,,,,,,,,,,,,,,,,,,,0,,,,,0,,,,,,,,,,,,,,,,,,,,,,,,,,,0,0,,,,,,,,,,,,0,0,0,0,,0,0,,,,,0,0,0,,,,,,,0,,0,,,,,,,,,,,,,,,,,,,,,,,,,,,,,,,,,,,,,,,,,,,,,,,,,,,,,,,,,,,,,,170.6449502
25/06/2026,60.432,13.17150722,,,14.9195861,,10.56,5.733743895,,4.653937476,,,0.273488141,21.8784,11.2128,1.57499761,,1.410664039,2.832,,0.6,0.08424,0.271659,,0.262990957,0.235642606,,0.199999999,0.24,,0.0995665,0.128835022,,0.10069708,0.100000001,,,0.03437551,0.012552098,,0.015149106,0.053333338,,0.01702,,,0.037512866,0.00008,0.000056,,0.005403333,0.00256221,7.26E-08,0,0.00734,0.006,0.00594,0.00592,,0.00608,0.00592,0.00608,0.00594,0.00596,0.00596,0.006,0.00592,0.006,0.00598,0.00568,,2.66E-06,,,,3.42E-05,7.62E-05,1.66E-06,0.001220718,0,,0.00028,,,0.000069875,0,,,,0.0001,0.000144144,4.18E-05,7.78E-05,,0.000001572,8.53E-06,0.000036801,5.13E-05,1.64E-06,1.49E-06,,,,,1.31E-06,,,1.62E-06,7.28E-06,,,,,7.29E-06,7.50E-06,6.12E-06,,,,,,,,,,,,,,,,,,,0.0000004,,,,,,,,,,,,,0.000005,,,,,,,,,,,,,,,,,,,,3.32E-08,1.66E-08,1.66E-08,,1.66E-08,1.66E-08,1.66E-08,,1.66E-08,,1.66E-08,1.66E-08,1.66E-08,1.66E-08,1.66E-08,1.66E-08,1.66E-08,1.66E-08,,,,,,8.30E-09,,,,,,,,,,,,,,,,,,,,,,,,,,,,,,0,0,0,0,0,0,0,0,0,0,0,0,0,0,0,0,0,0,0,0,0,0,0,0,0,0,0,0,0,0,0,0,0,0,0,0,0,0,0,0,0,0,0,,,,,,,,,,,,,,,,,,,,,,,,,,,,,,,0,,,,,0,,,,,,,,,,,,,,,,,,,0,,,,,,,,0,0,,,,,,,,,,,,0,,,0,,0,0,,0,,0,0,0,,,,,,,,,,,,,,,,,,,,,,,,,,,,,,,,,,,,,,,,,,,,,,,,,,,,,,,,,,,,,,,,,,,,,,,,151.2477074
26/06/2026,60.432,8.014854111,,,14.9195861,,10.56,5.733743895,,4.653937476,,,0.273488141,21.8784,11.2128,1.575139943,,1.410664039,2.832,,0.6,0.06052,0.26941,,0.25670312,0.235642606,,0.199999999,0.24,,0.084832,0.128835022,,0.10035036,0.100000001,,,0.052857774,0.012552098,,0.015149106,0.053333338,,0.0053,,,0.03403113,0.00004,0.0000245,,0.005403333,0.006316918,0.000000055,0,0.00246,0.00138,0.00154,0.00142,,0.00148,0.0014,0.00154,0.00154,0.00144,0.00148,0.00138,0.00156,0.00156,0.0014,0.0013,,6.85E-05,,,,1.17E-05,2.57E-05,0.000001572,0.000105292,0,,0.0001,,,0.001716771,0,,,,0.000085,0.000165321,4.17E-05,7.78E-05,,1.53E-06,8.44E-06,1.12E-05,8.94E-06,2.62E-06,1.49E-06,,,0.0000035,,1.22E-06,,0.00000132,1.48E-06,7.29E-06,,,,,7.29E-06,7.50E-06,6.12E-06,,,,,,,,0.0000055,,,,,,,,,,,,,,,,,,,6.39E-08,,,,,,,,,,,,,,,,,,,,,,,,,1.66E-08,1.66E-08,1.66E-08,,1.66E-08,1.66E-08,1.66E-08,,1.66E-08,,1.66E-08,1.66E-08,1.66E-08,1.66E-08,1.66E-08,1.66E-08,1.66E-08,1.66E-08,,,,,,8.30E-09,,,,,,,,,,,,,,,,,,,,,,,,,,,,,,0,0,0,0,0,0,0,0,0,0,0,0,0,0,0,0,0,0,0,0,0,0,0,0,0,0,0,0,0,0,0,0,0,0,0,0,0,0,0,0,0,0,0,,,,,,,,,,0,,,,,,,,,,,,,,,,,,,,,0,,,,,0,,,,,,,,,,,,,,,,,,,,,,,,,,,0,0,,,,,,,,,,,,0,0,0,0,,0,0,,,,,0,0,,,,,,,,,,,,,,,,,,,,,,0,,,,,,,,,,,,,,,,,,,,,,,,,,,,,,,,,,,,,,,,,,,,,,,,,,145.9832701
27/06/2026,60.432,120.734403,,,14.9195861,,10.56,5.733743895,,4.653937476,,,0.273488141,21.8784,11.2128,1.575234623,,1.410450437,2.832,,0.6,0.06514,0.532621,,0.493134118,0.235642606,,0.199999999,0.24,,0.114521,0.128835022,,0.1699236,0.100000001,,,0.054339488,0.012552098,,0.016217117,0.053333338,,0.00484,,,0.033860807,0.000165,0.000049,,0.005403333,0.020447422,0.000000143,0,0.00228,0.00164,0.00172,0.00156,,0.0016,0.0016,0.00172,0.0018,0.0016,0.0016,0.0016,0.00164,0.00166,0.0017,0.00134,,6.59E-05,,,,3.98E-05,9.61E-05,1.11E-05,0.001419061,0,,0.00034,,,0.000215859,0,,,,0.000085,3.57E-05,4.41E-05,7.78E-05,,0.000001572,5.97E-05,1.93E-05,6.32E-05,1.58E-06,1.58E-06,2.97E-05,,,,1.22E-06,,,1.62E-06,7.29E-06,,,,,7.29E-06,7.50E-06,6.12E-06,,,,,,,,,,,,,,,,,,,,,,,,,,,,,6.80E-05,,,,,,,,,,,,,,,,,,,,,,,1.66E-08,1.66E-08,1.66E-08,,1.66E-08,1.66E-08,1.66E-08,,1.66E-08,,1.66E-08,1.66E-08,1.66E-08,1.66E-08,1.66E-08,1.66E-08,1.66E-08,1.66E-08,,,,,,8.30E-09,,,,,,,,,,,,,,,,,,,,,,,,,,,,,,0,0,0,0,0,0,0,0,0,0,0,0,0,0,0,0,0,0,0,0,0,0,0,0,0,0,0,0,0,0,0,0,0,0,0,0,0,0,0,0,0,0,0,,,,0,,,0,,,,,,,,,,,,,,,,,,,,,,0,,0,,,,,0,,0,,,,,,,,,,,,,,,,,,,,,,,,,0,0,,,,,,,,,0,,,0,0,0,0,,0,0,,,,,0,0,0,,,,,,,,,,,0,0,0,,,,,,,,,,,,,,,,,,,,,,,,,,,,,,,,,,,,,,,,,,,,,,,,,,,,,,,,,,259.3248352
28/06/2026,60.432,82.02786608,,,14.91284314,,10.56,5.733743895,,4.393476915,,,0.273488141,21.8784,11.2128,1.575467214,,1.410450437,2.832,,0.6,0.13336,0.710844,,0.692320174,0.235642606,,0.199999999,0.24,,0.3069495,0.128835022,,0.25876708,0.100000001,,,0.067635995,0.012552098,,0.016217117,0.053333338,,0.01166,,,0.031372592,0.009235,0.000133,,0.005403333,0.009567354,1.36E-07,0,0.00246,0.00152,0.0014,0.00146,,0.00148,0.00164,0.00146,0.00148,0.00152,0.0014,0.0014,0.0015,0.0014,0.0014,0.00116,,1.63E-06,,,,0.001087886,7.72E-05,1.09E-05,0.002970796,0,,0.00268,,,1.73E-06,0,,,,0.000115,0.000131289,6.45E-05,7.78E-05,,1.48E-06,9.16E-06,0.00046818,1.11E-05,1.10E-05,1.49E-06,,,,,1.78E-06,,0.00000924,1.48E-06,9.92E-06,,,,,7.29E-06,7.50E-06,6.13E-06,,,,,,,,0.000033,,,,,,,,,,,,,,,,,,,2.56E-07,,,,,,,,,,,,,,,,,,,,,,,,,1.66E-08,1.66E-08,1.66E-08,,1.66E-08,1.66E-08,1.66E-08,,1.66E-08,,1.66E-08,1.66E-08,1.66E-08,1.66E-08,1.66E-08,1.66E-08,1.66E-08,1.66E-08,,,,,,8.30E-09,,,,,,,,,,,,,,,,,,,,,,,,,,,,,,0,0,0,0,0,0,0,0,0,0,0,0,0,0,0,0,0,0,0,0,0,0,0,0,0,0,0,0,0,0,0,0,0,0,0,0,0,0,0,0,0,0,0,,,,,,,,,,,,,,,,,,,,,,,,,,,,,,,0,,,,,0,,,,,,,,,,,,,,,,,,,0,,,,,,,,0,0,,,,,,,,,,,,0,0,0,0,,0,0,,,,,0,0,0,,,,,,,,,,,,,,,,,,,,,,,0,,,,,,,,,,,,,,,,,,,,,,,,,,,,,,,,,,,,,,,,,,,,,,,,221.0968421
29/06/2026,60.432,132.9267118,,,14.88721989,,10.56,5.733743895,,3.612095232,,,0.273488141,21.8784,11.2128,1.576213203,,1.41002647,2.832,,0.6,0.18116,0.7698,,0.754772553,0.235642606,,0.199999999,0.24,,0.4699695,0.128835022,,0.2862068,0.100000001,,,0.055371772,0.011387445,,0.020446828,0.053333338,,0.03872,,,0.031500997,0.00777,0.0001505,,0.005403333,0.010041667,1.50E-07,0,0.00268,0.00156,0.0016,0.00174,,0.00172,0.00174,0.0017,0.00156,0.0018,0.0017,0.00156,0.00176,0.00156,0.00158,0.00138,,0.000002512,,,,0.000928443,5.02E-05,0.000001572,0.000291045,0,,0.0025,,,0.001055738,0,,,,0.000105,0.000039383,0.000416099,7.78E-05,,0.000001572,8.40E-06,0.00038447,1.10E-05,2.56E-06,1.62E-06,,,0.000007,,1.22E-06,,0.00000968,0.000001572,1.18E-05,,0.000586943,,,7.29E-06,7.50E-06,6.12E-06,,,,,,,,0.0000275,,7.70E-09,,,,,,,,,,,,,,,,,2.56E-07,,,,,,,,,,,,,,,,,,,,,,,,,1.66E-08,1.66E-08,1.66E-08,,1.66E-08,1.66E-08,1.66E-08,,1.66E-08,,1.66E-08,1.66E-08,1.66E-08,1.66E-08,1.66E-08,1.66E-08,1.66E-08,1.66E-08,,,,,,8.30E-09,,,,,,,,,,,,,,,,,,,,,,,,,,,,,,0,0,0,0,0,0,0,0,0,0,0,0,0,0,0,0,0,0,0,0,0,0,0,0,0,0,0,0,0,0,0,0,0,0,0,0,0,0,0,0,0,0,0,,,,,,,0,,,,,,,,,,,,,,,,,,,,,,,,0,,,,,0,,,,,,,,,,,,,,,,,,,0,,,,,,,,0,0,,,,,,,,,,,0,0,0,0,0,,0,0,,,,,0,0,,,,,,,,,,,,,,,,,,,,,,,,,,,,,,,,,0,0,,,,,,,,,,,,,,,,,,,,,,,,,,,,,,,,,,,,,,271.5673958
30/06/2026,60.432,77.6302098,,,14.93374684,,10.64072222,5.733743895,,3.612095232,,,0.273488141,21.8784,11.2128,1.570093445,,1.41002647,3.186,1.100670228,0.61455139,0.23136,0.688061,,0.669322005,0.235642606,,0.199999999,0.24050001,,0.4709925,0.128835022,,0.25459808,0.100000001,,0.3,0.032905129,0.010098307,,0.022782223,0.053333338,,0.05798,,,0.034063789,0.00698,0.000854,,0.005403333,0.006171128,0.033625556,0.032835741,0.00284,0.00144,0.0015,0.00152,,0.00148,0.00144,0.00166,0.00154,0.00156,0.00168,0.0015,0.00154,0.00144,0.00164,0.00134,,0.000001629,,,,0.00079417,4.79E-05,1.53E-06,0.003809692,0,,0.00202,,,0.000365917,0,,,,0.00011,1.00E-04,4.10E-06,7.78E-05,,0.000001572,8.44E-06,0.000171128,9.86E-06,1.59E-06,1.58E-06,2.82E-05,,0.0000035,,1.36E-06,,0.00013772,1.48E-06,0.00001378,,,,,7.29E-06,0.0000075,6.12E-06,,,,,,0.000000003,,0.0000275,,,,0.0000035,0.000000004,,,,,,,,,,,,,,1.92E-07,,,,,,,,,,,,,,,,,,,,,,,,,3.48E-08,1.66E-08,1.66E-08,,1.66E-08,1.66E-08,1.66E-08,,1.66E-08,,1.66E-08,1.66E-08,1.66E-08,1.66E-08,1.66E-08,1.66E-08,1.66E-08,1.66E-08,,,,,,8.30E-09,,,,,,,,,,,,,,,,,,,,,,,,,,,,,,0,0,0,0,0,0,0,0,0,0,0,0,0,0,0,0,0,0,0,0,0,0,0,0,0,0,0,0,0,0,0,0,0,0,0,0,0,0,0,0,0,0,0,,,,0,,,,,,0,,,,,,,0,,,,,,,,,,,,,,0,,,,,0,,,,,,,,,,,,,,,,,,,0,,,,,,,,0,0,,,,,,,,,0,,,0,0,0,0,,0,0,,,,,0,0,0,,,,,,,,,,,,,,,,,,0,,,,,0,,,,,,,,,,,,0,,,,,,,,,,,,,,,,,,,,,,,,,,,,,,,,,,,,218.0767766
1/07/2026,60.432,2.386832153,721.24,,17.29265822,654.9775004,10.21935484,5.548784415,,3.495576038,,,0.273488141,21.8784,11.2128,1.393795528,,1.364541746,2.832,,0.6,0.22452,0.668246,,0,0.228041232,,0.193548386,0.24,,0.1844095,0.124679054,,0.27201548,0.096774192,,,0.010829262,0.009413359,,0.022698031,0.051612902,,0.04708,,,0.031196904,0.013375,0.0004305,,0.005229032,0.005186724,0.000000143,0,0.00252,0.00172,0.0017,0.00166,,0.00166,0.00186,0.0016,0.00172,0.00172,0.0016,0.00162,0.00166,0.00164,0.0016,0.00134,,0.000002615,,,,0,3.38E-05,9.45E-05,0.00020511,0,,0,,,0.000306034,0,,,,0.000095,3.15E-05,0.000037993,7.52E-05,,0.000001572,0.000008528,0.000150453,1.12E-05,2.52E-06,0.00000158,,,0.000119,,1.73E-06,,,1.44E-06,7.29E-06,,,,,7.29E-06,7.51E-06,6.12E-06,,,,,,,,0.0000055,,7.70E-09,,,,,,,,,,,,,,,,,6.39E-08,,,,,,,,,,,,,,,,,,,,,,,,,1.66E-08,1.66E-08,1.66E-08,,1.66E-08,1.66E-08,1.66E-08,,1.66E-08,,1.66E-08,1.66E-08,1.66E-08,1.66E-08,1.66E-08,1.66E-08,1.66E-08,1.66E-08,,,,,,8.30E-09,,,,,,,,,,,,,,,,,,,,,,,,,,,,,,0,0,0,0,0,0,0,0,0,0,0,0,0,0,0,0,0,0,0,0,0,0,0,0,0,0,0,0,0,0,0,0,0,0,0,0,0,0,0,0,0,0,0,,,,,,,0,,,0,,,,,,,0,,,,,,,,,,,,,,0,,,,,0,,,0,,,,,,,,,,,,,,,,,,,,,,,,0,0,,,,,,,,,,,,0,0,0,0,,0,0,,,,,0,0,0,,,,,,,,,,,,,,,,,,,,,,,,,,,,,,,,,,,,,,,,,,,,,,,,,,,,,,,,,,,,,,,,,,,,,,,1517.603851
2/07/2026,60.432,19.73030339,,,17.64752812,,10.21935484,5.548784415,,3.495576038,,,0.273488141,21.8784,11.2128,1.518926006,,1.364541746,2.832,,0.6,0.18286,0.601035,,0,0.228041232,,0.193548386,0.24,,0.095546,0.124679054,,0.24587948,0.096774192,,,0.030016354,0.011625825,,0.01868994,0.051612902,,0.01956,,,0.0301775,0.01252,0.0000665,,0.005229032,0.005073529,6.38E-08,0,0.00204,0.00148,0.00152,0.0014,,0.0014,0.00192,0.00144,0.0014,0.00158,0.00144,0.0014,0.00154,0.0014,0.00146,0.00124,,6.73E-05,,,,0,6.70E-05,3.94E-05,0.000122561,0,,0,,,4.70E-05,0,,,,0.000085,2.82E-05,4.56E-05,7.52E-05,,1.48E-06,8.36E-06,5.14E-05,8.94E-06,1.71E-06,1.48E-06,,,0.0000525,,1.27E-06,,,1.44E-06,7.29E-06,,,,,7.29E-06,7.50E-06,6.12E-06,,,,,,,,,,,,0.000007,,,,,,,,,,,,,,,,,,,,,,,,,,,,,,,,,,,,,,,,1.66E-08,1.66E-08,1.66E-08,,1.66E-08,1.66E-08,1.66E-08,,1.66E-08,,1.66E-08,1.66E-08,1.66E-08,1.66E-08,1.66E-08,1.66E-08,1.66E-08,1.66E-08,,,,,,8.30E-09,,,,,,,,,,,,,,,,,,,,,,,,,,,,,,0,0,0,0,0,0,0,0,0,0,0,0,0,0,0,0,0,0,0,0,0,0,0,0,0,0,0,0,0,0,0,0,0,0,0,0,0,0,0,0,0,0,0,,,,,,,,,,0,0,,,,,,0,,,,,,,,,,,,,,0,,,,,0,,0,,,,,,,,,,,,,,,,,,,,,,,,,0,0,,,,,,,,,,,,0,0,0,0,,0,0,,0,,0,0,0,,,,,,,,,,,,0,,0,,,,,,,,,,,,,,,,,,,,,,,,,,,,,,,,,,,,,,,,,,,,,,,,,,,,,,,,,,158.970039
3/07/2026,,24.55011063,,,17.64752812,,10.21935484,5.548784415,,3.495576038,,,73.6896,21.8784,11.2128,1.519102569,,1.364541746,2.832,,0.6,0.14612,0.699543,,0,0.228041232,,0.193548386,0.24,,0.102124,0.124679054,,0.2894892,0.096774192,,,0.055458035,0.011625825,,0.01868994,0.051612902,,0.05014,,,0.029449063,0.00485,0.0000385,,0.005229032,0.004613755,1.03E-07,0,0.00574,0.00508,0.00512,0.00502,,0.00516,0.00562,0.00498,0.00514,0.0051,0.00502,0.00498,0.00516,0.00508,0.0051,0.00484,,2.76E-06,,,,0,8.87E-05,1.34E-05,0.000269688,0,,0,,,0.000001791,0,,,,0.0001,2.87E-05,0.000042717,7.52E-05,,3.26E-06,8.88E-06,5.14E-05,9.25E-06,2.53E-06,1.66E-06,,,0.000084,,1.62E-06,,,1.66E-06,7.29E-06,,,,,7.29E-06,7.50E-06,6.12E-06,,,,,,,,,,7.70E-09,,,,,,,,,,,,,,,,,,,,,,,,,,,,,,,,,,,,,,,,,,1.66E-08,1.66E-08,1.66E-08,,1.66E-08,1.66E-08,1.66E-08,,1.66E-08,,1.66E-08,1.66E-08,1.66E-08,1.66E-08,1.66E-08,1.66E-08,1.66E-08,1.66E-08,,,,,,8.30E-09,,,,,,,,,,,,,,,,,,,,,,,,,,,,,,0,0,0,0,0,0,0,0,0,0,0,0,0,0,0,0,0,0,0,0,0,0,0,0,0,0,0,0,0,0,0,0,0,0,0,0,0,0,0,0,0,0,0,,,,,,,0,,,,,,,,,,,,,,,,,,,,,,,,0,,,,,0,,,,,,,,,,,,,,,,,,,0,,,,,,,,0,0,,,,,,,,,,,,0,0,0,0,,0,0,,,,,0,0,,,,,,,,,,,,,,,,,,,,,,,,,,,,,,,,,,,,,,,,,,,,,,,,,,,,,,,,,,,,,,,,,,,,,,,,176.9877804
4/07/2026,,136.383082,,,17.64752812,,10.87741935,5.548784415,,3.495576038,,,73.6896,21.8784,11.2128,1.519288419,,1.364541746,3.835,11.6249603,0.68435972,0.0785,0.885321,,0,0.228041232,,0.193548386,0.240083335,,0.1293985,0.124679054,,0.31599568,0.096774192,,1.02,0.063080354,0.011625825,,0.01868994,0.051612902,,0.00452,,,0.028374833,0.00053,0.0008855,,0.005229032,0.011829461,0.015356983,0,0.0026,0.0014,0.00138,0.00142,,0.00144,0.0011,0.0014,0.00138,0.00156,0.00148,0.00158,0.00148,0.0014,0.00148,0.00142,,0.000015336,,,,0,0.000114517,2.53E-05,0.00059047,0,,0,,,1.86E-06,0,,,,0.00008,3.66E-05,0.000244362,7.52E-05,,1.53E-06,8.35E-06,2.53E-05,4.91E-05,2.37E-06,1.53E-06,9.77E-05,,,,1.18E-06,,0.00000176,1.48E-06,8.26E-06,,,,,7.29E-06,7.50E-06,6.12E-06,,,,,,,,,,0.000113062,,0.0000035,,,,,,,,,,,,,,,,,,0.000000011,,,,,,,,,,,,,,,,,,,,,,1.66E-08,1.66E-08,1.66E-08,,1.66E-08,1.66E-08,1.66E-08,,,,1.66E-08,1.66E-08,1.66E-08,1.66E-08,1.66E-08,1.66E-08,1.66E-08,1.66E-08,,,,,,8.30E-09,,,,,,,,,,,,,,,,,,,,,,,,,,,,,,0,0,0,0,0,0,0,0,0,0,0,0,0,0,0,0,0,0,0,0,0,0,0,0,0,0,0,0,0,0,0,0,0,0,0,0,0,0,0,0,0,0,0,,,,,,,0,,,0,0,,,,,,,,,,,,,,,,,,,,0,,,,,0,,,,,,,0,,,,,,,,,,,,0,,,,,,,,0,0,,,,,,,,,0,,,0,,,0,,0,0,,,,,0,0,0,,,,,,,,,,,,,,,,,,,,,,,,,,,,,,,,,,,,,,,,,,,,,,,,,,,,,,,,,,,,,,,,,,,,,,,303.3094563
5/07/2026,,107.8333333,,,17.64752812,,10.77490681,5.548784415,,3.495576038,,,73.6896,21.8784,11.2128,1.519673496,,1.364541746,3.717,9.749659392,0.67284028,0.18614,0.72466,,0,0.228041232,,0.193548386,0.24008472,,0.326854,0.124679054,,0.26173796,0.096774192,,0.9,0.067743366,0.011620476,,0.018699631,0.051612902,,0.00378,,,0.028395151,0.013965,0.0007735,,0.005229032,0.013492383,0.004410606,0,0.0024,0.0016,0.00164,0.00162,,0.00176,0.00168,0.00174,0.00168,0.00166,0.00164,0.00158,0.00164,0.00164,0.0016,0.00134,,1.80E-06,,,,0,0.000120061,1.10E-05,0.001101945,0,,0,,,6.44E-05,0,,,,0.00009,3.62E-05,0.000550175,7.52E-05,,1.66E-06,8.52E-06,0.000174503,1.07E-05,2.46E-06,1.66E-06,1.32E-05,,,,1.31E-06,,,1.62E-06,8.85E-06,,,,,7.29E-06,7.50E-06,6.12E-06,,,,,,,,,,,,,,,,,,,,,,,,,,,,,,,,,,,,,,,,,,,,,,,,,,,,3.32E-08,1.66E-08,1.66E-08,,1.66E-08,1.66E-08,1.66E-08,,1.66E-08,,1.66E-08,1.66E-08,1.66E-08,1.66E-08,1.66E-08,1.66E-08,1.66E-08,1.66E-08,,,,,,8.30E-09,,,,,,,,,,,,,,,,,,,,,,,,,,,,,,0,0,0,0,0,0,0,0,0,0,0,0,0,0,0,0,0,0,0,0,0,0,0,0,0,0,0,0,0,0,0,0,0,0,0,0,0,0,0,0,0,0,0,,,,,,,,,,,,,,,,,,,,,,,,,,,,,,,0,,,,,0,,,,,,,,,,,,,,,,,,,0,,,,,,,,0,0,,,,,,,,,0,,,0,0,0,0,,0,0,,,,,0,0,,,,,,,,,,,,,,,,0,0,,,,,,,,,,,,,,,,,,,,,,,,,,,,,,,,,,,,,,,,,,,,,,,,,,,,,,,272.6344017
6/07/2026,,86.82807455,,,17.64752812,,10.26580645,5.548784415,,3.495576038,,,73.6896,21.8784,11.2128,1.520736095,,1.365318215,3.54,,0.713540285,0.46082,0.813876,,0.808504969,0.228041232,,0.193548386,0.18428195,,0.487674,0.124679054,0.301011322,0.30478668,0.092741934,,,0.05112504,0.009477419,,0.018699631,0.063302617,,0.09208,,,0.032605861,0.013865,0.0181335,,0.005229032,0.012148111,1.10E-06,0,0.00166,0.00144,0.00156,0.00154,,0.00144,0.00144,0.00156,0.00158,0.00154,0.00156,0.0014,0.00148,0.00144,0.00154,0.00124,,1.35E-05,,,,0.001478395,5.30E-05,1.90E-06,0.000212504,0,,0,,,7.82E-05,0,,,,0.00014,2.82E-05,4.40E-05,7.52E-05,,1.53E-06,8.40E-06,0.000232641,1.12E-05,1.58E-06,0.000001687,,,0.000098,,1.27E-06,,,1.44E-06,7.29E-06,,,,,7.29E-06,0.0000075,6.12E-06,,,,,,,,0.000066,,,,0.000007,,,,,,,0.0000044,,,,,,,,7.03E-07,,,,,,,,,,,,,,,,,,,,,0.000005,,,,6.58E-08,1.66E-08,1.66E-08,,1.66E-08,1.66E-08,1.66E-08,,,,1.66E-08,1.66E-08,1.66E-08,1.66E-08,1.66E-08,1.66E-08,1.66E-08,1.66E-08,,,,,,8.30E-09,,,,,,,,,,,,,,,,,,,,,,,,,,,,,,0,0,0,0,0,0,0,0,0,0,0,0,0,0,0,0,0,0,0,0,0,0,0,0,0,0,0,0,0,0,0,0,0,0,0,0,0,0,0,0,0,0,0,,,,0,,,,,,0,,,,,,,,,,,,,,,,,,,,,0,,,,,0,,,,,,,,,,,,,,,,,,,,,,,,,,,0,0,,,,,,,,,,,,0,0,0,0,,0,0,,0,0,0,0,0,0,,,,,,,,,,,,,,,,,,,,,,,,,,,,,,,,,,,,,,,,,,,,,,,,,,,,,,,,,,,,,,,,,,,,,,,242.0478113
7/07/2026,,73.2650193,,,17.64752812,,10.31225806,5.548784415,,3.495576038,,,73.6896,21.8784,11.2128,1.521873172,,1.365318215,4.248,,0.84,0.56818,0.744558,,0.733947852,0.228041232,,0.193548386,0.12,,0.3445805,0.124679054,0.6336,0.28901972,0.096774192,,,0.05618681,0.009477419,,0.018699631,0.077419354,,0.08372,,,0.030110418,0.014005,0.038493,,0.005229032,0.004912082,5.72E-07,0,0.007,0.00684,0.00686,0.00682,,0.00696,0.00688,0.00698,0.00698,0.00694,0.00682,0.00682,0.00694,0.00698,0.00694,0.00666,,7.69E-06,,,,0.001264704,0.001424908,1.31E-05,0.001149782,0,,0,,,3.20E-06,0,0.001061181,,,0.00015,2.86E-05,0.000448349,7.52E-05,,1.75E-06,8.57E-06,0.000160597,1.05E-05,5.22E-06,1.75E-06,,,0.0000385,,1.66E-06,,,1.70E-06,7.30E-06,,,,,7.29E-06,7.50E-06,7.29E-05,,,,,,,,0.0000825,,,,0.000007,,,,,,4.84E-06,0.0000076,,,,,,,,9.84E-07,,,,,,,,,,,,,,,,,,,,,,,,,1.66E-08,1.66E-08,1.66E-08,,1.66E-08,1.66E-08,1.66E-08,,1.66E-08,,1.66E-08,1.66E-08,1.66E-08,1.66E-08,1.66E-08,1.66E-08,1.66E-08,1.66E-08,,,,,,8.30E-09,,,,,,,,,,,,,,,,,,,,,,,,,,,,,,0,0,0,0,0,0,0,0,0,0,0,0,0,0,0,0,0,0,0,0,0,0,0,0,0,0,0,0,0,0,0,0,0,0,0,0,0,0,0,0,0,0,0,,,,,,,,,0,0,,,,,,,0,,,,,,,,,,,,,,0,,,,,0,,0,,,,,,,,,,,,,,,,,0,,,,,,,,0,0,,,,,,,,,,,,0,0,0,0,,0,0,,,,,0,0,0,,0,0,0,,,,,,,,,,,,,,,,,,,,,,,,,,,,,,,,,,,,,,,,,,,,,,,,,,,,,,,,,,,,,,,,,,,229.5498148
8/07/2026,,20.86172257,,,17.64752812,,10.31225806,5.548784415,,3.495576038,,,73.6896,21.8784,11.2128,1.522092148,,1.365318215,4.248,,0.84,0.57278,0.617229,,0.599162233,0.228041232,,0.193548386,0.12,,0.133309,0.124679054,0.6336,0.25561712,0.096774192,,,0.022499838,0.009477419,,0.018699631,0.077419354,,0.12254,,,0.033081443,0.013175,0.037856,,0.005229032,0.003945331,1.01E-06,0,0.00682,0.00624,0.00634,0.00588,,0.00636,0.00658,0.00618,0.00608,0.00612,0.0061,0.00614,0.00636,0.00608,0.00598,0.00608,,4.07E-06,,,,0.001182587,8.35E-05,3.43E-05,0.000283509,0,,0,,,0.000001553,0,0.000439095,,,0.00015,3.27E-05,0.00050746,7.52E-05,,1.48E-06,8.35E-06,0.000127747,1.24E-05,0.000001464,1.54E-06,,,0.000245,,1.40E-06,,,1.44E-06,0.000056238,,,,,7.29E-06,7.50E-06,6.12E-06,,,,,,,,0.0000275,,,,0.0000035,,,,,,,0.0000004,,,,,,,,6.00E-07,,,,,,,,,,,,,,,,,,,,,,,,,1.66E-08,1.66E-08,1.66E-08,,1.66E-08,1.66E-08,1.66E-08,,1.66E-08,,1.66E-08,1.66E-08,1.66E-08,1.66E-08,1.66E-08,1.66E-08,1.66E-08,1.66E-08,,,,,,8.30E-09,,,,,,,,,,,,,,,,,,,,,,,,,,,,,,0,0,0,0,0,0,0,0,0,0,0,0,0,0,0,0,0,0,0,0,0,0,0,0,0,0,0,0,0,0,0,0,0,0,0,0,0,0,0,0,0,0,0,,,,,,,,,0,0,,,,,,,,,,,,,,,,,,,,,0,,,,,0,,,,0,,,,,,,,,,,,,,,,,,,,,,,0,0,,,,,,,,,,,,0,0,0,0,,0,0,,,,,0,0,0,,,,0,,,0,,0,,,,,,,,,,,,,,,,,,,,,,,,,,,0,,,,,,,,,,,,,,,,,,,,,,,,,,,,,,,,,,,176.6373882
9/07/2026,,8.709745628,,,17.64752812,,10.31225806,5.548784415,,3.495576038,,,73.6896,21.8784,11.2128,1.522197831,,1.365704111,4.248,,0.84,0.3992,0.507187,,0.483435288,0.228041232,,0.193548386,0.12,,0.0982355,0.124679054,0.6336,0.205128,0.096774192,,,0.043419431,0.008412347,,0.018699631,0.077419354,,0.01822,,,0.026529942,0.013665,0.0373415,,0.005229032,0.005929134,3.48E-07,0,0.00674,0.00584,0.0058,0.00586,,0.00586,0.0058,0.00582,0.00588,0.00592,0.00598,0.00582,0.00586,0.0058,0.00578,0.00564,,7.08E-05,,,,0.001147132,5.89E-05,1.58E-06,4.04E-05,0,,,,,1.75E-06,0,0.000286272,,,0.000115,2.95E-05,5.75E-05,7.52E-05,,1.66E-06,0.000008492,2.40E-06,9.44E-06,3.55E-06,1.62E-06,0.001492384,,,,1.27E-06,,,1.58E-06,7.28E-06,,,,,7.29E-06,0.0000075,6.12E-06,,,,,,0.000000006,,0.000011,,,,,3.70E-09,,,3.70E-09,,,0.0000004,,,,,,,,1.92E-07,,,,,,,,,,,,,,,,,,,,,,,,,1.66E-08,1.66E-08,1.66E-08,,1.66E-08,1.66E-08,1.66E-08,,1.66E-08,3.70E-09,1.66E-08,1.66E-08,1.66E-08,1.66E-08,1.66E-08,1.66E-08,1.66E-08,1.66E-08,,,,,,8.30E-09,,,,,,,,,,,,,,,,,,,,,,,,,,,,,3.70E-09,0,0,0,0,0,0,0,0,0,0,0,0,0,0,0,0,0,0,0,0,0,0,0,0,0,0,0,0,0,0,0,0,0,0,0,0,0,0,0,0,0,0,0,,,,0,,0,0,,,,,,,,,,0,,,,,,,0,,,,,,0,0,,,,,0,,,,,,,,,,,,,,,,,,,0,,,,,,,,0,0,,,,,,,,,0,,,0,0,0,0,,0,0,,,,,0,0,,,,,0,,,,,,,,,,,,,,,,,,,,,,,,,,,,,,,,0,0,,,,,,,,,,,,,,,,,,,,,,,,,,,,,,,,,,163.9071352
10/07/2026,,10.74969655,,,17.64752812,,10.31225806,5.548784415,,3.495576038,,,73.6896,21.8784,11.2128,1.522345176,,1.366118395,4.248,,0.84,0.36166,0.483541,,0.45767853,0.228041232,,0.193548386,0.12,,0.092873,0.124679054,0.6336,0.19645428,0.096774192,,,0.057238092,0.007268922,,0.018699631,0.077419354,,0.01118,,,0.030652202,0.008795,0.037429,,0.005229032,0.002209154,2.11E-07,0,0.00452,0.0033,0.0034,0.00332,,0.00334,0.00334,0.0033,0.00316,0.00332,0.00344,0.00342,0.00334,0.0033,0.00326,0.00306,,2.53E-06,,,,0.000740769,6.95E-05,2.16E-06,0.000969464,0,,0,,,1.62E-06,0,,,,0.000095,3.00E-05,5.27E-05,7.52E-05,,1.66E-06,8.48E-06,5.11E-06,9.78E-06,4.46E-06,1.66E-06,,,,,1.27E-06,,,1.66E-06,7.29E-06,,,,,7.29E-06,7.51E-06,6.12E-06,,,,,,,,,,,,,,,,,,,,,,,,,,,,,,,,,,,,,,,,,,,,,,,,,,,,3.32E-08,1.66E-08,1.66E-08,,1.66E-08,1.66E-08,1.66E-08,,1.66E-08,,1.66E-08,1.66E-08,1.66E-08,1.66E-08,1.66E-08,1.66E-08,1.66E-08,1.66E-08,,,,,,8.30E-09,,,,,,,,,,,,,,3.70E-09,,,,,,,,,,,,,,,,0,0,0,0,0,0,0,0,0,0,0,0,0,0,0,0,0,0,0,0,0,0,0,0,0,0,0,0,0,0,0,0,0,0,0,0,0,0,0,0,0,0,0,,,,,,0,,,,,,,,,,,,,,,,,,,,,,,,,0,,,,,0,,,,,,,,,,,,,,,,,,,,,,,,,,,0,0,,,,,,,,,,,,0,0,0,0,,0,0,,,,,0,0,,,,,,,,,,,,,,,,,,,,,,,,,,,,,,,,,,,,,0,,,,,,,,,,,,,,,,,,,,,,,,,,,,,,,,,,,165.8089986
11/07/2026,,163.1802754,,,17.64752812,,10.97032258,5.548784415,,3.495576038,,,73.6896,21.8784,11.2128,1.52254334,,1.366236847,4.248,11.62458,0.84,0.41914,0.72663,,0.688077457,0.228041232,,0.193548386,0.12,,0.1392655,0.124679054,0.6336,0.27251356,0.096774192,,1.02,0.075879611,0.009601874,,0.013881011,0.077419354,,0.0099,,,0.030215637,0.014315,0.038339,,0.005229032,0.021158509,0.024387164,0,0.0049,0.0042,0.00414,0.00418,,0.00418,0.00428,0.00428,0.004,0.00416,0.0042,0.00416,0.00424,0.00416,0.00426,0.00408,,5.09E-06,,,,0.00122222,0.000228282,3.32E-06,0.00075437,0,,0,,,1.62E-06,0,3.55E-05,,,0.000095,3.29E-05,6.30E-05,7.52E-05,,1.70E-06,8.58E-06,6.38E-06,3.38E-05,2.67E-06,1.70E-06,,,,,1.81E-06,,,1.70E-06,7.29E-06,,,,,7.29E-06,7.50E-06,6.12E-06,,,,,,,,,,,,,,,,,,,0.0000004,,,,,,,,,,,,,,,,,,,,,,,,,,,,,,,,,1.66E-08,1.66E-08,1.66E-08,,1.66E-08,1.66E-08,1.66E-08,,1.66E-08,,1.66E-08,1.66E-08,1.66E-08,1.66E-08,1.66E-08,1.66E-08,1.66E-08,1.66E-08,,,,,,8.30E-09,,,,,,,,,,,,,,,,,,,,,,,,,,,,,,0,0,0,0,0,0,0,0,0,0,0,0,0,0,0,0,0,0,0,0,0,0,0,0,0,0,0,0,0,0,0,0,0,0,0,0,0,0,0,0,0,0,0,,,,,,,0,,,0,,,,,,,,,,,,,,,,,,,,,0,,,,,0,,,,,,,,,,,,,,,,,,,,,,,,,,,0,0,,,,,,,,,,,,0,0,0,0,,0,0,,,,,0,0,0,,,,0,,,,,,,,,,,,,,,,,,,,,,,,,,,,,,,,0,,,,,,,,,,,,,,,,,,,,,,,,,,,,,,,,,,,332.2732661
12/07/2026,,142.5589094,,,17.64752812,,10.86717563,5.548784415,,3.495576038,,,73.6896,21.8784,11.2128,1.522890605,,1.366622605,4.248,9.75042,0.84,0.40768,0.804565,,0.782698389,0.228041232,,0.193548386,0.12,,0.3567135,0.124679054,0.6336,0.30109244,0.096774192,,0.9,0.071011125,0.009592578,,0.011969059,0.077419354,,0.0056,,,0.028550913,0.014155,0.0382375,,0.005229032,0.007611864,0.001961968,0,0.00198,0.00154,0.00158,0.0014,,0.0014,0.0014,0.00148,0.0012,0.00174,0.0014,0.00144,0.00158,0.00162,0.00144,0.00116,,2.24E-06,,,,0.00139332,3.06E-05,1.53E-06,0.000453575,0,,0,,,6.55E-05,0,0.000142833,,,0.000085,0.00010218,0.0001226,7.52E-05,,1.62E-06,5.64E-05,0.000251533,9.64E-06,1.61E-06,1.53E-06,,,,,1.14E-06,,,1.53E-06,7.73E-06,,,,0.000000012,7.29E-06,0.0000075,6.13E-06,,,,,,0.000000003,,,,5.43E-05,,,3.70E-09,,,,,,,,,,,,,,,,,,,,,,,,,,,,,,,,,,,,,,,1.66E-08,1.66E-08,1.66E-08,,1.66E-08,1.66E-08,1.66E-08,,1.66E-08,,1.66E-08,1.66E-08,1.66E-08,1.66E-08,1.66E-08,1.66E-08,1.66E-08,1.66E-08,,,,,,8.30E-09,,,,,,,,,,,,,,3.70E-09,,,,0.000000011,7.30E-09,,,,,,,,,,,0,0,0,0,0,0,0,0,0,0,0,0,0,0,0,0,0,0,0,0,0,0,0,0,0,0,0,0,0,0,0,0,0,0,0,0,0,0,0,0,0,0,0,,,,0,,0,0,,,0,0,0,,,,,0,,0,,,,,0,,,,,,0,0,,,,0,0,,0,,,,,,,0,,,,,,,,,,,,,,,,,,0,0,,,,,,,,,,,,0,0,0,0,,0,0,,,,,0,0,0,,,,0,,,,,,,,,,,,,,,,,,,,,,,,,,,,,,,,0,0,,,,,,,,,,,,,,,,,,,,,,,,,,,,,,,,,,309.8726803
13/07/2026,52.647,93.42478566,,15.246,17.64752812,,10.31225806,5.548784415,,3.495576038,,,9.731133603,2.766127277,11.2128,1.523677238,,1.366622605,4.248,,0.84,0.3994,1.110539,,1.054870168,0.228041232,,0.193548386,0.12,,0.434489,0.124679054,0.6336,0.4376416,0.092741934,,,0.054832442,0.009592578,,0.011969059,0.077419354,,0.02394,,,0.024399405,0.012685,0.037478,,0.005229032,0.013158769,7.59E-07,0,0.00286,0.0016,0.00158,0.00174,,0.00168,0.00168,0.00174,0.00194,0.00172,0.00172,0.00176,0.00178,0.0016,0.00156,0.00152,,3.72E-06,,,,0.00127932,8.81E-05,0.000001791,0.000332125,0,,0,,,0.000207679,0,0.000115489,,,0.000095,4.31E-05,0.000174216,7.52E-05,,1.75E-06,8.62E-06,0.000250159,8.56E-06,6.89E-06,1.71E-06,,,0.000021,,1.40E-06,,0.0000044,1.70E-06,7.20E-06,,,,,7.21E-06,7.51E-06,6.12E-06,,,,,,,,,,,,,,,,,,,,,,,,,,,,,,,,,,,,,,,,,,,,,,,,,,,,1.84E-08,1.66E-08,1.66E-08,,1.66E-08,1.66E-08,1.66E-08,,1.66E-08,,1.66E-08,1.66E-08,1.66E-08,1.66E-08,1.66E-08,1.66E-08,1.66E-08,1.66E-08,,,,,,8.30E-09,,,,,,,,,,,,,,,,,,,,,,,,,,,,,,0,0,0,0,0,0,0,0,0,0,0,0,0,0,0,0,0,0,0,0,0,0,0,0,0,0,0,0,0,0,0,0,0,0,0,0,0,0,0,0,0,0,0,,,,,,,,,,,,,,,,,,,,,,,,,,,,,,,0,,,,,0,,,,,,,,,,,,,,,,,,,,,,,,,,,0,0,,,,,,,,,,,,0,0,0,0,,0,0,,,,,0,0,,,,0,0,,,,,,,,,,,,,,,,,,,,,,,,,,,,,,,,0,,,,,,,,,,,,,,,,,,,,,,,,,,,,,,,,,,,235.139778
14/07/2026,60.168,71.13718084,,17.424,17.64722217,,10.31225806,5.548784415,,3.598078887,,,0.594209832,0.035802602,11.2128,1.524519224,,1.366622605,4.248,,0.84,0.3989,0.811167,,0.764112286,0.228041232,,0.193548386,0.12,,0.305503,0.124679054,0.6336,0.32388048,0.096774192,,,0.026917317,0.008553656,,0.013851164,0.077419354,,0.0088,,,0.025014968,0.01331,0.037555,,0.005229032,0.008064808,0.000000242,0,0.00252,0.00148,0.00166,0.0015,,0.0014,0.00148,0.00166,0.00154,0.00144,0.00154,0.00168,0.00156,0.00154,0.00144,0.0015,,2.60E-06,,,,0.001245724,9.72E-05,1.62E-06,0.001016858,0,,0,,,1.49E-06,0,1.45E-05,,,0.000085,0.000028175,1.49E-06,7.52E-05,,1.62E-06,8.36E-06,0.000148524,3.46E-05,2.46E-06,1.59E-06,0.00129366,,,,1.45E-06,,,1.52E-06,7.29E-06,,,,,7.29E-06,0.0000075,6.12E-06,,,,,,,,,,,,,,,,,,,,,,,,,,,,,,,,,,,,,,,,,,,,,,,,,,,,1.66E-08,1.66E-08,1.66E-08,,1.66E-08,1.66E-08,1.66E-08,,1.66E-08,,1.66E-08,1.66E-08,1.66E-08,1.66E-08,1.66E-08,1.66E-08,1.66E-08,1.66E-08,,,,,,8.30E-09,,,,,,,,,,,,,,,,,,,,,,,,,,,,,,0,0,0,0,0,0,0,0,0,0,0,0,0,0,0,0,0,0,0,0,0,0,0,0,0,0,0,0,0,0,0,0,0,0,0,0,0,0,0,0,0,0,0,,,,,,,,,,0,,,,,,,,,,,,,,,,,,,,,0,,,,,0,,,,,,,,,,,,,,,,,,,,,,,,,,,0,0,,,,,,,,,0,,,0,0,0,0,,0,0,,0,0,0,0,0,,,,,0,,,,,,,,,,,,,,,,,,,,,,,,,,,,,,,,0,,,,,,,,,,,,,,,,,,,,,,,,,,,,,,,,,,,209.9104319
15/07/2026,60.168,21.68137139,,17.424,17.56356752,,10.31225806,5.548784415,,4.714297135,,,0.594209832,0.035802602,11.2128,1.52509291,,1.366622605,4.248,,0.83998889,0.46406,0.765827,,0.713696392,0.228041232,,0.193548386,0.120083335,,0.154429,0.124679054,0.633423991,0.3179066,0.096774192,,,0.024373958,0.008553656,,0.013851164,0.077419354,,0.04184,,,0.025666023,0.01279,0.037737,,0.005229032,0.005245266,3.43E-07,0,0.00332,0.00172,0.0016,0.00172,,0.00186,0.0016,0.00176,0.00158,0.00174,0.00182,0.00176,0.00166,0.00168,0.0018,0.00158,,3.88E-06,,,,0.001144028,0.000718925,1.66E-06,0.00014109,0,,0,,,1.75E-06,0,0.00133515,,,0.000125,3.15E-05,2.37E-06,7.52E-05,0.000000003,1.70E-06,8.62E-06,7.59E-05,9.16E-06,3.73E-06,1.67E-06,,,0.0000035,,1.71E-06,,0.00001144,1.66E-06,7.29E-06,,,,,7.29E-06,7.50E-06,6.12E-06,,,,,,,,0.000044,,7.70E-09,,,,,,,,,0.0000012,,,,,,,,4.80E-07,,,,,,,,,,,,,,,,,,,,,,,,,3.32E-08,1.84E-08,1.66E-08,,1.66E-08,1.66E-08,1.66E-08,,1.66E-08,,1.66E-08,1.66E-08,1.66E-08,1.66E-08,1.66E-08,1.66E-08,1.66E-08,1.66E-08,,,,,,8.30E-09,,,,,,,,,,,,,,,,,,,,,,,,,,,,,,0,0,0,0,0,0,0,0,0,0,0,0,0,0,0,0,0,0,0,0,0,0,0,0,0,0,0,0,0,0,0,0,0,0,0,0,0,0,0,0,0,0,0,0,,,,,,0,,,0,,,,,,,,,,,,,,,,,,,,,0,,,,,0,,,,,,,,,,,,,,,,,,,0,,,,,,,,0,0,,,,,,,,,,,,0,0,0,0,,0,0,,,,,0,0,0,,,,0,,,,,,,,,,,,,,,,,,,,,,,,,,,,,,,,0,,,,,,,,,,,,,,,,,,,,,,,,,,,,,,,,,,,161.3309442
16/07/2026,60.168,56.45456535,,17.424,17.56356752,,10.31225806,5.548784415,,4.714297135,,,0.594209832,0.035802602,11.2128,1.525385662,,1.366583653,4.248,,0.84,0.41124,0.879703,,0.81339777,0.228041232,,0.193548386,0.12,,0.1544345,0.124679054,0.6336,0.36412552,0.096774192,,,0.0406122,0.008553656,,0.014045928,0.077419354,,0.02036,,,0.026421772,0.01384,0.0373695,,0.005229032,0.004725266,3.83E-07,0,0.00664,0.0059,0.0058,0.00578,,0.00586,0.0058,0.00594,0.0059,0.00594,0.00592,0.00576,0.00574,0.00588,0.00582,0.00588,,2.43E-06,,,,0.00118798,0.000744936,1.53E-06,0.00011405,0,,0,,,1.53E-06,0,0.000083323,,,0.0001,3.34E-05,1.62E-06,7.52E-05,,1.48E-06,8.35E-06,3.42E-05,9.03E-06,1.99E-06,1.45E-06,,,,4.92E-05,1.49E-06,,,1.48E-06,7.29E-06,,,,,7.29E-06,7.50E-06,6.12E-06,,,,,,,,,,7.70E-09,,,,,,,,,0.0000004,,,,,,,,,,,,,,,,,,,,,,,,,,,,,,,,,1.66E-08,1.66E-08,1.66E-08,,1.66E-08,1.66E-08,1.66E-08,,1.66E-08,,1.66E-08,1.66E-08,1.66E-08,1.66E-08,1.66E-08,1.66E-08,1.66E-08,1.66E-08,,,,,,8.30E-09,,,,,,,,,,,,,,,,,,,,,,,,,,,,,,0,0,0,0,0,0,0,0,0,0,0,0,0,0,0,0,0,0,0,0,0,0,0,0,0,0,0,0,0,0,0,0,0,0,0,0,0,0,0,0,0,0,0,,,,,,,0,,,0,,,,,,,,,,,,,,,,,,,,,0,,,,,0,,,,,,,,,,,,,,,,,,,,,,,,,,,0,0,,,,,,,,,,,,0,0,0,0,,0,0,,0,0,0,0,0,0,,,,0,,,,,,0,,,,,,,,,,,,,,,,,,,,,,,,,,0,,,,,,,,,,,,,,,,,,,,,,,,,,,,,,,,,,,196.3674186
17/07/2026,60.168,14.32765972,,17.424,17.56356752,,10.31225806,5.548784415,,4.714297135,,,0.594209832,0.035802602,11.2128,1.525554338,,1.366583653,4.248,,0.84,0.33596,0.828676,,0.757520938,0.228041232,,0.193548386,0.12,,0.087692,0.124679054,0.6336,0.34539164,0.096774192,,,0.061850778,0.008553656,,0.014045928,0.077419354,,0.00728,,,0.029617528,0.00719,0.037338,,0.005229032,0.002576865,2.11E-07,0,0.00254,0.00164,0.00168,0.00164,,0.00168,0.00176,0.0016,0.0016,0.00174,0.00176,0.00176,0.00174,0.00174,0.00172,0.00168,,4.48E-06,,,,0.000603173,0.000045655,0.020444583,0.000384049,0,,0,,,0.000222352,0,0.000130167,,,0.00009,3.14E-05,7.77E-06,7.52E-05,,1.66E-06,8.60E-06,4.60E-06,9.79E-05,0.000003781,1.67E-06,,,,0.000119113,1.68E-06,,,0.000001572,7.29E-06,,,,,7.29E-06,0.000007509,6.12E-06,,,,,,,,,,,,,,,,,,,,,,,,,,,,,,,,,,,,,,,,,,,,,,,,,,,,1.66E-08,1.66E-08,1.66E-08,,3.32E-08,1.66E-08,1.66E-08,,1.66E-08,,1.66E-08,1.66E-08,1.66E-08,1.66E-08,1.66E-08,1.66E-08,1.66E-08,1.66E-08,,,,,,8.30E-09,,,,,,,,,,,,,,,,,,,,,,,,,,,,,,0,0,0,0,0,0,0,0,0,0,0,0,0,0,0,0,0,0,0,0,0,0,0,0,0,0,0,0,0,0,0,0,0,0,0,0,0,0,0,0,0,0,0,,,,,,,,,,,,,,,,,,,,,,,,,,,,,,,0,,,,,0,,0,,,,,,,,,,,,,,,,,,,,,,,,,0,0,,,,,,,,,,,,0,0,0,0,,0,0,,0,0,0,0,0,0,,,0,0,,,,,,0,,,,,,,,,,,,,,,,,,,,,,,,,,0,,,,,,,,,,,,,,,,,,,,,,,,,,,,,,,,,,,153.9330899
18/07/2026,60.168,125.5848097,,17.424,17.56356752,,10.97032258,5.548784415,,4.714297135,,,0.594209832,0.035802602,11.2128,1.5257441,,1.366583653,4.248,11.62306015,0.84,0.378,1.061346,,0.97559585,0.228041232,,0.193548386,0.12,,0.113113,0.124679054,0.6336,0.41695676,0.096774192,,1.02,0.100869157,0.008553656,,0.014045928,0.077419354,,0.01612,,,0.027760449,0.00841,0.0382585,,0.005229032,0.012660492,0.024287449,0,0.00242,0.00144,0.00156,0.00154,,0.00144,0.00156,0.00144,0.00148,0.00148,0.0014,0.00158,0.0014,0.0014,0.0014,0.00146,,0.002514575,,,,0.000735461,4.40E-05,7.76E-06,0.000581668,0,,0,,,3.40E-06,0,0.000201215,,,0.000095,3.40E-05,7.06E-06,7.52E-05,,1.53E-06,8.61E-06,0.000019949,5.86E-05,1.54E-06,1.48E-06,,,,0.000004839,1.53E-06,,,1.48E-06,7.81E-06,,2.39E-05,,,7.29E-06,0.0000075,6.12E-06,,,,,,,,,,7.70E-09,,0.0000035,,,,,,,,,,,,,,,,,,,,,,,,,,,,,,,,,,,,,,,,1.66E-08,1.82E-08,1.66E-08,,1.66E-08,1.66E-08,1.66E-08,,1.66E-08,,1.66E-08,1.66E-08,1.66E-08,1.66E-08,1.66E-08,1.66E-08,1.66E-08,1.66E-08,,,,,,8.30E-09,,,,,,,,,,,,,,,,,,,,,,,,,,,,,,0,0,0,0,0,0,0,0,0,0,0,0,0,0,0,0,0,0,0,0,0,0,0,0,0,0,0,0,0,0,0,0,0,0,0,0,0,0,0,0,0,0,0,,,,,,0,0,,,0,,,,,,,,,,,,,,,,,,,,,0,,,,,0,,,,,,,,,,,,,,,,,,,,,,,,,,,0,0,,,,,,,,,,,0,0,0,0,0,,0,0,,0,0,0,0,0,0,,,,0,,,,,,0,,,,,,,,,,,,,,,,,,,,,,,,,,0,,,,,,,,,,,,,,,,,,,,,,,,,,,,,,,,,,,279.1427055
19/07/2026,60.168,60.11681279,,17.424,17.56356752,,10.86705376,5.548784415,,4.714297135,,,0.594209832,0.035802602,11.2128,1.526109325,,1.366583653,4.248,9.75079962,0.84,0.4065,0.868973,,0.84643018,0.228041232,,0.193548386,0.12,,0.3047715,0.124679054,0.6336,0.32910592,0.096774192,,0.9,0.078887489,0.008553656,,0.014045928,0.077419354,,0.00538,,,0.028752862,0.01433,0.0380695,,0.005229032,0.011226472,0.001722123,0,0.00264,0.00158,0.00174,0.00164,,0.00164,0.0016,0.00158,0.00162,0.00174,0.0016,0.0016,0.00174,0.00174,0.0016,0.00158,,1.66E-06,,,,0.001365743,8.08E-05,5.03E-06,0.000529353,0,,0,,,0.00244754,0.000941077,1.45E-05,,,0.00009,3.16E-05,8.96E-05,7.52E-05,,0.000001572,8.70E-06,0.000151658,1.11E-05,2.42E-06,1.58E-06,1.23E-06,,,,1.62E-06,,,1.54E-06,7.29E-06,,,,,0.000085406,0.000007509,6.12E-06,,,,,,,,,,,,,,,,,,,,,,,,,,,,,,,,,,,,,,,,,,,,,,,,,,,,1.66E-08,1.66E-08,1.66E-08,,1.66E-08,1.66E-08,1.66E-08,,1.66E-08,,1.66E-08,1.66E-08,1.66E-08,1.66E-08,1.66E-08,1.66E-08,1.66E-08,1.66E-08,,,,,,8.30E-09,,,,,,,,,,,,,,,,7.30E-09,,,,,,,,,,,,,,0,0,0,0,0,0,0,0,0,0,0,0,0,0,0,0,0,0,0,0,0,0,0,0,0,0,0,0,0,0,0,0,0,0,0,0,0,0,0,0,0,0,0,,,,,,,,,,0,,,,,,,,,,,,,,,,,,,,,0,,,,,0,,,,,,,,,,,,,,,,,,,,,,,,,,,0,0,,,,,,,,,0,,,0,0,0,0,,0,0,,,,,0,0,0,,,,0,0,,,,,,,,,,,,,,,,,,,,,,,,,,,,,,,0,,,,,,,,,,,,,,,,,,,,,,,,,,,,,,,,,,,211.3444607
20/07/2026,60.168,108.1964185,,17.424,17.56356752,,10.31225806,5.548784415,,4.714297135,,,0.594209832,0.035802602,11.2128,1.52703456,,1.366583653,4.248,,0.84,0.39946,0.957741,,0.931522556,0.228041232,,0.193548386,0.12,,0.4823995,0.124679054,0.6336,0.36761164,0.096774192,,,0.112397437,0.008553656,,0.014045928,0.077419354,,0.00948,,,0.030789131,0.01365,0.037555,,0.005229032,0.009030802,1.17E-07,0.051612902,0.003,0.0014,0.00138,0.00158,,0.00156,0.00154,0.00148,0.00156,0.00154,0.0016,0.00154,0.0014,0.0014,0.0013,0.0014,,4.40E-06,,,,0.001406068,0.001470649,1.48E-06,0.000258025,0,,0,,,6.87E-05,0.003225806,0.000180201,,,0.00009,3.18E-05,5.06E-06,7.52E-05,,1.53E-06,8.61E-06,0.000286302,4.18E-05,5.16E-06,1.53E-06,,,0.0000035,,1.48E-06,,,1.47E-06,7.28E-06,,,,,7.29E-06,7.50E-06,6.12E-06,,,,,,,,,,,,,,,,,,,,,,,,,,,,,,,,0.000005,,,,,,,,,,,,,,,,,,,,3.32E-08,1.66E-08,1.66E-08,,1.66E-08,1.66E-08,1.66E-08,,1.66E-08,,1.66E-08,1.66E-08,1.66E-08,1.66E-08,1.66E-08,1.66E-08,1.66E-08,1.66E-08,,,,,,8.30E-09,,,,,,,,,,,,,,,,,,,,,,,,,,,,,,0,0,0,0,0,0,0,0,0,0,0,0,0,0,0,0,0,0,0,0,0,0,0,0,0,0,0,0,0,0,0,0,0,0,0,0,0,0,0,0,0,0,0,,,,,,,,,,,,,,,,,,,,,,,,,,,,,,,0,,,,,0,,,,,,,,,,,,,,,,,,,0,,,,,,,,0,0,,,,,,,,,,,,0,0,0,0,,0,0,,0,0,0,0,0,0,,,,0,,,,,,,,,,,,,,,,,0,,,,,,,,,,,,,,,0,,,,,,,,,,,,,,,,,,,,,,,,,,,,,,,,,,,248.6877794
21/07/2026,60.168,118.4725854,,17.424,17.56356752,,10.31225806,5.548784415,,4.714297135,,,0.594209832,0.035802602,11.2128,1.528025331,,1.366583653,4.248,,0.84,0.41646,0.86402,,0.827368028,0.228041232,,0.193548386,0.12,,0.447315,0.124679054,0.6336,0.3340084,0.096774192,,,0.180131529,0.008553656,,0.014045928,0.077419354,,0.01876,,,0.028741541,0.01367,0.0373975,,0.005229032,0.007350041,1.91E-07,0.051612902,0.0026,0.00164,0.00162,0.00174,,0.00176,0.00168,0.00162,0.00162,0.0017,0.00174,0.00158,0.00164,0.00172,0.00158,0.00158,,4.66E-06,,,,0.001500762,0.003033463,1.70E-06,0.000239568,0,,0.00088,,,0.000860466,0.003225806,0.000425972,,,0.000085,0.000029123,1.66E-06,7.52E-05,,0.000001572,8.61E-06,0.000251541,9.08E-06,3.53E-06,1.58E-06,,,,4.82E-06,1.58E-06,,,0.000001572,7.29E-06,,,,,7.29E-06,0.0000075,6.12E-06,,,,,,,,,,,,,,,,,,,,,,,,,,,,,,,,,,,,,,,,,,,,,,,,,,,,1.66E-08,1.66E-08,1.66E-08,,1.66E-08,1.66E-08,1.66E-08,,1.66E-08,,1.66E-08,1.66E-08,1.66E-08,1.66E-08,1.66E-08,1.66E-08,1.66E-08,1.66E-08,,,,,,8.30E-09,,,,,,,,,,,,,,,,,,,,,,,,,,,,,,0,0,0,0,0,0,0,0,0,0,0,0,0,0,0,0,0,0,0,0,0,0,0,0,0,0,0,0,0,0,0,0,0,0,0,0,0,0,0,0,0,0,0,,,,,,,,,,0,,,,,,,,,,,,,,,,,,,,,0,,,,,0,,,,,,,,,,,,,,,,,,,0,,,,,,,,0,0,,,,,,,,,,,,0,0,0,0,,0,0,,0,0,0,0,0,,,,,0,,,,,,0,,,,,,,,,,,,,,,,,,,,,,,,,,0,,,,,,,,,,,,,,,,,,,,,,,,,,,,,,,,,,,258.7941357
22/07/2026,60.168,26.89777368,,17.424,17.56356752,,10.31225806,5.548784415,,4.714297135,,,0.594209832,0.035802602,11.2128,1.528619509,,1.366583653,4.248,,0.84,0.60488,0.834723,,0.781840492,0.228041232,,0.193548386,0.12,,0.198594,0.124679054,0.6336,0.34170224,0.096774192,,,0.109090701,0.008553656,,0.014045928,0.077419354,,0.08876,,,0.029567383,0.013535,0.0374045,,0.005229032,0.005404336,0.00000022,0.051612902,0.00216,0.00142,0.0014,0.00144,,0.0014,0.00152,0.00142,0.0014,0.00144,0.00156,0.00158,0.00144,0.00144,0.00148,0.00144,,1.62E-06,,,,0.001237626,0.000873919,1.48E-06,0.000113334,0,,0.0009,,,1.48E-06,0.003225806,0.00055908,,,0.0001,6.28E-05,1.58E-06,7.52E-05,,1.53E-06,8.56E-06,0.00009668,9.63E-06,4.23E-06,0.000001572,,,0.0000035,,1.53E-06,,,1.48E-06,7.29E-06,,,,,7.29E-06,7.50E-06,6.12E-06,,,,,,,,0.000022,,,,,,,,,,,,,,,,,,,1.92E-07,,,,,,,,,,,,,,,,,,,,,,,,,1.66E-08,1.66E-08,1.66E-08,,1.66E-08,1.66E-08,1.66E-08,,1.66E-08,,1.66E-08,1.66E-08,1.66E-08,1.66E-08,1.66E-08,1.66E-08,1.66E-08,1.66E-08,,,,,,8.30E-09,,,,,,,,,,,,,,,,,,,,,,,,,,,,,,0,0,0,0,0,0,0,0,0,0,0,0,0,0,0,0,0,0,0,0,0,0,0,0,0,0,0,0,0,0,0,0,0,0,0,0,0,0,0,0,0,0,0,,,,,,,0,,,,,,,,,,,,,,,,,,,,,,,,0,,,,,0,,0,,,,,,,,,,,,,,,,,,,,,,,,,0,0,,,,,,,,,,,,0,0,0,0,,0,0,,0,0,0,0,0,0,,,,0,,,,,,,,,,,,,,,,,,,,,,,,,,,,,,,,0,,,,,,,,,,,,,,,,,,,,,,,,,,,,,,,,,,,167.0835754
23/07/2026,60.168,16.11867947,,17.424,17.56356752,,10.31225806,5.548784415,,4.714297135,,,0.594209832,0.035802602,11.2128,1.52897213,,1.366583653,4.248,,0.84,0.365,0.791381,,0.728768857,0.228041232,,0.193548386,0.12,,0.1239865,0.124679054,0.6336,0.3223704,0.096774192,,,0.089789802,0.008553656,,0.014045928,0.077419354,,0.0238,,,0.027110839,0.007905,0.037639,,0.005229032,0.002844235,2.55E-07,0.051612902,0.00676,0.00588,0.00602,0.0059,,0.00596,0.00584,0.00582,0.00582,0.00592,0.0059,0.00594,0.00608,0.00594,0.00594,0.00586,,3.20E-06,,,,0.000690262,0.00045515,0.000093324,0.000158809,0,,0.00058,,,1.62E-06,0.003225806,0.000722019,,,0.00011,0.000129265,1.62E-06,7.52E-05,,1.62E-06,8.71E-06,2.42E-05,9.81E-06,0.000271628,1.62E-06,,,0.0000035,,1.70E-06,,0.00024728,1.66E-06,7.28E-06,,,,,7.29E-06,0.0000075,6.12E-06,,,,,,,,,,,,0.000007,,,,,,,0.0000004,,,,,,,,,,,,,,,,,,,,,,,,,,,,,,,,,1.66E-08,1.66E-08,1.66E-08,,1.66E-08,1.66E-08,1.66E-08,,1.66E-08,,1.66E-08,1.66E-08,1.66E-08,1.66E-08,1.66E-08,1.66E-08,1.66E-08,1.66E-08,,,,,,8.30E-09,,,,,,,,,,,,,,,,,,,,,,,,,,,,,,0,0,0,0,0,0,0,0,0,0,0,0,0,0,0,0,0,0,0,0,0,0,0,0,0,0,0,0,0,0,0,0,0,0,0,0,0,0,0,0,0,0,0,,,,,,,,,,,,,,,,,,,,,,,,,,,,,,,0,,,,,0,,,,,,,,,,,,,,,,,,,,,,,,,,,0,0,,,,,,,,,,,,0,0,0,0,,0,0,,,,,0,0,,,,,0,,,,,,,,,,,,,,,,,,,,,,,,,,,,,,,,0,0,,,,,,,,,,,,,,,,,,,,,,,,,,,,,,,,,,155.8464884
24/07/2026,60.168,11.00811271,,17.424,17.56356752,,10.31225806,5.548784415,,4.714297135,,,0.594209832,0.035802602,11.2128,1.529342856,,1.366497968,4.248,,0.84,0.40576,0.768351,,0.70927923,0.228041232,,0.193548386,0.12,,0.1013155,0.124679054,0.6336,0.31812484,0.096774192,,,0.087301746,0.008553656,,0.014474352,0.077419354,,0.0094,,,0.029657285,0.01431,0.0373905,,0.005229032,0.003239835,2.68E-07,0.051612902,0.00292,0.00164,0.00164,0.0017,,0.00174,0.00164,0.0018,0.00164,0.00166,0.00178,0.0018,0.00156,0.0017,0.00156,0.00166,,5.36E-06,,,,0.001201043,0.001855393,1.66E-06,0.0002065,0,,0.00004,,,1.66E-06,0.003225806,0.00117091,,,0.000085,0.000661186,1.62E-06,7.52E-05,,1.70E-06,8.70E-06,0.000005558,9.17E-06,3.29E-06,1.63E-06,2.55E-06,,,4.82E-06,1.70E-06,,,1.62E-06,7.29E-06,,,,,7.29E-06,0.0000075,6.12E-06,,,,,,,,,,,,,,,,,,3.60E-05,,,,,,,,,,,,,,,,,,,,,,,,,,,,,,,,,,1.66E-08,1.66E-08,1.66E-08,,1.66E-08,1.66E-08,1.66E-08,,1.66E-08,,1.66E-08,1.66E-08,1.66E-08,1.66E-08,1.66E-08,1.66E-08,1.66E-08,1.66E-08,,,,,,8.30E-09,,,,,,,,,,,,,,,,,,,,,,,,,,,,,,0,0,0,0,0,0,0,0,0,0,0,0,0,0,0,0,0,0,0,0,0,0,0,0,0,0,0,0,0,0,0,0,0,0,0,0,0,0,0,0,0,0,0,,,,,,,,,,,,,,,,,,,,,,,,,,,,,,,0,,,,,0,,,,,,,,,,,,,,,,,,,0,,,,,,,,0,0,,,,,,,,,0,,,0,0,0,0,,0,0,0,,,,0,0,0,,,0,0,,,,,,0,,,,,,,,,,,0,,,,,,,,,,,,,,,0,,,,,,,,,,,,,,,,,,,,,,,,,,,,,,,,,,,150.6388121
25/07/2026,60.168,157.0817833,,17.424,17.56356752,,10.97032258,5.548784415,,4.714297135,,,0.594209832,0.035802602,11.2128,1.5295241,,1.366497968,4.248,11.6241997,0.84,0.43286,0.841773,,0.809760694,0.228041232,,0.193548386,0.12,,0.1519375,0.124679054,0.6336,0.28849348,0.096774192,,1.02,0.095981789,0.008553656,,0.014474352,0.077419354,,0.01362,,,0.027050363,0.01435,0.0384825,,0.005229032,0.021825379,0.042667454,0.051612902,0.00298,0.0016,0.00158,0.00166,,0.00162,0.0016,0.00174,0.00158,0.00174,0.00164,0.00168,0.00174,0.00168,0.00174,0.00174,,3.58E-06,,,,0.001251222,0.000054982,4.48E-06,0.000706468,0,,0.00062,,,3.10E-06,0.003225806,2.90E-05,,,0.000095,0.000192328,0.000174873,7.52E-05,,1.66E-06,8.84E-06,3.89E-05,0.000103344,0.000003786,1.67E-06,,,,2.19E-06,2.26E-06,,0.00001188,1.66E-06,0.000007896,,,,3.94E-05,0.000110938,0.0000075,6.12E-06,,,,,,,,,,,,,,,,,,,,,,,,,,,,,,,,,,,,,,,,,,,,,,,,,,,,3.48E-08,1.66E-08,1.66E-08,,1.66E-08,1.66E-08,1.66E-08,,1.66E-08,,1.66E-08,1.66E-08,1.66E-08,1.66E-08,1.66E-08,1.66E-08,1.66E-08,1.66E-08,,,,,,8.30E-09,,,,,,,,,,,,,,,,,,,,,,,,,,,,,,0,0,0,0,0,0,0,0,0,0,0,0,0,0,0,0,0,0,0,0,0,0,0,0,0,0,0,0,0,0,0,0,0,0,0,0,0,0,0,0,0,0,0,,,,,,,,,,0,,0,,,,,,,,,,,,,,,,,,,0,,,,,0,,,,,,,,,,,,,,,,,,,0,,,,,,,,0,0,,,,,,,,,,,,0,0,0,0,,0,0,,,,,0,0,,,,,0,,,0,,0,0,,,,,,,,,,,,,,0,,,,,,,,,,,,0,,,,,,,,,,,,,,,,,,,,,,,,,,,,,,,,,,,310.3076279
26/07/2026,60.168,102.5862565,,17.424,17.56356752,,10.86712186,5.548784415,,4.714297135,,,0.594209832,0.035802602,11.2128,1.529920497,,1.366457055,4.248,9.749850228,0.84,0.35544,0.756492,,0.749486195,0.228041232,,0.193548386,0.12,,0.377322,0.124679054,0.6336,0.27359332,0.096774192,,0.9,0.085402877,0.008553656,,0.014678916,0.077419354,,0.0064,,,0.026570412,0.00776,0.038108,,0.005229032,0.008778778,0.024671161,0.051612902,0.00228,0.00144,0.00156,0.00146,,0.00148,0.00144,0.0014,0.00148,0.00144,0.0014,0.0014,0.00158,0.0014,0.0014,0.0014,,2.33E-06,,,,0.000890133,9.92E-05,2.80E-06,0.0004476,0,,0.00224,,,1.48E-06,0.003225806,0.001000808,,,0.000085,3.09E-05,0.000073356,7.52E-05,,1.48E-06,8.60E-06,0.000186327,9.04E-06,3.93E-06,1.48E-06,,,,5.21E-05,1.53E-06,,,1.48E-06,7.25E-05,,,,,7.29E-06,0.0000075,6.12E-06,,,,,,,,,,,,,,,,,,4.82E-06,,,,,,,,,,,,,,,,,,,,,,,,,,,,,,,,,,1.66E-08,1.66E-08,1.66E-08,,1.66E-08,1.66E-08,1.66E-08,,1.66E-08,,1.66E-08,1.66E-08,1.66E-08,1.66E-08,1.66E-08,1.66E-08,1.66E-08,1.66E-08,,,,,,8.30E-09,,,,7.40E-09,,,,,,,,,,,,,,,,,,,,7.30E-09,,,,,,0,0,0,0,0,0,0,0,0,0,0,0,0,0,0,0,0,0,0,0,0,0,0,0,0,0,0,0,0,0,0,0,0,0,0,0,0,0,0,0,0,0,0,,,,,,,,,,0,,,,,,,,,,0,,,0,,,,,,,,0,,,,,0,,,,,,,,,,,,,,,,,,,0,,,,,,,,0,0,,,,,,,,,,,,0,0,0,0,,0,0,0,,,,0,0,0,,,0,0,,,0,,0,0,0,,0,,,,,,,,,,,,,,,,,,,,,,,0,,,,,,,,,,,,,,,,,,,,,,,,,,,,,,,,,,,253.6443283
27/07/2026,60.168,78.08930639,,17.424,17.56356752,,10.31225806,5.548784415,,4.714297135,,,0.594209832,0.035802602,11.2128,1.531175744,,1.366842964,4.248,,0.84,0.44714,0.916,,0.901297029,0.228041232,,0.193548386,0.12,,0.432476,0.124679054,0.6336,0.35383348,0.096774192,,,0.100953177,0.008059072,,0.013645357,0.077419354,,0.03086,,,0.0281308,0.01366,0.0374955,,0.005229032,0.008476032,0.000001308,0.051612902,0.00216,0.00184,0.00166,0.00172,,0.00172,0.00178,0.00168,0.00162,0.00182,0.0016,0.00174,0.00162,0.00168,0.00158,0.00176,,3.73E-06,,,,0.00140467,0.000137288,1.83E-06,0.0021132,0,,0.0023,,,2.42E-06,0.003225806,0.003681235,,,0.000095,0.000106743,0.000259521,7.52E-05,,1.66E-06,8.68E-06,0.000318597,4.35E-05,5.05E-06,1.66E-06,,,0.0000035,0.000427137,1.70E-06,,0.00001232,1.66E-06,7.74E-06,,,,,7.29E-06,0.0000075,6.12E-06,,,,,,,,0.000011,,,,0.0000035,,,,,,2.14E-05,,,,,,,,,1.28E-07,,,,,,,,,,,,,,,,,,,,,,,,,1.66E-08,1.66E-08,1.66E-08,,1.66E-08,1.66E-08,1.66E-08,,1.66E-08,,1.66E-08,1.66E-08,1.66E-08,1.66E-08,1.66E-08,1.66E-08,1.66E-08,1.66E-08,,,,,,8.30E-09,,,,,,,,,,,,,,,,,,,,,,,,,,,,,,0,0,0,0,0,0,0,0,0,0,0,0,0,0,0,0,0,0,0,0,0,0,0,0,0,0,0,0,0,0,0,0,0,0,0,0,0,0,0,0,0,0,0,,,,,,,0,,,0,,,,,,,,,,,,,,,,,,,,,0,,,,,0,,0,,,,,,,,,,,,,,,,,0,,,,,,,,0,0,,,,,,,,,,,,0,0,0,0,,0,0,0,,,,0,0,,,,0,0,,,0,,0,0,,,,,,,,,,,,,,,,,,,,,,,,,,0,,,,,,,,,,,,,,,,,,,,,,,,,,,,,,,,,,,218.5122537
28/07/2026,60.168,84.90331522,,17.424,17.60564936,,10.32351971,5.548784415,,4.714297135,,,0.594209832,0.035802602,11.0385087,1.532369136,0.214133146,1.366397769,4.248,,0.84077222,0.44854,1.001823,,0.971689384,0.228041232,,0.193548386,0.120083335,,0.549835,0.124679054,0.6336,0.38640844,0.096774192,,,0.1168642,0.008059072,,0.015871331,0.077419354,,0.02706,,,0.029028701,0.014035,0.03787,,0.005229032,0.005322287,9.78E-07,0.051612902,0.00234,0.0014,0.00158,0.00152,,0.00148,0.00144,0.00158,0.00148,0.0014,0.00152,0.0014,0.00148,0.0014,0.00158,0.00166,,2.46E-06,,,,0.001414049,0.000818355,1.44E-06,0.000499216,0,,0.00252,,,0.000001499,0.003225806,0.002380531,,,0.00009,5.39E-05,2.94E-06,7.52E-05,,1.48E-06,8.39E-06,0.000253732,0.000009041,1.48E-06,1.49E-06,7.80E-07,,0.0000035,0.000104218,0.000001667,,0.00000528,0.000001572,7.29E-06,,,,,7.28E-06,0.0000075,6.12E-06,,,,0.001490266,,,,,,7.70E-09,,0.0000105,,,7.71E-05,,,2.89E-05,,,,,,,,,,,,,,,,,,,,,,,,,,,,,,,,,,1.66E-08,1.66E-08,1.66E-08,,1.66E-08,1.66E-08,1.66E-08,,1.66E-08,,1.66E-08,1.66E-08,1.66E-08,1.66E-08,1.66E-08,1.66E-08,1.66E-08,1.66E-08,,,,,,8.30E-09,,,,,,,,,,,,,,,,,,,,,,,,,,,,,,0,0,0,0,0,0,0,0,0,0,0,0,0,0,0,0,0,0,0,0,0,0,0,0,0,0,0,0,0,0,0,0,0,0,0,0,0,0,0,0,0,0,0,,,,,,,0,,,0,,,,,,,,0,,,,,,,,,,,,,0,,,,,0,,,,,,,,,,,,,,,,,,,0,,,,,,,,0,0,,,,,,,,,0,,,0,0,0,0,,0,0,0,,,,0,0,0,0,,0,0,,,0,,0,0,0,,0,,,,,,,,,,,,,,,,,,,,,,,0,,0,0,,,,,,,,,,,,,,,,,,,,,,,,,,,,,,,,225.7375275
29/07/2026,60.168,16.0618894,,17.424,16.91341291,,10.62193548,5.548784415,,4.428949495,,,0.594209832,0.035802602,,1.534829032,10.1376,1.365866684,4.248,,0.84,0.63436,0.826709,,0.786709711,0.228041232,,0.193548386,0.12,,0.22077,0.124679054,0.6336,0.3367716,0.096774192,,,0.175606406,0.010227426,,0.014598578,0.077419354,,0.0822,,,0.028808538,0.01383,0.0390355,,0.005229032,0.004129716,2.46E-07,0.051612902,0.00266,0.0016,0.00174,0.0016,,0.00164,0.00164,0.00186,0.00174,0.00158,0.00158,0.0017,0.00174,0.0016,0.00158,0.00178,,3.68E-06,,,,0.001231562,0.001171224,1.70E-06,0.000204703,0,,0.00178,,,0.000941834,0.003225806,0.004732995,,,0.000105,0.000126651,0.000001668,7.52E-05,,0.000001791,8.48E-06,4.69E-05,8.64E-06,2.67E-06,1.46E-05,6.32E-05,,,0.000156768,1.89E-06,,,1.70E-06,7.29E-06,,,,,7.29E-06,0.0000075,6.12E-06,,,,,,,,0.0000495,,,,0.000014,,,,,,4.82E-06,0.0000004,,,,,,,,2.88E-07,,,,,,,,,,,,,,,,,,,,,,,,,1.66E-08,1.66E-08,1.66E-08,,1.66E-08,1.66E-08,1.66E-08,,1.66E-08,,1.66E-08,1.66E-08,1.66E-08,1.66E-08,1.66E-08,1.66E-08,1.66E-08,1.66E-08,,,,,,8.30E-09,,,,,,,,,,,,,,,,,,,,,,,,,,,,,,0,0,0,0,0,0,0,0,0,0,0,0,0,0,0,0,0,0,0,0,0,0,0,0,0,0,0,0,0,0,0,0,0,0,0,0,0,0,0,0,0,0,0,,,,,,,,,,0,,,,,,,,,,,,,,,,,,,,,0,,,,,0,,,,,,,,,,,,,,,,,,,0,,,,,,,,0,0,,,,,,,,,0,,,0,0,0,0,,0,0,,0,,0,0,0,0,,,0,0,,,,,,0,,,,,,,,,,,,,,,,,,,,,,,,,,0,,0,,,,,,,,,,,,,,,,,,,,,,,,,,,,,,,,,154.6679869
30/07/2026,60.168,9.811390033,,17.424,14.12589513,,10.62193548,5.548784415,,3.572906575,,,0.594209832,0.035802602,,1.535517812,9.730805568,1.365866684,4.248,,0.84,0.44316,0.778965,,0.732326633,0.228041232,,0.193548386,0.12,,0.106029,0.124679054,0.6336,0.32447932,0.096774192,,,0.067509915,0.012602062,,0.010296701,0.077419354,,0.02884,,,0.028309639,0.01364,0.0373275,,0.005229032,0.002468948,8.34E-07,0.051612902,0.00664,0.00584,0.00574,0.00606,,0.00588,0.00576,0.00578,0.00588,0.00592,0.00586,0.00582,0.0058,0.00576,0.00598,0.0059,,1.84E-06,,,,0.00118457,0.000118546,1.70E-06,0.000107265,0,,0.00012,,,0.000001572,0.003225806,0.003345753,,,0.000105,7.46E-05,1.33E-05,7.52E-05,,1.62E-06,8.45E-06,7.06E-05,0.000009072,4.37E-06,1.66E-06,,,0.0000035,4.37E-05,1.63E-06,,,1.62E-06,7.29E-06,,,,,7.29E-06,0.0000075,6.12E-06,,,,,,,,,,,,0.000014,,,,,,,0.0000004,,,,,,,,,,,,,,,,,,,,,,,,,,,,,,,,,3.32E-08,1.66E-08,1.66E-08,,1.66E-08,1.66E-08,1.66E-08,,1.66E-08,,1.66E-08,1.66E-08,1.66E-08,1.66E-08,1.66E-08,1.66E-08,1.66E-08,1.66E-08,,,,,,8.30E-09,,,,,,,,,,,,,,,,,,,,,,,,,,,,,,0,0,0,0,0,0,0,0,0,0,0,0,0,0,0,0,0,0,0,0,0,0,0,0,0,0,0,0,0,0,0,0,0,0,0,0,0,0,0,0,0,0,0,,,,,,,,,,,,,,,,,,,,,,,,,,,,,,,0,,,,,0,,,,,,,,,,,,,,,,,,,,,,,,,,,0,0,,,,,,,,,,,,0,0,0,0,,0,0,0,,,,0,0,0,,,,0,,,,,,0,0,,0,,,,,,,,0,,,,,,,,,,,,,,,0,,0,,,,,,,,,,,,,,,,,,,,,,,,,,,,,,,,,143.8371581
31/07/2026,60.168,14.71457778,,17.424,14.17875795,,10.62193548,5.548784415,,3.572906575,,,0.594209832,0.035802602,,1.535783953,10.1376,1.365866684,4.248,,0.84,0.40988,0.809927,,0.745664608,0.228041232,,0.193548386,0.12,,0.10571,0.124679054,0.6336,0.33289784,0.096774192,,,0.073978841,0.014089802,,0.00760152,0.077419354,,0.01188,,,0.027964451,0.014305,0.0374955,,0.005229032,0.002514207,1.12E-06,0.051612902,0.0019,0.0016,0.00172,0.0016,,0.00174,0.00164,0.00164,0.00158,0.00158,0.00176,0.00164,0.00162,0.00162,0.00158,0.00162,,4.03E-06,,,,0.001203647,4.41E-05,1.75E-06,0.000377634,0,,0.00004,,,1.66E-06,0.003225806,0.001734215,,,0.000085,7.64E-05,0.000001619,7.52E-05,,1.70E-06,8.52E-06,6.50E-06,9.21E-06,4.30E-06,1.75E-06,,,0.000007,9.95E-05,0.000001572,,,1.70E-06,7.28E-06,,,,,7.29E-06,0.0000075,6.12E-06,,,0.000560631,,,,,,,,,0.0000035,,,,,,,,,,,,,,,,,,,,,,,,,,,,,,,,,,,,,,,,1.66E-08,1.66E-08,1.66E-08,,1.66E-08,1.66E-08,1.66E-08,,1.66E-08,,1.66E-08,1.66E-08,1.66E-08,1.66E-08,1.66E-08,1.66E-08,1.66E-08,1.66E-08,,,,,,8.30E-09,,,,,,,,,,,,,,,,,,,,,,,,,,,,,,0,0,0,0,0,0,0,0,0,0,0,0,0,0,0,0,0,0,0,0,0,0,0,0,0,0,0,0,0,0,0,0,0,0,0,0,0,0,0,0,0,0,0,,,,,,,0,,0,0,,,,,,,,,,,,,,,,,,,,,0,,,,,0,,,,,,,,,,0,,,,,,,,,0,,,,,,,,0,0,,,,,,,,,,,,0,0,0,0,,0,0,0,,,,0,0,0,,,,0,,,,,,0,,,,,,,,,,,,,,,,,,,,,0,,,,,0,,0,,,,,,,,,,,,,,,,,,,,,,,,,,,,,,,,,149.1434848
1/08/2026,60.168,146.0287255,875.09,17.424,17.153706,759.0869344,11.28,5.548784415,,3.572906575,,,0.594209832,0.035802602,,1.411060701,10.1376,1.365866684,4.248,11.62477015,0.84,0.4183,0.938812,,0,0.228041232,,0.193548386,0.12,,0.1374285,0.124679054,0.6336,0.3465748,0.096774192,,1.02,0.074992751,0.014089802,,0.00760152,0.077419354,,0.0203,,,0.028921115,0.010795,0.03822,,0.005229032,0.041239486,0.074689235,0,0.00158,0.0014,0.00138,0.00148,,0.00144,0.0014,0.00152,0.00154,0.0014,0.00152,0.0014,0.0014,0.00154,0.0014,0.00154,,3.70E-06,,,,0,0.000306498,2.69E-06,0.000945565,0,,0,,,6.94E-05,0,0.000310483,,,0.00009,0.000175465,0.000141027,7.52E-05,,1.53E-06,8.31E-06,2.24E-05,0.00014498,2.42E-06,0.000001493,0.000644134,,0.000014,1.92E-05,0.000002219,,,1.53E-06,9.41E-06,,8.94E-06,,,7.29E-06,0.0000075,6.12E-06,,,,,,,,,,7.70E-09,,0.000007,,,,,,,,,,,,,,,,,,,,,,,,,,,,,,,,,,,,,,,,1.66E-08,1.66E-08,1.66E-08,,1.66E-08,1.66E-08,1.66E-08,,1.66E-08,,1.66E-08,1.66E-08,1.66E-08,1.66E-08,1.66E-08,1.66E-08,1.66E-08,1.66E-08,,,,,,8.30E-09,,,,,,,,,,,,,,,,,,,,,,,,,,,,,,0,0,0,0,0,0,0,0,0,0,0,0,0,0,0,0,0,0,0,0,0,0,0,0,0,0,0,0,0,0,0,0,0,0,0,0,0,0,0,0,0,0,0,,,,,,,0,,0,0,,,,,,,0,,,,,,,,,,,,,,0,,,,,0,,0,0,0,,,,,,,,,,,,,,,0,,,,,,,,0,0,,,,,,,,,0,,0,0,0,0,0,,0,0,,,,,0,0,0,,,,0,,,,,,0,,,,,,,,,,,,,,,,,,,,,,,,,,0,,0,,,,,,,,,,,,,,,,,,,,,,,,,,,,,,,,,1930.286591
2/08/2026,60.168,139.439687,,17.424,17.67781589,,11.1768638,5.548784415,,3.572906575,,,0.594209832,0.035802602,,1.536474527,10.1376,1.365866684,4.248,9.749849544,0.84,0.31916,1.05756,,0,0.228041232,,0.193548386,0.12,,0.310981,0.124679054,0.6336,0.40072736,0.096774192,,0.9,0.086539115,0.014089802,,0.00760152,0.077419354,,0.0126,,,0.029016982,0.002665,0.0381185,,0.005229032,0.009114018,0.001699986,0,0.00236,0.00166,0.0016,0.00164,,0.0016,0.00164,0.00176,0.0016,0.00158,0.00162,0.00164,0.0017,0.00166,0.00156,0.00162,,4.48E-06,,,,0,5.15E-05,4.22E-06,0.000329334,0,,0,,,1.66E-06,0,0.001248836,,,0.000095,0.000156248,6.29E-06,7.52E-05,,1.70E-06,8.44E-06,0.00017371,1.29E-05,4.60E-06,1.70E-06,,,,9.75E-05,0.000001791,,,1.58E-06,1.14E-05,,,,,7.29E-06,0.0000075,6.12E-06,,,,,,,,,,,,,,,,,,,,,,,,,,,,,,,1.46E-08,,,,,,,,,,,,,,,,,,,,,1.66E-08,1.66E-08,1.66E-08,,1.66E-08,1.66E-08,3.32E-08,,1.66E-08,,1.66E-08,1.66E-08,1.66E-08,1.66E-08,1.66E-08,1.66E-08,1.66E-08,1.66E-08,,,,,,8.30E-09,,,,,,,,,,,,,,,,,,,,,,,,,,,,,,0,0,0,0,0,0,0,0,0,0,0,0,0,0,0,0,0,0,0,0,0,0,0,0,0,0,0,0,0,0,0,0,0,0,0,0,0,0,0,0,0,0,0,,,0,,,,,,,0,,,,,,,,,,,,,,,,,,,,,0,,,,,0,,,,,,,,,,,,,,,,,,,0,,,,,,,,0,0,,,,,,,,,,,,0,0,0,0,,0,0,,,,,0,0,,,,,0,,,,,,0,,,,,,,,,,,,,,,,,,,,,,,,,,0,,0,,,,,,,,,,,,,,,,,,,,,,,,,,,,,,,,,288.2125749
3/08/2026,60.168,73.70665937,,17.424,17.67781589,,10.62193548,5.548784415,,3.572906575,,,0.594209832,0.035802602,,1.537302387,10.1376,1.366285385,4.248,,0.84,0.36424,0.87806,,0,0.228041232,,0.193548386,0.12,,0.417175,0.124679054,0.6336,0.33869,0.096774192,,,0.081618575,0.012934187,,0.00760152,0.077419354,,0.03582,,,0.032058379,0.00289,0.03752,,0.005229032,0.006393499,1.10E-06,0,0.00234,0.00148,0.00144,0.00148,,0.0014,0.0017,0.00138,0.00144,0.00144,0.0014,0.00138,0.0014,0.0014,0.00126,0.00142,,0.000134703,,,,0,0.000321209,0.000106212,0.000369453,0,,0,,,1.48E-06,0,0.004550528,,,0.00013,0.000144099,0.000128715,7.52E-05,,1.53E-06,8.35E-06,0.000318145,3.45E-05,2.39E-06,1.53E-06,0.000090819,,0.0000665,0.000186637,1.45E-06,,,0.000001559,1.22E-05,,,,,7.29E-06,0.0000075,6.12E-06,,,0.000965636,,,,,0.0000495,,7.70E-09,,,,,,,,1.47E-05,,,,,,,,,5.75E-07,,,,,,,,,,,,,,,,,,,,,,,,,1.66E-08,1.66E-08,1.66E-08,,1.66E-08,1.66E-08,1.66E-08,,1.66E-08,,1.66E-08,1.66E-08,1.66E-08,1.66E-08,1.66E-08,1.66E-08,1.66E-08,1.66E-08,,,,,,8.30E-09,,,,,,,,,,,,,,,,,,,,,,,,,,,,,,0,0,0,0,0,0,0,0,0,0,0,0,0,0,0,0,0,0,0,0,0,0,0,0,0,0,0,0,0,0,0,0,0,0,0,0,0,0,0,0,0,0,0,,,,,,,0,,,0,,,,,,,,,,,,,,,,,,,,,0,,,,,0,,,,,,,,,,0,,,,,,,,,0,,,,,,,,0,0,,,,,,,,,0,,,0,0,0,0,,0,0,,,,,0,0,,,,0,0,,,,,,0,,,,,,,,,,,0,,,,0,0,,,,,,,,,,0,,0,,,,,,,,,,,,,,,,,,,,,,,,,,,,,,,,,211.2036942
4/08/2026,60.168,122.9696152,,17.424,17.67781589,,10.62193548,5.548784415,,3.572906575,,,0.594209832,0.035802602,,1.538526449,10.1376,1.36640166,4.248,,0.84,0.30382,0.881366,,0.254858128,0.228041232,,0.193548386,0.12,,0.46596,0.124679054,0.6336,0.3424586,0.096774192,,,0.07299989,0.012618619,,0.007591828,0.077419354,,0.01272,,,0.031199858,0.0005,0.037506,,0.005229032,0.00691707,6.99E-07,0,0.00294,0.00164,0.0016,0.00176,,0.00176,0.00176,0.00164,0.0016,0.00162,0.0016,0.00158,0.00162,0.00158,0.00168,0.0016,,4.70E-06,,,,0.000265536,0.000500235,1.70E-06,0.000258501,0,,0,,,1.67E-06,0,0.003319785,,,0.000095,7.56E-05,4.64E-05,7.52E-05,0.000000516,0.000001572,8.45E-06,0.00021889,9.81E-06,2.64E-06,1.73E-06,,,0.000028,6.98E-05,1.66E-06,,,1.62E-06,7.67E-06,,,,,7.28E-06,0.0000075,6.04E-06,,,,,,0.000000003,,0.0000055,,,,0.0000035,,,3.85E-05,,,,,,,,,,,,6.39E-08,,,,,,,,,,,,,,,,,,,,,,,,,3.32E-08,1.66E-08,1.66E-08,,1.66E-08,1.66E-08,1.66E-08,,1.66E-08,,1.66E-08,1.66E-08,1.66E-08,1.66E-08,1.66E-08,1.66E-08,1.66E-08,1.66E-08,,,,,,8.30E-09,,,,,,,,,,,,,,3.70E-09,,,,,,,,,,,,,,,,0,0,0,0,0,0,0,0,0,0,0,0,0,0,0,0,0,0,0,0,0,0,0,0,0,0,0,0,0,0,0,0,0,0,0,0,0,0,0,0,0,0,0,0,,,0,,0,0,,,0,,,,,,,,,,,,,,,,,,,,,0,,,,,0,,,,,,,,,,,,,,,,,,,0,,,,,,,,0,0,,,,,,,,,,,,0,0,0,0,,0,0,,,,,0,0,0,,,,0,,,,,,0,0,,0,,,,,,,,,,,,,,,,,,,,,,,0,,0,0,,,,,,,,,,,,,,,,,,,,,,,,,,,,,,,,260.6844514
5/08/2026,60.168,20.77844454,,17.424,17.67781589,,10.62193548,5.548784415,,3.572906575,,,0.594209832,0.035802602,,1.539195407,10.1376,1.36640166,4.248,,0.84,0.42576,0.746887,,0.692129705,0.228041232,,0.193548386,0.12,,0.1152855,0.124679054,0.6336,0.31250956,0.096774192,,,0.065246027,0.012618619,,0.007591828,0.077419354,,0.03648,,,0.032529413,0.0001,0.0372925,,0.005229032,0.002110314,7.21E-07,0,0.00212,0.0014,0.0014,0.0014,,0.00144,0.00142,0.00144,0.00148,0.00158,0.00138,0.00154,0.00138,0.00142,0.00142,0.00138,,3.47E-06,,,,4.86E-05,0.000033188,1.48E-06,0.000178892,0,,0,,,8.26E-05,0,0.002755276,,,0.00009,0.000182249,0.000001636,7.52E-05,,1.48E-06,8.40E-06,4.10E-05,9.03E-06,0.000003539,1.45E-06,0.000985861,,0.0000035,0.00011767,1.44E-06,,,1.40E-06,7.29E-06,,,,,7.29E-06,0.0000075,6.15E-06,,,,,,,,0.0000055,,7.70E-09,,,,,,,,,,,,,,,,,6.39E-08,,,,,,,,,,,,,,,,,,,,,,,,,1.66E-08,1.66E-08,1.66E-08,,1.66E-08,1.66E-08,1.66E-08,,1.66E-08,,1.66E-08,1.66E-08,1.66E-08,1.66E-08,1.66E-08,1.66E-08,1.66E-08,1.66E-08,,,,,,8.30E-09,,,,,,,,,,,,,,,,,,,,,,,,,,,,,,0,0,0,0,0,0,0,0,0,0,0,0,0,0,0,0,0,0,0,0,0,0,0,0,0,0,0,0,0,0,0,0,0,0,0,0,0,0,0,0,0,0,0,,,,,,,0,,,0,,,,,,,,,,,,,,,,,,,,,0,,,,,0,,,,,,,,,,,,,,,,,,,0,,,,,,,,0,0,,,,,,,,,0,,,0,0,0,0,,0,0,,,,,0,0,0,,,,0,,,,,,0,,,,,,,,,,,,,,,,,,,,,,,,,,0,,0,,,,,,,,,,,,,,,,,,,,,,,,,,,,,,,,,158.5457903
6/08/2026,60.168,22.27484401,,17.424,17.67781589,,10.62193548,5.548784415,,3.572906575,24.17653554,,0.594209832,0.035802602,,1.539467878,10.1376,1.36640166,4.248,,0.84,0.30038,0.736799,,0.690515927,0.228041232,1.075563919,0.193548386,0.12,,0.0774235,0.124679054,0.6336,0.3074918,0.096774192,,,0.09374746,0.012618619,,0.007591828,0.077419354,,0.02138,,0.082716665,0.03382815,0.00005,0.037205,,0.005229032,0.002351256,7.04E-08,0,0.00324,0.01826,0.00288,0.00286,0.000532611,0.00282,0.00274,0.00296,0.00274,0.00286,0.00278,0.00288,0.00272,0.00272,0.00264,0.00284,,1.82E-06,,,,2.20E-05,4.18E-05,3.01E-06,0.000407415,0,,0,,,0.000001791,0,0.002845593,,,0.000085,7.45E-05,2.28E-06,7.52E-05,,0.000001791,8.68E-06,2.42E-05,9.20E-06,4.69E-06,1.75E-06,,,0.0000105,0.00011956,1.84E-06,,,1.69E-06,7.35E-06,,0.00009202,,,7.29E-06,0.0000075,6.26E-06,,,,,,,,,,,,0.0000105,,,3.85E-05,,0.0000735,2.89E-05,0.0000004,0.000000003,,,,,0.000000031,,,,,,,,,3.13E-08,,,,,,,,,,,,,,,,,,1.66E-08,1.66E-08,1.66E-08,8.00E-10,1.66E-08,1.66E-08,1.66E-08,3.63E-08,1.66E-08,3.70E-09,1.66E-08,,1.66E-08,1.66E-08,1.66E-08,1.66E-08,1.66E-08,1.66E-08,,,,,,8.30E-09,,,,,,,,,,,,,,,,,,,,,,,,,,,,,,0,0,0,0,0,0,0,0,0,0,0,0,0,0,0,0,0,0,0,0,0,0,0,0,0,0,0,0,0,0,0,0,0,0,0,0,0,0,0,0,0,0,0,,,,,,,,,,,,,,,,,,,,,,,,,,,,,,0,0,,,,,0,,0,,0,,,,,,,,,,,,,,,0,,,,,,,,0,0,,,,,,,,,,,0,0,0,0,0,,0,0,,,,,0,0,0,,,0,0,,,,,,0,0,,0,,,,,,,,0,,,,,,,,,,,,,,,0,,0,0,0,0,0,0,0,0,0,0,,,,,,,,,,,,,,,,,,,,,,,,185.2477479
7/08/2026,60.168,15.60870417,,17.424,17.67781589,,10.62193548,5.548784415,,3.572906575,35.1168,,0.594209832,0.035802602,,1.539663939,10.1376,1.36640166,4.248,,0.84,0.29152,0.808043,,0.792841481,0.228041232,1.496774194,0.193548386,0.12,,0.0772035,0.124679054,0.6336,0.33722084,0.096774192,,,0.088540199,0.012618619,,0.007591828,0.077419354,,0.01822,,0.12,0.031905306,0.000015,0.037268,,0.005229032,0.002208509,2.27E-07,0,0.00604,0.01236,0.00478,0.00476,0.000290766,0.00476,0.0047,0.00468,0.00466,0.00462,0.0046,0.00478,0.0047,0.0046,0.0047,0.00464,,4.00E-06,,,,2.51E-06,0.000814183,1.53E-06,0.000365009,0,,0,,,1.53E-06,0,0.004202847,,,0.000105,0.000228233,3.07E-06,7.52E-05,,1.48E-06,8.43E-06,1.17E-06,9.03E-06,1.62E-06,1.58E-06,,,,7.92E-05,1.44E-06,,,1.62E-06,7.26E-06,,,,,7.29E-06,0.0000075,6.28E-06,,,,,,,,,,,,,,,,,,4.83E-06,,,,,,,1.84E-07,,,,,,,,,2.84E-08,,,7.47E-06,,,,,,,,,,,,,,,1.84E-08,1.66E-08,1.66E-08,,1.66E-08,1.66E-08,1.66E-08,,1.66E-08,,1.66E-08,1.66E-08,1.66E-08,1.66E-08,1.66E-08,1.66E-08,1.66E-08,1.66E-08,,,,,,8.30E-09,,,,,,,,,,,,,,,,,,,,,,,,,,,,,,0,0,0,0,0,0,0,0,0,0,0,0,0,0,0,0,0,0,0,0,0,0,0,0,0,0,0,0,0,0,0,0,0,0,0,0,0,0,0,0,0,0,0,,,,,,,,,,,,,,,,,,,,,,,,,,,,,,,0,,,,,0,,,,,,,,,,,,,,,,,,,0,,,,,,,,0,0,,,,,,,,,,,,0,0,0,0,,0,0,,,,,0,0,,,,0,0,,,,,,0,,,,,0,0,,,,,,,,,,,,,,,,,,,,0,,0,,,,0,0,,0,0,,0,,,,,,,,,,,,,,,,,,,,,,,190.1875071
8/08/2026,60.168,171.6827001,,17.424,17.67781589,,11.28,5.548784415,,3.572906575,35.1168,,0.594209832,0.035802602,,1.539858614,10.1376,1.36640166,4.248,11.62514977,0.84,0.29574,0.909858,,0.88993864,0.228041232,1.496774194,0.193548386,0.12,,0.1261205,0.124679054,0.6336,0.33069256,0.096774192,,1.02,0.091111444,0.012618619,,0.007591828,0.077419354,,0.004,,0.12,0.031118945,0.000135,0.0380975,,0.005229032,0.017808539,0.076089315,0,0.0027,0.00186,0.00162,0.00174,0.000572576,0.00182,0.00138,0.0018,0.00136,0.00172,0.00178,0.00182,0.00162,0.00186,0.0016,0.00186,,7.45E-05,,,,4.55E-05,0.000082048,6.86E-06,0.000469667,0,,0,,,0.00146316,0,0.002926325,,,0.00007,4.02E-05,7.05E-06,7.52E-05,,1.75E-06,8.53E-06,1.61E-05,6.94E-05,3.35E-06,1.74E-06,0.000467742,0.007114894,,5.75E-05,1.80E-06,,0.00002992,1.70E-06,0.000008187,,0.003092548,,,7.29E-06,0.0000075,6.26E-06,,1.45E-05,,,,,,,,,,,,,,,,,,,,,,,0.000000094,,,,,,,,,0.000000055,,,,,,,,,,,,,,,,,,1.66E-08,1.66E-08,,,1.66E-08,1.66E-08,1.66E-08,,,,,1.66E-08,1.66E-08,1.66E-08,1.66E-08,1.66E-08,1.66E-08,1.66E-08,,,,,,8.30E-09,,,,,,,,,,,,,,,,,,,,,,,,,,,,,,0,0,0,0,0,0,0,0,0,0,0,0,0,0,0,0,0,0,0,0,0,0,0,0,0,0,0,0,0,0,0,0,0,0,0,0,0,0,0,0,0,0,0,,0,,,,,,,,0,,,,,,,,,,,,,,,,,,,,,0,,,,,0,,,,,,,,,,,,,,,,,,,0,,,,,,,,0,0,,,,,,,,,0,,0,0,0,0,0,,0,0,,,,,0,0,0,,,,0,,,0,0,0,0,,,,,,,,,,,,,,,,,,,,,,,,,,0,,0,,,,0,0,,0,0,,,,,,,,,,,,,,,,,,,,,,,,,359.8482999
9/08/2026,60.168,139.3077049,,17.424,17.67781589,,11.17669175,5.548784415,,3.572906575,35.1168,,0.594209832,0.035802602,,1.540299414,10.1376,1.366379454,4.248,9.75042,0.84,0.2993,0.748872,,0.767980185,0.228041232,1.535132497,0.193548386,0.12,,0.3669215,0.124679054,0.6336,0.2731058,0.096774192,,0.9,0.089559846,0.012618619,,0.007702858,0.077419354,,0.00472,,0.12,0.032879288,0.000485,0.0381395,,0.005229032,0.013171613,0.001978782,0,0.0032,0.00802,0.00144,0.00144,0.001126914,0.00156,0.0014,0.0016,0.00166,0.00158,0.00154,0.00148,0.00154,0.00148,0.00132,0.00144,,1.59E-06,,,,0.000198767,0.000170414,0.000003066,0.000467318,0,,0,,,1.53E-06,0,0.003064186,,,0.0001,3.29E-05,0.000156251,7.52E-05,,1.48E-06,8.54E-06,9.97E-05,8.98E-06,3.49E-06,1.45E-06,,,0.0000035,0.000328273,1.48E-06,,,1.47E-06,8.16E-06,,,,,7.29E-06,0.0000075,6.15E-06,,1.46E-05,,,,,,,,,,,,,,,0.000014,,,3.60E-09,,,,,1.83E-07,,,,,,,,,6.68E-08,,,,,,,,,,,,,,,,,,3.32E-08,1.84E-08,1.66E-08,,1.66E-08,1.66E-08,1.66E-08,,1.66E-08,,1.66E-08,1.66E-08,1.66E-08,1.66E-08,1.66E-08,1.66E-08,1.66E-08,1.66E-08,,,,,,1.66E-08,,,,,,,,,,,,,,,,,,,,,,,,,,,,,,0,0,0,0,0,0,0,0,0,0,0,0,0,0,0,0,0,0,0,0,0,0,0,0,0,0,0,0,0,0,0,0,0,0,0,0,0,0,0,0,0,0,0,,,,,,,,,,,,,,,,,,,,,,,,,,,,,,,0,,,,,0,,,,,,,,,,,,,,,,,,,0,,,,,,,,0,0,,,,,,,,,,,,0,0,0,0,,0,0,,,,,0,0,0,,,,0,,,0,0,0,0,,,,,,,,,,,,,,,,,,,,,,,,,,0,,0,,,,0,0,,0,0,0,,0,0,0,,,,,,,,,,,,,,,,,,,,325.2338883
10/08/2026,60.168,91.50091121,,17.424,17.67781589,,10.62193548,5.548784415,,3.572906575,35.1168,,0.594209832,0.035802602,,1.541013719,10.1376,1.366379454,4.248,,0.84,0.29874,0.847692,,0.867411489,0.228041232,1.796129033,0.193548386,0.12,,0.4246275,0.124679054,0.6336,0.32683772,0.096774192,,,0.090616117,0.012618619,,0.007702858,0.077419354,,0.01124,,0.12,0.03373427,0.00058,0.037415,,0.005229032,0.007524823,1.30E-07,0,0.00232,0.01082,0.00168,0.00172,0.000909984,0.0016,0.00158,0.00164,0.00176,0.0017,0.00162,0.00158,0.00176,0.00166,0.00174,0.00178,,0.019229563,,,,0.000419168,8.26E-05,2.71E-06,0.000560405,0,,0,,,0.000411701,0,0.004170549,,,0.000085,3.54E-05,1.56E-05,7.52E-05,,0.000001572,8.54E-06,0.000174766,9.71E-06,4.04E-06,1.53E-06,,,,0.000404094,2.07E-06,,,1.70E-06,8.60E-06,0.000153168,,,,7.32E-06,0.0000075,6.28E-06,,2.78E-05,,,,,,,,7.70E-09,,0.000007,,,,,,2.37E-05,,,,,,,,,,,,,,,,2.82E-08,,,,,,,,,,,,,,,,,,1.66E-08,1.66E-08,1.66E-08,,1.66E-08,1.66E-08,1.66E-08,,1.66E-08,,1.66E-08,1.66E-08,1.66E-08,1.66E-08,1.66E-08,1.66E-08,1.66E-08,1.66E-08,,,,,,8.30E-09,,,,,,,,,,,,,,,,,,,,,,,,,,,,,,0,0,0,0,0,0,0,0,0,0,0,0,0,0,0,0,0,0,0,0,0,0,0,0,0,0,0,0,0,0,0,0,0,0,0,0,0,0,0,0,0,0,0,,,,,,,0,,,0,,,,,,,,,,,,,,,,,,,,,0,,,,,0,,,,,,,,,,,,,,,,,,,0,,,,,,,,0,0,,,,,,,,,,,,0,0,0,0,,0,0,0,,,,0,0,0,,,0,0,,,0,0,0,0,,,,,,,,,,,,,,,,,,,,,,,,,,0,,0,,,,0,0,,0,,,,,,0,0,,,,,,,,,,,,,,,,,,,266.8181276
11/08/2026,60.168,78.70215328,,17.424,17.67781589,,10.62193548,5.548784415,,3.572906575,40.17174923,,0.594209832,0.035802602,,1.542240837,10.1376,1.366379454,4.248,,0.84,0.29494,0.827144,,0.836499397,0.228041232,2.267023896,0.193548386,0.12,,0.4841375,0.124679054,0.6336,0.3191122,0.096774192,,,0.078750499,0.012618619,,0.007702858,0.077419354,,0.00988,,0.13737083,0.033449127,0.00053,0.037506,,0.005229032,0.004817386,5.59E-07,0,0.00232,0.01532,0.00156,0.00156,0.000348295,0.00144,0.00148,0.0014,0.00138,0.00168,0.00146,0.0014,0.00144,0.0016,0.00148,0.00142,,6.41E-05,,,,0.000349052,0.000169003,1.53E-06,0.000286543,0,,0,,,1.63E-06,0,0.002038477,,,0.00009,2.87E-05,2.71E-05,7.52E-05,,1.53E-06,8.50E-06,0.000381075,1.01E-05,4.15E-06,1.53E-06,0.001007841,,0.0000035,7.27E-05,1.49E-06,,,0.000001572,7.73E-06,2.58E-05,,,,7.29E-06,0.0000075,6.28E-06,,,,,,,,,,,,0.0000035,,,,,0.0000315,4.83E-06,,,,,,,1.50E-07,,,,,,6.59E-07,,,8.32E-08,,,,,,,,,,,,,,,,,,1.66E-08,1.66E-08,1.66E-08,,1.66E-08,1.66E-08,1.66E-08,,1.66E-08,,1.66E-08,1.66E-08,1.66E-08,3.32E-08,1.66E-08,1.66E-08,1.66E-08,1.66E-08,,,,,,8.30E-09,,,,,,,,,,,,,,,,,,,,,,,,,,,,,,0,0,0,0,0,0,0,0,0,0,0,0,0,0,0,0,0,0,0,0,0,0,0,0,0,0,0,0,0,0,0,0,0,0,0,0,0,0,0,0,0,0,0,,,0,,,,,,,,,,,,,,,,,,,,,,,,,,,,0,,,,,0,,0,,,,,,,,,,,,,,,,,0,,,,,,,,0,0,,,,,,,,,0,,,0,0,0,0,,0,0,,,,,0,0,,,,0,0,,,,,,0,,,,,,,,,,,,,,,,,,,,,,,,,,0,,0,,,,0,0,,0,0,,,,,0,0,,,,,,,,,,,,,,,,,,,259.5243609
12/08/2026,60.168,29.62429575,,17.424,17.67781589,,10.62193548,5.548784415,,3.572906575,35.1168,,0.594209832,0.035802602,,1.542717621,10.1376,1.366379454,4.248,,0.84,0.2798,0.839028,,0.817178624,0.228041232,2.095483872,0.193548386,0.12,,0.1121065,0.124679054,0.6336,0.35360732,0.096774192,,,0.040030761,0.012618619,,0.007702858,0.077419354,,0.02108,,0.12,0.030357248,0.00009,0.037226,,0.005229032,0.001478355,2.04E-06,0,0.00278,0.00266,0.00184,0.00162,6.16E-06,0.00168,0.00192,0.00186,0.00172,0.00172,0.00158,0.00166,0.0017,0.00172,0.00164,0.00152,,3.81E-06,,,,5.37E-05,0.000108087,1.48E-06,0.000204444,0,,0,,,0.000001572,0,0.002657904,,,0.0001,0.000112743,6.00E-06,7.52E-05,,1.53E-06,8.45E-06,0.000048805,1.15E-05,3.12E-06,1.54E-06,,,0.00007,0.000183248,0.000001449,,,1.53E-06,0.000007368,3.60E-09,,,,7.21E-06,7.50E-06,6.28E-06,,,,,,,,,,,,0.000007,,,,,,9.64E-06,,3.90E-09,,,,,6.55E-08,3.63E-08,6.39E-08,,,,,,,2.77E-08,,,,,,,,,,,,,,,,,,1.66E-08,1.82E-08,1.66E-08,,1.66E-08,1.66E-08,1.66E-08,,1.66E-08,,1.66E-08,1.66E-08,1.66E-08,1.66E-08,1.66E-08,1.66E-08,1.66E-08,1.66E-08,,,,,,8.30E-09,,,,,,,,,,,,,,,,,,,,,,,,,,,,,,0,0,0,0,0,0,0,0,0,0,0,0,0,0,0,0,0,0,0,0,0,0,0,0,0,0,0,0,0,0,0,0,0,0,0,0,0,0,0,0,0,0,0,,,,,,,,,,,,,,,,,,,,,,,,,,,,,,,0,,,,,0,,,,,,,,,,,,,,,,,,,,,,,,,,,0,0,,,,,,,,,,,,0,0,0,0,,0,0,,,,,0,0,0,,,0,0,,,,,,0,,,,,,,,,,,0,,,,,,,,,,,,,,,0,,0,,,,0,0,,0,0,0,,,,,0,0,,,,,,,,,,,,,,,,,,204.7976568
13/08/2026,60.168,26.73105952,,17.424,17.67781589,,10.62193548,5.548784415,,3.572906575,35.1168,11.222402,0.594209832,0.035802602,,1.543062381,10.1376,1.366379454,4.248,,0.84,0.3489,0.67592,,0.683877896,0.228041232,1.817551614,0.193548386,0.12,,0.081576,0.124679054,0.6336,0.27952716,0.096774192,,,0.052615151,0.013657541,,0.005820752,0.077419354,,0.0374,,0.12,0.031703851,0.000095,0.037156,,0.005229032,0.004681002,4.11E-07,0,0.01046,0.01574,0.05622,0.04458,0.000611804,0.01574,0.00594,0.00608,0.00592,0.00598,0.00608,0.00602,0.00594,0.00602,0.00596,0.006,,3.50E-06,,,,2.41E-05,0.000230623,1.66E-06,0.0015345,0,,0,,,2.40E-06,0,0.002601777,,,0.00017,6.62E-05,1.70E-05,7.52E-05,,1.75E-06,8.97E-06,1.79E-05,0.000015768,1.68E-06,1.75E-06,,,0.0002835,0.000271179,1.70E-06,,,0.000001791,7.33E-06,,,,,7.21E-06,0.0000075,0.000006278,,1.45E-05,,,,,,,,,,0.0000105,,,,,0.0000245,,0.0000016,,,,,,1.73E-07,,,,,,,,,2.74E-08,,,1.45E-05,,,0.00001,0.0000094,0.00001,,0.0000105,,0.0000105,0.0000105,,,,,4.82E-08,1.66E-08,3.08E-08,,3.46E-08,3.35E-08,1.66E-08,,1.66E-08,,1.66E-08,1.66E-08,1.66E-08,1.66E-08,1.66E-08,1.66E-08,1.66E-08,1.66E-08,,,,,,8.30E-09,2.19E-06,,,,,,,,,,,,,,,,,,,,,,,,,,,,,0,0,0,0,0,0,0,0,0,0,0,0,0,0,0,0,0,0,0,0,0,0,0,0,0,0,0,0,0,0,0,0,0,0,0,0,0,0,0,0,0,0,0,,,,,,,,,0,0,,,,,,,,,,,,,,,,,,,,,0,,,,,0,,0,,,,,,,,,,,,,,,,0,,,,,,,,,0,0,,,,,,,,0,,,,0,0,0,0,,0,0,,,,,0,0,,,,,0,,,0,0,0,0,,,,,0,0,,,,,0,,,,,,,,,,,,,,,0,,0,,,,0,0,,0,0,,0,,,0,,,0,0,0,0,0,,,,,,,,,,,,,212.727314
14/08/2026,60.168,13.4678128,,17.424,17.67650141,,10.62193548,5.548784415,,3.676829848,35.1168,12.903264,0.594209832,0.035802602,,1.543263748,10.1376,1.366379454,4.248,,0.84,0.29452,0.666372,,0.652468364,0.228041232,1.796129033,0.193548386,0.12,,0.0925375,0.124679054,0.6336,0.27398184,0.096774192,,,0.088488264,0.013657541,,0.005820752,0.077419354,,0.0111,,0.12,0.031326185,0.000015,0.0374535,,0.005229032,0.00315558,1.80E-07,0,0.0029,0.00154,0.00286,0.00942,0.000506655,0.00144,0.00168,0.00158,0.00156,0.00144,0.00154,0.00144,0.00152,0.00152,0.00168,0.0015,,3.21E-06,,,,1.43E-06,7.78E-05,1.62E-06,0.00080295,0,,,,,1.48E-06,0,0.001448014,,,0.00011,0.000295968,3.73E-06,7.52E-05,,1.53E-06,8.56E-06,0.000001197,9.77E-06,4.04E-06,0.000001572,0.00019519,,0.0000315,0.000578067,1.62E-06,,,1.53E-06,7.34E-06,,,,,7.29E-06,0.0000075,6.28E-06,,1.45E-05,,,,,,0.0000385,,,,0.000007,,,,,,,,,,,,,0.000000001,,2.55E-07,,,,,0.000005,,6.54E-08,,,,,,,,,,,,,,,,,,3.32E-08,1.66E-08,1.66E-08,,1.66E-08,1.79E-08,1.66E-08,,1.66E-08,,1.66E-08,1.66E-08,1.66E-08,1.66E-08,1.66E-08,1.66E-08,1.66E-08,1.66E-08,,,,,,8.30E-09,,,,,,,,,,,,,,,,,,,,,,,,,,,,,,0,0,0,0,0,0,0,0,0,0,0,0,0,0,0,0,0,0,0,0,0,0,0,0,0,0,0,0,0,0,0,0,0,0,0,0,0,0,0,0,0,0,0,,,,,,,,,,0,,,,,,,,,,,,,,,,,,,,,0,,,,,0,,,,,,,,,,,,,,,,,,,0,,,,,,,,0,0,,,,,,,,,0,,,0,0,0,0,,0,0,,,,,0,0,0,,,,0,,,0,0,0,0,,,,,,,,,,,,,,,,,,,,,,,,,,0,,0,,,,0,0,,0,0,,,,,,,,0,0,0,,0,,,,,,,,,,,,,200.9733773
15/08/2026,60.168,136.2665649,,17.424,17.64962631,,11.28,5.548784415,,4.798445712,35.1168,12.903264,0.594209832,0.035802602,,1.54355627,10.1376,1.366379454,4.248,11.62458,0.84,0.29258,0.956754,,0.933188854,0.228041232,1.796129033,0.193548386,0.12,,0.110099,0.124679054,0.6336,0.34204896,0.096774192,,1.02,0.095384539,0.013657541,,0.005820752,0.077419354,,0.00582,,0.12,0.032944182,0.00006,0.0380765,,0.005229032,0.020708721,0.078394776,0,0.0025,0.00148,0.00188,0.0018,0.001041675,0.00154,0.0014,0.0014,0.00144,0.00146,0.00148,0.0014,0.00138,0.0014,0.00156,0.00156,,2.49E-06,,,,3.11E-05,0.000113093,1.33E-05,0.00089965,0,,0,,,4.12E-06,0,0.000482729,,,0.000085,4.93E-05,0.000283355,7.52E-05,,1.53E-06,8.50E-06,1.69E-05,0.000220981,7.30E-06,1.49E-06,,,,0.000550947,1.53E-06,,,1.53E-06,8.18E-06,,9.02E-06,,,7.29E-06,0.0000075,6.26E-06,,,,,,,,,,,,,,,,,,,,,,,,,1.58E-07,,,,,,,,,6.92E-08,,,,,,,,,,,,,,,,,,1.66E-08,1.66E-08,1.66E-08,0.000000003,1.66E-08,1.66E-08,1.66E-08,,1.66E-08,,1.66E-08,1.66E-08,1.66E-08,1.66E-08,1.66E-08,1.66E-08,1.66E-08,1.66E-08,,,,,,8.30E-09,,,,,,,,,,,,,,,,,,,,,,,,,,,,,,0,0,0,0,0,0,0,0,0,0,0,0,0,0,0,0,0,0,0,0,0,0,0,0,0,0,0,0,0,0,0,0,0,0,0,0,0,0,0,0,0,0,0,,,,,,,,,,0,,,,,,,,,,,,,,,,,,,,,0,,,,,0,,,,,,,,,,,,,,,,,,,0,,,,,,,,0,0,,,,,,,,,,,0,0,0,0,0,,0,0,,0,0,0,0,0,0,,,,0,,,,,,0,,,,,,,,,,,,,,,,,,,,,,,,,,0,,0,,0,,0,0,,0,0,,,,,,,,0,0,,,,,,,,,,,,,,,,338.9141821
16/08/2026,60.168,83.40394406,,17.424,17.64962631,,11.17653763,5.548784415,,4.798445712,35.1168,12.903264,0.594209832,0.035802602,,1.544032026,10.1376,1.366379454,4.248,9.751179924,0.84,0.29924,0.724437,,0.741628703,0.228041232,1.796129033,0.193548386,0.12,,0.3720585,0.124679054,0.6336,0.26167944,0.096774192,,0.9,0.090515392,0.013657541,,0.005820752,0.077419354,,0.00542,,0.12,0.030953255,0.00058,0.038129,,0.005229032,0.010914965,0.001711643,0,0.00226,0.00154,0.00174,0.00176,0.000405402,0.0014,0.00144,0.00148,0.00148,0.00144,0.00148,0.0014,0.0014,0.0014,0.00154,0.00154,,3.55E-06,,,,0.000323281,0.000480694,1.53E-06,0.000556073,0,,0,,,1.48E-06,0,0.000906027,,,0.000085,0.000150091,1.35E-05,7.52E-05,,1.53E-06,8.48E-06,0.000246586,9.58E-06,3.16E-06,1.48E-06,0.000050196,,,0.000647197,0.000001572,,,0.000001572,7.32E-06,,,,,7.29E-06,0.0000075,6.26E-06,,,,,,,,,,,,,,,,,,,,,,,,,9.32E-08,,,,,,,,,2.75E-08,,,,,,,,,,,,,,,,,,1.66E-08,1.66E-08,1.66E-08,,1.66E-08,1.66E-08,1.66E-08,,1.66E-08,,1.66E-08,1.66E-08,1.66E-08,1.66E-08,1.66E-08,1.66E-08,1.66E-08,1.66E-08,,,,,,8.30E-09,3.70E-09,,,0.000000011,,,,,,,,,,,,,,,,,,,,,,,,,,0,0,0,0,0,0,0,0,0,0,0,0,0,0,0,0,0,0,0,0,0,0,0,0,0,0,0,0,0,0,0,0,0,0,0,0,0,0,0,0,0,0,0,,,,,,,,,,,,,,,,,,,,0,,,,,,,,,,,0,,,,,0,,0,,,,,,,,,,,,,,,,,0,,,,,,,,0,0,,,,,,,,0,0,,,0,0,0,0,,0,0,0,,,,0,0,0,,,,0,,,,,,0,,,,,,,,,,,,,,,,,,,,,,,,,,0,,0,,,,0,0,,0,0,,,,,,,,0,0,0,,,,,,,,,,,,,,,283.6260744
17/08/2026,60.168,140.8921772,,17.424,17.64962631,,10.62193548,5.548784415,,4.798445712,35.1168,12.903264,0.594209832,0.035802602,,1.545001588,10.1376,1.366379454,4.248,,0.84,0.39458,0.939245,,0.962373055,0.228041232,1.796129033,0.193548386,0.12,,0.484385,0.124679054,0.6336,0.36343208,0.096774192,,,0.080733021,0.013657541,,0.005820752,0.077419354,,0.02532,,0.12,0.028768136,0.01093,0.0373415,,0.005229032,0.008280121,4.58E-07,0,0.00238,0.00154,0.01448,0.0066,0.003087992,0.00156,0.00164,0.00144,0.00148,0.00144,0.00154,0.00144,0.00156,0.00156,0.00138,0.00142,,4.37E-06,,,,0.001146285,9.73E-05,0.000001572,0.000406051,0,,0.00304,,,0.000001499,0,0.002303466,,,0.00011,4.36E-05,0.000129902,7.52E-05,,1.53E-06,8.32E-06,0.000199106,1.38E-05,4.77E-06,1.48E-06,2.71E-05,,0.0000175,0.000224795,1.45E-06,,,0.000001572,9.27E-06,,,,,7.29E-06,7.50E-06,6.28E-06,,,,,,,,0.0000055,,,,0.0000035,,,,,,,,5.80E-09,,,,,9.15E-08,,6.39E-08,,,,,,,2.08E-07,,,,,,0.000005,0,0.000005,,,,,,,,,,1.66E-08,1.66E-08,1.66E-08,,2.28E-08,1.66E-08,1.66E-08,,1.66E-08,,1.66E-08,1.66E-08,1.66E-08,1.66E-08,1.66E-08,1.66E-08,1.66E-08,1.66E-08,,,,,,8.30E-09,,,,,,,,,,,,,,,,,,,,,,,,,,,,,,0,0,0,0,0,0,0,0,0,0,0,0,0,0,0,0,0,0,0,0,0,0,0,0,0,0,0,0,0,0,0,0,0,0,0,0,0,0,0,0,0,0,0,,,,,,,,,,,,,,,,,,,,,,,,0,,,,,,,0,,,,,0,,,,,,,,,,,,,,,,,,0,0,,,,,,,,0,0,,,,,,,,,0,,,0,0,0,0,,0,0,,,,,0,0,0,,,,0,,,,,,0,,,,,,,,,,,,,,,,,,,,,,,,,,0,,0,,,,0,0,,0,0,0,,0,0,,,,0,0,0,,,,,,,,,,,,,,,330.6927722
18/08/2026,60.168,58.4335459,,17.424,17.64962631,,10.62193548,5.548784415,,4.798445712,35.1168,18.991394,0.594209832,0.035802602,,1.545918865,10.1376,1.366379454,4.248,,0.84,0.39638,1.026058,,1.039873831,0.228041232,1.796129033,0.193548386,0.12,,0.662871,0.124679054,0.6336,0.3902184,0.096774192,,,0.126103058,0.013657541,0.21995708,0.005820752,0.077419354,0.227512297,0.01444,,0.12,0.028660464,0.011095,0.037387,,0.005229032,0.00645577,1.30E-07,0,0.00248,0.00696,0.0139,0.01246,0.000883571,0.00154,0.00138,0.00154,0.00148,0.00156,0.00144,0.00154,0.0014,0.0015,0.00148,0.00162,,2.05E-06,,,,0.001143734,7.84E-05,9.58E-06,0.000124166,0,,0.0021,,,1.53E-06,0,0.002820456,,,0.000105,3.01E-05,6.54E-06,7.52E-05,,1.44E-06,8.43E-06,0.000243018,0.000007539,2.00E-06,1.49E-06,5.16E-06,,0.000007,0.00016458,1.58E-06,,0.00000616,1.48E-06,7.31E-06,,,,,7.29E-06,0.0000075,6.28E-06,,2.89E-05,,,,,,,,7.70E-09,,0.000007,,,3.85E-05,,0.000014,,,4.60E-09,,,,,1.21E-07,,,,,,,,,6.72E-08,,,,,,,0.0000047,,,,,,,,,,,1.66E-08,1.66E-08,1.66E-08,8.00E-10,1.95E-08,2.44E-08,1.66E-08,,1.66E-08,,1.66E-08,1.66E-08,1.66E-08,1.66E-08,1.66E-08,1.66E-08,1.66E-08,1.66E-08,,,,,,8.30E-09,,,,,,,,,,,,,,,,,,,,,,,,,,,,,,0,0,0,0,0,0,0,0,0,0,0,0,0,0,0,0,0,0,0,0,0,0,0,0,0,0,0,0,0,0,0,0,0,0,0,0,0,0,0,0,0,0,0,,,,,,,0,,,,,,,,,,,,,,,,,,,,,,,,0,,,,,0,,,,,,,,,,,,,,,,,,0,0,,,,,,,,0,0,,,,,,,,,0,,,0,0,0,0,,0,0,,0,,0,0,0,0,,,0,0,,,0,0,0,0,0,,0,,,,,,,,0,,,,,,,,,,,,,,,0,,0,0,0,,0,0,,0,0,0,,,,,,,0,0,0,0,,,,,,,,,,,,,,255.1825854
19/08/2026,60.168,39.63290229,,17.424,17.64962631,,10.62193548,5.548784415,,4.798445712,35.1168,19.354896,0.594209832,0.035802602,,1.546805438,10.1376,1.366236891,4.248,,0.84,0.41514,0.910449,,0.898735764,0.228041232,1.796129033,0.193548386,0.12,,0.141207,0.124679054,0.6336,0.37862396,0.096774192,,,0.103151983,0.013657541,0.229686912,0.006533567,0.077419354,0.236718144,0.02034,,0.12,0.030595823,0.01226,0.0372225,,0.005229032,0.005315463,3.67E-07,0.038710007,0.00284,0.00418,0.00296,0.00934,0.001768095,0.00158,0.00178,0.00148,0.00162,0.00156,0.00156,0.0014,0.0014,0.00154,0.0014,0.0015,,0.000009481,,,,0.001339086,0.000072124,1.44E-06,0.000331087,0,,0.00178,,,0.000001572,0.003225806,0.003294467,,,0.000105,0.00012798,0.000118225,7.52E-05,,1.53E-06,0.00000848,0.000167481,9.13E-06,6.41E-07,1.62E-06,0.001428693,,0.000035,0.000237168,1.62E-06,,,1.48E-06,7.29E-06,,,,,7.29E-06,7.50E-06,6.28E-06,,,,,,,,0.000011,,7.70E-09,,0.000007,,,,,,9.63E-06,,,,,,,8.57E-08,,1.28E-07,,,,,,,0.00000003,,,,,,,,,,,,,,,,,,3.48E-08,1.66E-08,1.66E-08,,1.66E-08,1.79E-08,1.66E-08,,1.66E-08,,1.66E-08,1.66E-08,1.66E-08,1.66E-08,1.66E-08,1.66E-08,1.66E-08,1.66E-08,,,,,,8.30E-09,,,,,,,,,,,,,,,,,,,,,,,,,,,,,,0,0,0,0,0,0,0,0,0,0,0,0,0,0,0,0,0,0,0,0,0,0,0,0,0,0,0,0,0,0,0,0,0,0,0,0,0,0,0,0,0,0,0,,,,,,0,0,,,,,,,,,,,,,,,,,,,,,,,,0,,,,,0,,,,,,,,,,,,,,,,,,,0,,,,,,,,0,0,,,,,,,,,0,,,0,0,0,0,,0,0,0,,,,0,0,0,,,0,0,,,,,,0,,,,,,,,,,,,,0,,,,,,,,,,,,,0,,0,,,,0,0,,0,0,,,,,,,,0,0,0,,0,,,,,,,,,,,,,236.0081523
20/08/2026,60.168,18.83011466,,17.424,17.64962631,,10.62193548,5.548784415,,4.798445712,35.1168,19.354896,0.594209832,0.035802602,,1.547093188,10.1376,1.366236891,4.248,,0.84,0.34796,0.760165,,0.762279852,0.228041232,1.796129033,0.193548386,0.12,,0.101849,0.124679054,0.6336,0.3156824,0.096774192,,,0.065714522,0.013657541,0.229686912,0.006533567,0.077419354,0.236718144,0.02078,,0.12,0.031993954,0.00612,0.0372015,,0.005229032,0.002458915,4.20E-07,0.051612902,0.00668,0.00896,0.00608,0.00626,0.000429386,0.00574,0.00574,0.00612,0.00574,0.00578,0.00582,0.00602,0.00594,0.00578,0.00566,0.00582,,1.01E-06,,,,0.000520764,0.000924929,1.66E-06,0.00022615,0,,0.00016,,,1.62E-06,0.003225806,0.001677564,,,0.000105,6.12E-05,6.65E-06,7.52E-05,,1.66E-06,8.75E-06,1.48E-05,0.000009296,4.02E-06,1.71E-06,0.00014545,,0.000098,4.78E-05,1.66E-06,,,1.62E-06,7.39E-06,,,,,7.29E-06,0.0000075,6.28E-06,,,,,,,,,,7.70E-09,,,,,,,,,0.0000004,,,,,,1.22E-07,,,,,,,,,5.76E-08,,,,,,,,,,,,,,,,,,1.66E-08,1.66E-08,1.66E-08,,1.66E-08,1.66E-08,1.66E-08,,1.66E-08,,1.66E-08,1.66E-08,1.66E-08,1.66E-08,1.66E-08,1.66E-08,1.66E-08,1.66E-08,,,,,,1.66E-08,,,,,,,,,,,,,,,,,,,,,,,,,,,,,,0,0,0,0,0,0,0,0,0,0,0,0,0,0,0,0,0,0,0,0,0,0,0,0,0,0,0,0,0,0,0,0,0,0,0,0,0,0,0,0,0,0,0,,,,,,,0,,,0,,,,,,,,,,,,,,,,,,,,,0,,,,,0,,,,,,,,,,,,,,,,,,,0,,,,,,,,0,0,,,,,,,,,0,,,0,0,0,0,,0,0,0,,,,0,0,,,,,0,,,,,,0,,,,,,,,,,,,,0,,,,,,,,,,,,,0,,0,,,,0,0,,0,0,,,,,,,,0,0,0,,,,,,,,,,,,,,,214.767301
21/08/2026,60.168,17.45216451,,17.424,17.64962631,,10.62193548,5.548784415,,4.798445712,35.1168,19.354896,0.594209832,0.035802602,,1.547327681,10.1376,1.366236891,4.248,,0.84,0.39728,0.947831,,0.928706957,0.228041232,1.796129033,0.193548386,0.12,,0.10428,0.124679054,0.6336,0.3939848,0.096774192,,,0.082221444,0.013657541,0.229686912,0.006533567,0.077419354,0.236718144,0.00918,,0.12,0.014864585,0.014275,0.037247,,0.005229032,0.002366722,9.45E-07,0.051612902,0.00218,0.00464,0.00156,0.00166,0.000288652,0.00158,0.00154,0.00156,0.00144,0.00148,0.00148,0.00152,0.00148,0.00144,0.00144,0.00146,,4.86E-05,,,,0.001199008,0.001103436,0.000001572,0.000203033,0,,0.00002,,,1.48E-06,0.003225806,0.000136047,,,0.000085,7.28E-05,3.80E-06,7.52E-05,,1.48E-06,0.000008455,3.65E-06,1.08E-05,1.77E-06,1.49E-06,,,0.000007,2.65E-05,1.58E-06,,,1.53E-06,9.88E-06,,,,,7.29E-06,0.0000075,6.28E-06,,,,,,,,,,7.70E-09,,0.0000035,,,,,,,,8.00E-10,,,,,,,,,,,,,,7.14E-08,,,,,,,,,,,,,,,,,,1.66E-08,1.66E-08,1.66E-08,,1.66E-08,1.66E-08,1.66E-08,,1.66E-08,,1.66E-08,1.66E-08,1.66E-08,1.66E-08,1.66E-08,1.66E-08,1.66E-08,1.66E-08,,,,,,8.30E-09,,,,,,,,,,,,,,,,,,,,,,,,,,,,,,0,0,0,0,0,0,0,0,0,0,0,0,0,0,0,0,0,0,0,0,0,0,0,0,0,0,0,0,0,0,0,0,0,0,0,0,0,0,0,0,0,0,0,,,,,,,0,,,,,,,,,,,,,,,,,,,,,,,,0,,,,,0,,0,,,,,,,,,,,,,,,,,0,,,,,,,,0,0,,,,,,,,,,,,0,0,0,0,,0,0,,0,0,0,0,0,,,,,0,,,,,,0,,,,,,,,,,,,,,,,,,,,,,,,,,0,,0,,,,0,0,,0,,0,,,,,,,0,0,0,,,,,,,,,,,,,,,213.8027207
22/08/2026,60.168,93.56905486,,17.424,17.64962631,,11.28,5.548784415,,4.798445712,35.1168,19.354896,0.594209832,0.035802602,,1.547781125,10.1376,1.366236891,4.248,11.62287,0.84,0.41328,1.295978,,1.26521574,0.228041232,1.796129033,0.193548386,0.12,,0.1546655,0.124679054,0.6336,0.4874716,0.096774192,,1.02,0.093372089,0.013657541,0.229686912,0.006533567,0.077419354,0.236718144,0.012,,0.12,0.010402133,0.01432,0.038136,,0.005229032,0.033250139,0.078963256,0.051612902,0.00228,0.00428,0.00248,0.0023,0.000212633,0.00156,0.00138,0.00154,0.0014,0.00144,0.00154,0.00138,0.00148,0.00144,0.0015,0.0014,,2.14E-07,,,,0.001241131,9.06E-05,1.04E-05,0.0009352,0,,0.00048,,,3.05E-06,0.003225806,4.33E-05,,,0.00009,5.48E-05,0.000212797,7.52E-05,,1.53E-06,8.53E-06,0.000011029,0.000113369,5.48E-06,1.49E-06,,,,2.18E-06,1.55E-06,,,1.53E-06,9.24E-06,,,,,7.29E-06,0.0000075,6.23E-06,,,,,,,,,,7.70E-09,,,,,,,,,,,,,,,8.64E-08,,,,,,,,,3.11E-08,,,,,,,,,,,,,,,,,,1.66E-08,1.66E-08,1.66E-08,,1.66E-08,1.66E-08,1.66E-08,,1.66E-08,,1.66E-08,1.66E-08,1.66E-08,1.66E-08,1.66E-08,1.66E-08,1.66E-08,1.66E-08,,,,,,8.30E-09,,,,,,,,,,,,,,3.70E-09,,,,,,,,,,,,,,,,0,0,0,0,0,0,0,0,0,0,0,0,0,0,0,0,0,0,0,0,0,0,0,0,0,0,0,0,0,0,0,0,0,0,0,0,0,0,0,0,0,0,0,,,,,,0,0,,,0,,,,,,,,,,,,,,,,,,,,,0,,,,,0,,,,,,,,,,,,,,,,,,,0,,,,,,,,0,0,,,,,,,,,,,,0,0,0,0,,0,0,,,,,0,0,,,,,0,,,,,,0,,,,,,,,,,,,,,,,,,,,,,,,,,0,,0,,,,0,0,,0,0,,,,,,,,0,0,0,,,,,,,,,,,,,,,304.1870441
23/08/2026,60.168,97.40649581,,17.424,17.64962631,,11.1764552,5.548784415,,4.798445712,35.1168,25.630826,0.594209832,0.035802602,,1.54822694,10.1376,1.366236891,4.248,9.749850228,0.84,0.35526,0.943602,,0.949469441,0.228041232,1.796129033,0.193548386,0.12,,0.3821785,0.124679054,0.6336,0.36559468,0.096774192,,0.9,0.092113767,0.013854572,0.229686912,0.006176627,0.077419354,0.236718144,0.0105,,0.12,0.009588267,0.00588,0.0381605,,0.005229032,0.011854088,0.001984362,0.051612902,0.00262,0.00446,0.00306,0.00312,0.000258482,0.00168,0.0016,0.00162,0.0016,0.00156,0.00178,0.00166,0.00158,0.00168,0.00146,0.0016,,4.39E-06,,,,0.000693712,0.000143692,1.48E-06,0.000349535,0,,0.00258,,,1.62E-06,0.003225806,3.88E-05,,,0.000085,3.33E-05,3.72E-05,7.52E-05,,1.66E-06,6.68E-06,0.000178705,1.07E-05,3.97E-06,1.66E-06,0.000423574,,0.0000035,9.30E-07,1.62E-06,,,1.53E-06,6.03E-06,,,,,6.06E-06,6.22E-06,4.97E-06,,,,,,,,,,,,0.000007,,,,,,,,,,,,,9.32E-08,,,,,,,,,5.67E-08,,,,,,,,,,,,,,,,,,1.66E-08,1.66E-08,1.66E-08,,1.66E-08,1.66E-08,1.66E-08,,1.66E-08,,1.66E-08,1.66E-08,1.66E-08,1.66E-08,1.66E-08,1.66E-08,1.66E-08,1.66E-08,,,,,,8.30E-09,,,,,,,,,,,,,,,,,,,,,,,,,7.40E-09,,7.30E-09,,,0,0,0,0,0,0,0,0,0,0,0,0,0,0,0,0,0,0,0,0,0,0,0,0,0,0,0,0,0,0,0,0,0,0,0,0,0,0,0,0,0,0,0,,,,,,,,,,,,,,,,,,,,,,,,,,,,,,,0,,,,,0,,,,,,,,,,,,,,,,,,,0,,,,,,,,0,0,,,,,,,,,0,0,,0,0,0,0,,0,0,,0,0,0,0,0,,,,,0,,,,,,0,,,,,,,,,,,,,,,,,,,,,,,,,,0,,0,,,,0,0,,0,0,,,,,,,,0,0,0,,,0,,,,,,,,,,,,311.4782884
24/08/2026,60.168,107.5367101,,17.424,17.64962631,,10.62193548,5.548784415,,4.798445712,35.1168,25.806528,0.594209832,0.035802602,,1.549234496,10.1376,1.366236891,4.248,,0.84,0.42712,1.333457,,1.33144129,0.228041232,1.796129033,0.193548386,0.12,,0.603229,0.124679054,0.6336,0.52752216,0.096774192,,,0.083496624,0.013854572,0.229686912,0.006176627,0.077419354,0.236718144,0.01872,,0.12,0.01143377,0.01199,0.0374675,,0.005229032,0.006864591,3.78E-07,0.051612902,0.00242,0.00678,0.00204,0.00346,0.005509116,0.00142,0.00152,0.00158,0.0016,0.00144,0.0016,0.00142,0.00148,0.00156,0.0016,0.00152,,0.000813539,,,0.010683548,0.001229987,0.000180858,4.66E-06,0.000268797,0,,0.00324,,0.000115763,0.000001594,0.003225806,0.000216169,,7.93E-05,0.00009,4.65E-05,0.001486542,7.52E-05,,1.62E-06,5.01E-06,0.000142197,5.92E-06,2.08E-06,1.62E-06,,,0.0000105,1.46E-05,1.76E-06,,,1.70E-06,6.86E-06,9.97E-07,,,,3.64E-06,3.75E-06,3.12E-06,,,,,,,,,,7.70E-09,,0.0000105,,,,,0.000021,,,2.05E-06,,,,,2.07E-07,,,,,,,,,8.22E-07,,,,,,,,,0.000015,,,,,,,,,3.32E-08,1.66E-08,1.66E-08,,1.66E-08,1.66E-08,1.66E-08,8.00E-10,1.66E-08,,1.66E-08,1.66E-08,1.66E-08,1.66E-08,1.66E-08,1.66E-08,1.66E-08,1.66E-08,2.31E-08,,,,,8.30E-09,,,,,,,,,8.10E-09,,,,,,,,,,,,,,,,,,,,,0,0,0,0,0,0,0,0,0,0,0,0,0,0,0,0,0,0,0,0,0,0,0,0,0,0,0,0,0,0,0,0,0,0,0,0,0,0,0,0,0,0,0,,,,,,,0,,,,,,,,,,,,,,,,,,,,,,,,0,,,,,0,,,,,,,,,,,,,,,,,,,,,,,,,,,0,0,,,,,,,,,,,,0,0,0,0,,0,0,0,0,0,0,0,0,0,,,,0,,,,,,0,,,,,,,,,,,,,,,,,,,,,,,,,,0,,0,,,,0,0,0,0,0,0,,0,0,,0,,0,0,0,,,,0,0,,,,,,,,,,311.8270884
25/08/2026,60.168,30.57221589,,17.424,17.64962631,,10.62193548,5.548784415,,4.798445712,35.1168,25.806528,0.594209832,0.035802602,,1.550226469,10.1376,1.366236891,4.248,,0.84,0.39106,1.138176,,1.124405517,0.228041232,1.796129033,0.193548386,0.12,,0.319055,0.124679054,0.6336,0.46387836,0.096774192,,,0.058960126,0.013967491,0.229686912,0.005972063,0.077419354,0.236718144,0.01092,,0.12,0.012649226,0.013285,0.0372995,,0.005229032,0.005735359,0.000000539,0.051612902,0.0018,0.00462,0.00212,0.00256,0.041667452,0.00144,0.00162,0.00156,0.00144,0.00168,0.00144,0.00144,0.00148,0.00138,0.0014,0.00152,,0.007023107,,,0.012903226,0.001204767,0.000160783,4.72E-06,3.12E-05,0,,0.00126,,0.007196685,1.62E-06,0.003225806,0.000264134,,0.001192657,0.0001,3.14E-05,1.48E-06,7.52E-05,,1.53E-06,5.21E-06,8.94E-05,5.78E-06,4.06E-06,1.53E-06,1.92E-05,,0.000007,0.000024066,1.55E-06,,0.0000022,1.48E-06,3.91E-06,9.87E-05,,,,3.91E-06,4.02E-06,3.41E-06,,,,,,,,0.000033,,,,0.0000035,,,,,,,,1.00E-06,,,,,9.09E-07,,1.92E-07,,,,,,,7.09E-07,,,,,,,,,,,,,,,,,,1.66E-08,1.66E-08,1.66E-08,0.000000015,1.66E-08,1.66E-08,1.66E-08,1.94E-08,1.66E-08,,1.66E-08,1.66E-08,1.66E-08,1.66E-08,1.66E-08,1.66E-08,1.66E-08,1.66E-08,,,,,,8.30E-09,,,,,,,,,8.00E-10,,,,,,,,,,,,,,,,,,,,,0,0,0,0,0,0,0,0,0,0,0,0,0,0,0,0,0,0,0,0,0,0,0,0,0,0,0,0,0,0,0,0,0,0,0,0,0,0,0,0,0,0,0,,,,,,,,,,0,,,,,,,,,,,,,,,,,,,,,0,,,,,0,,,,,,,,,,,,,,,,,,0,,,,,,,,,0,0,,,,,,,,,0,,,0,0,0,0,,0,0,0,0,0,0,0,0,0,,,,0,,,,,,0,,,,,,,,,,,,,,,,,,,,,,,,,,0,,0,,0,,0,0,0,0,0,0,,0,0,,0,,0,0,0,,,,,0,,,,,,,,,,234.0913749
26/08/2026,60.168,30.87487229,,17.424,17.64962631,,10.62193548,5.548784415,,4.798445712,35.1168,25.806528,0.594209832,0.035802602,,1.550670073,10.1376,1.366236891,4.248,,0.84,0.43004,0.922432,,0.921476918,0.228041232,1.796129033,0.193548386,0.12,,0.165638,0.124679054,0.6336,0.3832774,0.096774192,,,0.051200075,0.013967491,0.229686912,0.005972063,0.077419354,0.236718144,0.09146,,0.12,0.011062226,0.012345,0.0373205,,0.005229032,0.004441109,7.41E-07,0.051612902,0.0061,0.00912,0.00702,0.0074,0.042214924,0.00604,0.0084,0.00602,0.00592,0.00596,0.0063,0.0059,0.00606,0.0061,0.00606,0.00602,,0.003078299,,,0.012903226,0.001103127,0.000232403,1.66E-06,0.001238291,0,,0.0004,,0.007633705,1.62E-06,0.003225806,0.00043423,,0.00108277,0.00026,2.91E-05,1.71E-06,7.52E-05,,1.66E-06,8.52E-06,4.93E-05,1.16E-05,4.25E-06,1.66E-06,8.60E-05,,0.0010815,4.85E-05,1.58E-06,,,1.66E-06,0.000009932,6.52E-05,,,,7.29E-06,0.0000075,6.28E-06,,,,,,,,0.0000605,,,0.00018,,,,,,,1.45E-05,0.0000032,0.000119355,,0.0000165,,,8.09E-05,8.99E-05,2.16E-06,,,,,,,0.000001188,0.00003,,,,,,,,,,,,,0.000005,,,,1.66E-08,1.66E-08,1.66E-08,3.79E-07,1.66E-08,1.82E-08,1.66E-08,9.29E-08,1.66E-08,,1.66E-08,1.66E-08,1.66E-08,1.66E-08,1.66E-08,1.66E-08,1.66E-08,1.66E-08,4.76E-07,,,,,8.30E-09,,,,,,,,,8.10E-09,,,,,,,,,,,,,,,,,,,,,0,0,0,0,0,0,0,0,0,0,0,0,0,0,0,0,0,0,0,0,0,0,0,0,0,0,0,0,0,0,0,0,0,0,0,0,0,0,0,0,0,0,0,,,,,,,,,,0,,,,,,,,,,,,,,,,,,,,,0,,,,,0,,0,,0,,,,,,,,,,,,,,,0,,,,,,,,0,0,,,,,,,,,0,,,0,0,0,0,,0,0,0,,,,0,0,0,,,0,0,,,,,,0,,,,,,,,,,,,,,,,,,,,,,,,,,0,,0,,0,,0,0,0,0,0,0,,,,,0,0,0,0,0,,,,0,0,,,,,,,,,,233.9199163
27/08/2026,60.168,30.79269598,,17.424,17.64962631,,10.62193548,5.548784415,,4.798445712,35.1168,25.806528,0.594209832,0.035802602,,1.55099543,10.1376,1.366236891,4.248,,0.84,0.39954,0.835308,,0.834540784,0.228041232,1.796129033,0.193548386,0.12,,0.164846,0.124679054,0.6336,0.34797312,0.096774192,,,0.068776211,0.015196229,0.229728562,0.003746089,0.077419354,0.236718144,0.023,,0.12,0.011053153,0.013325,0.0371875,,0.005229032,0.00709463,2.55E-07,0.051612902,0.0066,0.009,0.00704,0.00772,0.038214359,0.0059,0.00586,0.00594,0.0058,0.00588,0.00584,0.00592,0.0058,0.00596,0.0058,0.00572,,0.007652364,,,0.012903226,0.001201105,0.000149938,0.000091826,0.000683412,0,,0.0001,,0.00780504,2.43E-06,0.003225806,0.000421401,,0.001069735,0.000105,0.000492791,0.000003393,7.52E-05,,0.000001791,8.75E-06,0.000164742,9.47E-06,0.000004829,0.000001791,,,0.0000105,0.000103852,1.66E-06,,,1.75E-06,7.34E-06,9.95E-05,,,,7.29E-06,0.0000075,6.26E-06,,4.10E-05,,,,,,,,,,,,,7.75E-05,,,,0.0000004,4.17E-07,,,,,3.77E-07,,,,,,,,,1.24E-06,,,,,,,,,,,,,,,,,,1.66E-08,1.66E-08,1.66E-08,3.78E-07,1.66E-08,1.66E-08,1.66E-08,2.93E-07,1.66E-08,,1.66E-08,1.66E-08,1.66E-08,1.66E-08,1.66E-08,1.66E-08,1.66E-08,1.66E-08,,,,,,8.30E-09,,,,,1.26E-07,,,,,,,,,,,,,,,,,,,,,,,,,0,0,0,0,0,0,0,0,0,0,0,0,0,0,0,0,0,0,0,0,0,0,0,0,0,0,0,0,0,0,0,0,0,0,0,0,0,0,0,0,0,0,0,,,,,,,0,,,,,,,,,,,,,,,,,,,,,,,,0,,,,,0,,,,,,,,,,,,,,,,,,,0,,,,,,,,0,0,,,,,,,,,,,,0,0,0,0,,0,0,,0,0,0,0,0,0,,,,0,,,0,0,0,0,0,,0,,,,,,,,,,,,,,,,,,,,,,,0,,0,0,0,,0,0,0,0,0,0,,,,,0,,0,0,0,,,,,,0,,,,,,,,,233.5442636
28/08/2026,60.168,9.197848888,,17.424,17.09702046,,10.62193548,5.548784415,,4.560652989,35.1168,25.806528,0.594209832,0.035802602,,1.551385338,10.1376,1.366236891,4.248,,0.84,0.3639,0.754463,,0.745818432,0.228041232,1.796129033,0.193548386,0.12,,0.0812515,0.124679054,0.6336,0.31927412,0.096774192,,,0.077806132,0.015196229,0.229686912,0.003746089,0.077419354,0.236718144,0.02278,,0.12,0.010555776,0.00829,0.0380205,,0.005229032,0.002898175,1.80E-07,0.051612902,0.00666,0.009,0.0072,0.00818,0.022834079,0.00572,0.00594,0.00582,0.0058,0.00576,0.00592,0.00568,0.00572,0.00566,0.00586,0.00552,,0.006892457,,,0.012903226,0.000697208,0.000111759,3.26E-06,0.00028056,0,,0.00002,,0.003662814,1.53E-06,0.003225806,0.000362744,,0.001115488,0.00013,2.90E-05,1.53E-06,7.52E-05,,0.000001572,8.53E-06,4.16E-06,9.78E-06,1.97E-06,3.89E-05,,,0.000413,7.11E-05,1.27E-06,,0.0000154,0.000001572,7.29E-06,0.000134176,,,,7.29E-06,7.50E-06,6.26E-06,,,,,,,,0.000044,,,,,,,,,0.000014,,0.0000004,1.02E-05,,,,,0.000000211,,3.19E-07,,,,,,,7.06E-07,,,,,,,,,,,,,,,,,,1.66E-08,1.66E-08,1.66E-08,9.08E-08,1.66E-08,1.84E-08,1.66E-08,,1.66E-08,,1.66E-08,1.66E-08,1.66E-08,1.66E-08,1.66E-08,1.66E-08,1.66E-08,1.66E-08,3.78E-07,,,,,8.30E-09,,,,,,,,,,,,,,,,,,,,,,,,,,,,,,0,0,0,0,0,0,0,0,0,0,0,0,0,0,0,0,0,0,0,0,0,0,0,0,0,0,0,0,0,0,0,0,0,0,0,0,0,0,0,0,0,0,0,,,,,,,,,,,,,,,,,,,,,,,,,,,,,,,0,,,,,0,,,,,,,,,,,,,,,,,,,0,,,,,,,,0,0,,,,,,,,,,,,0,0,0,0,,0,0,,0,0,0,0,0,0,,,,0,,,,,,0,,,,,,,,,,,,,,,,,,,,,,,,,,0,,0,,0,,0,0,,0,0,0,,0,0,,0,,0,0,0,,,,0,,,,,,,,,,,210.8198302
29/08/2026,60.168,76.54896088,,17.424,14.33399123,,11.28,5.548784415,,3.657040642,35.1168,25.806528,0.594209832,0.035802602,,1.551621769,10.1376,1.364709814,4.248,11.62362992,0.84,0.42424,0.924861,,0.909439665,0.228041232,1.796129033,0.193548386,0.12,,0.1161105,0.124679054,0.6336,0.36182124,0.096774192,,1.02,0.083923692,0.014625704,0.229686912,0.012415036,0.077419354,0.236718144,0.0105,,0.12,0.011761478,0.0127,0.039291,,0.005229032,0.007906896,0.074620774,0.051612902,0.00272,0.00452,0.00226,0.00322,0.004057041,0.00158,0.00138,0.00156,0.00148,0.00154,0.00154,0.00146,0.00154,0.0014,0.00148,0.0012,,0.001126297,,,0.012903226,0.001079883,4.86E-05,1.98E-05,0.000721579,0,,0.00024,,0.000565774,0.000106691,0.003225806,0.000118784,,0.000158997,0.000095,4.67E-05,2.25E-05,7.52E-05,,1.53E-06,0.000200151,7.30E-06,7.81E-05,4.23E-05,1.62E-06,0.000648387,,,1.45E-05,1.78E-06,,,1.53E-06,7.32E-06,9.07E-05,,,,7.29E-06,0.0000075,6.26E-06,,,,,,,,,,,,0.0000035,,,,,,,,8.18E-07,,,,,5.20E-07,,,,,,,,,1.32E-06,,,,,,0.000005,,,,,,,,,,,,3.32E-08,1.66E-08,1.66E-08,,1.82E-08,1.66E-08,1.66E-08,5.56E-07,1.66E-08,,1.66E-08,1.66E-08,1.66E-08,1.66E-08,1.66E-08,1.66E-08,1.66E-08,1.66E-08,3.78E-07,,,,,8.30E-09,,,,,,,,,,,,,,,,,,,,,,,,,,,,,,0,0,0,0,0,0,0,0,0,0,0,0,0,0,0,0,0,0,0,0,0,0,0,0,0,0,0,0,0,0,0,0,0,0,0,0,0,0,0,0,0,0,0,,,,,,,,,,0,,,,,,,,,,,,,,,,,,,,,0,,,,,0,,,,,,,,,,,,,,,,,,,,,,,,,,,0,0,,,,,,,,,0,,,0,0,0,0,,0,0,,,,,0,0,0,,0,0,0,,0,,,,0,,,,,,,,,,,,,,,,,,,,,,,,,,0,,0,,,,0,0,0,0,0,0,,,,,0,,0,0,0,,,,0,,,,,,,,,,,288.2719549
30/08/2026,60.168,76.00036261,,17.424,14.33399123,,11.17658423,5.548784415,,3.657040642,35.1168,25.806528,0.594209832,0.035802602,,1.555230112,10.1376,1.365116768,4.248,9.750800304,0.84,0.35756,0.892667,,0.883241118,0.228041232,1.796129033,0.193548386,0.12,,0.2192465,0.124679054,0.6336,0.35994376,0.096774192,,0.9,0.078227727,0.01350251,0.229686912,0.012415036,0.077419354,0.236718144,0.00808,,0.12,0.010338288,0.00646,0.0390635,,0.005229032,0.010899965,0.003569058,0.051612902,0.0022,0.00444,0.00264,0.00308,0.000495422,0.00152,0.00144,0.0015,0.00152,0.00146,0.00144,0.00144,0.00156,0.00144,0.00152,0.0013,,0.001026826,,,0.012903226,0.000691034,7.82E-05,1.80E-06,0.000763094,0.089113187,,0.0014,,,0.000585519,0.003225806,0.000232668,,3.08E-05,0.00009,3.05E-05,7.28E-05,7.52E-05,,0.000001572,8.52E-06,0.000141893,4.33E-05,2.08E-06,0.000001572,0.000245915,,0.000007,4.53E-05,1.31E-06,,,1.53E-06,7.29E-06,4.02E-05,,,,7.29E-06,7.42E-06,6.26E-06,,,,,,,,,,,,,,,,,,,,3.80E-09,,,,,9.17E-07,,,,,6.66E-05,,,,7.43E-07,,,,,,,,,,,,,,,,,,1.66E-08,1.66E-08,1.66E-08,4.69E-07,1.84E-08,1.66E-08,1.66E-08,0.000000394,1.66E-08,,1.66E-08,1.66E-08,1.66E-08,1.66E-08,1.66E-08,1.66E-08,1.66E-08,1.66E-08,,,0.000000011,,,8.30E-09,,,,,,,0.000000011,,,,,,,,,,,,,,,,,,,,,,,0,0,0,0,0,0,0,0,0,0,0,0,0,0,0,0,0,0,0,0,0,0,0,0,0,0,0,0,0,0,0,0,0,0,0,0,0,0,0,0,0,0,0,,,,,0,,,,,0,,,,,,,,,,,0,,,,,,,,,,0,,,,,0,,,,,,,0,,,,,,,,,,,,0,,,,,,,,0,0,,,,,,,,,0,,,0,0,0,0,,0,0,,0,0,0,0,0,0,,,,0,,,,,,0,,,,,,,,,,,,,,,,,,,,,,,,,,0,,0,,0,,0,0,0,0,0,0,,,,,0,,0,0,0,,,,,,,,,,,,,,,285.6074575
31/08/2026,60.168,86.52305465,,17.424,14.38047328,,10.62193548,5.548784415,,3.657040642,35.1168,25.805372,0.594209832,0.035802602,,1.558906183,10.1376,1.365541965,4.248,,0.84,0.32782,0.791083,,0.804657529,0.228041232,1.796129033,0.193548386,0.12,,0.364452,0.124679054,0.6336,0.31249636,0.096774192,,,0.072080718,0.012328965,0.229686912,0.012415036,0.077419354,0.236718144,0.02688,1.8370412,0.12,0.008722807,0.000015,0.0385245,,0.005229032,0.009110597,0.000000418,0.051612902,0.00634,0.0089,0.00646,0.00714,0.009787691,0.0058,0.00576,0.00578,0.00564,0.00582,0.00568,0.00568,0.00572,0.00576,0.00576,0.00544,,0.004485359,,0.1093245,0.012903226,0.000107691,8.02E-05,1.66E-06,0.018101589,0.077419356,,0.00066,,0.001569317,8.08E-05,0.003225806,0.000911482,,0.000321022,0.000105,4.60E-05,0.000202264,7.52E-05,,1.53E-06,8.33E-06,0.000036123,1.99E-05,2.78E-06,0.000001572,0.000328296,,0.000364,5.98E-05,1.22E-06,,,1.62E-06,2.40E-05,0.000106677,,,,7.32E-06,0.0000075,6.28E-06,,,,,,,,0.0000275,,,,0.0000035,,,,,,,0.0000004,4.81E-07,,,,,1.87E-07,,6.39E-08,,,,,,,7.11E-07,,,,,,,,,,,,,,,,,,1.66E-08,1.66E-08,1.66E-08,3.78E-07,1.66E-08,1.66E-08,1.66E-08,1.60E-09,1.66E-08,,1.66E-08,1.66E-08,1.66E-08,1.66E-08,1.66E-08,1.66E-08,1.66E-08,1.66E-08,3.73E-07,4.62E-06,,,,8.30E-09,,,,,,,,,,,,,,3.70E-09,,,,,,,,,,,,,,,,0,0,0,0,0,0,0,0,0,0,0,0,0,0,0,0,0,0,0,0,0,0,0,0,0,0,0,0,0,0,0,0,0,0,0,0,0,0,0,0,0,0,0,,,,,,0,0,,,,,,,,,,,,,,,,,,,,,,,,0,,,,,0,,0,,,,,,,,,,,,,,,,,,,,,,,,,0,0,,,,,,,,,0,,,0,0,0,0,,0,0,,,,,0,0,,,,,0,,,,,,0,,,,,,,,,,,,,,,,,,,,,,,,,,0,,0,,0,,0,0,0,0,0,0,,,,,0,,0,0,0,,,,0,,,0,,,,,,,,286.888691
1/09/2026,60.168,37.17087831,573.77,17.424,18.28165252,448.4710668,10.976,5.733743895,,3.778941996,35.1168,26.666688,0.594209832,0.035802602,,1.605203466,10.1376,1.411060031,4.248,,0.84,0.32842,0.423572,36.02,0,0.235642606,1.855999999,0.199999999,0.12,,0.4117575,0.128835022,0.6336,0.14854312,0.095833334,,,0.021891713,0.012739931,0.229686912,0.012828871,0.080000006,0.236718144,0.03236,2.6842555,0.12,0.001997662,0.000175,0.038423,,0.005403333,0.004702523,6.55E-07,0,0.00694,0.00892,0.00682,0.00752,0.007779139,0.00554,0.00554,0.0055,0.0055,0.00552,0.0055,0.0055,0.0056,0.00554,0.00544,0.00552,,0.003332665,,0.386633,0.013333334,0,3.71E-05,1.18E-06,0.000100609,0,,0,,0.000350636,3.41E-06,0,0.000404535,,0.000342537,0.000135,4.33E-05,3.83E-06,7.78E-05,,1.18E-06,8.20E-06,0.00012924,9.47E-06,6.06E-06,1.22E-06,,,0.0003535,5.81E-05,1.31E-06,,,1.18E-06,7.84E-06,9.43E-05,,,,7.29E-06,0.0000075,6.28E-06,,,,,,0.000000003,,0.0000385,,,,0.0000035,,,3.88E-05,,,,0.0000004,4.82E-07,,,,,5.27E-07,,2.56E-07,,,,,,,8.23E-07,,,,,,,,,,,,,,,,,,1.84E-08,1.66E-08,1.66E-08,,1.66E-08,1.66E-08,1.66E-08,3.80E-07,1.66E-08,,1.66E-08,1.66E-08,3.32E-08,1.66E-08,1.66E-08,1.66E-08,1.66E-08,1.66E-08,,,,,,8.30E-09,,,,,1.14E-07,,,,,,,,,,,,,,,,,,,,,,,,,0,0,0,0,0,0,0,0,0,0,0,0,0,0,0,0,0,0,0,0,0,0,0,0,0,0,0,0,0,0,0,0,0,0,0,0,0,0,0,0,0,0,0,,,,0,,,,,,,,,,,,,,,,,,,,,,,,,,,0,,,,,0,,,0,,,,,,,,,,,,,,,,0,,,,,,,,0,0,,,,,,,,,,,,0,0,0,0,,0,0,,0,0,0,0,0,0,,0,0,0,,,,,,0,0,,0,,,,,,,,,,,,,,,,,,,,,,,0,,0,0,,,0,0,0,0,0,0,,,,,0,,0,0,0,,,,,,0,,,,,,,,,1301.017289
2/09/2026,60.168,12.08321787,,17.424,18.9146495,,10.976,5.733743895,,3.778941996,35.1168,26.666688,0.594209832,0.035802602,,1.605822262,10.1376,1.411060031,4.248,,0.84,0.30712,0.227577,,0,0.235642606,1.855999999,0.199999999,0.12,,0.070972,0.128835022,0.6336,0.09205768,0.100000001,,,0.025470034,0.012739931,0.229686912,0.012828871,0.080000006,0.236718144,0.01512,0.1203422,0.12,0.012390678,0.00018,0.0381535,,0.005403333,0.00314356,6.90E-07,0,0.0024,0.00416,0.0028,0.00338,0.013548263,0.00124,0.00134,0.0013,0.00116,0.0013,0.00132,0.0013,0.00114,0.00124,0.0013,0.00124,,0.002635768,,0.019536,0.013333334,0,0.000122191,0.000123553,0.000319814,0,,0,,9.95E-05,0.000117193,0,0.0006547,,0.00036003,0.000095,0.000137882,2.06E-06,7.78E-05,,1.18E-06,8.12E-06,0.000111034,9.47E-06,3.09E-06,1.18E-06,,,,3.39E-05,1.27E-06,,,1.22E-06,0.000007372,8.97E-05,,,,7.29E-06,0.0000075,6.26E-06,,,,,,,,0.000011,,,,0.0000035,,,,,,,,0.000000543,,,,,6.87E-07,2.01E-08,1.28E-07,,,,,,,9.53E-07,,,,,,,0.0000047,,,,,,,,,,,1.66E-08,1.66E-08,1.66E-08,4.32E-07,1.66E-08,1.66E-08,1.66E-08,9.29E-08,1.66E-08,,1.66E-08,1.66E-08,1.66E-08,1.66E-08,1.66E-08,1.66E-08,1.66E-08,1.66E-08,3.78E-07,,,,,8.30E-09,,,,,,,,,,,,,,,,,,,,,,,,,,,,,,0,0,0,0,0,0,0,0,0,0,0,0,0,0,0,0,0,0,0,0,0,0,0,0,0,0,0,0,0,0,0,0,0,0,0,0,0,0,0,0,0,0,0,,,,,,,,,,0,,,,,,,,,,,,,,,,,,,,,0,,,,,0,,,,,,,,,,,,,,,,,,,,,,,,,,,0,0,,,,,,,,,,,,0,0,0,0,,0,0,0,0,0,0,0,0,0,,,,0,,,,,,0,,,,,,,,,,,,,,,,,,,,,,,,,,0,,0,,0,,0,0,0,0,0,0,,,,,0,0,0,0,0,,,,0,,,,,,,,,,,214.6966125
3/09/2026,60.168,9.970318521,,17.424,18.9146495,,10.976,5.733743895,,3.778941996,35.1168,26.666688,0.594209832,0.035802602,,1.606145234,10.1376,1.411060031,4.248,,0.84,0.30084,0.25133,,0,0.235642606,1.855999999,0.199999999,0.12,,0.071962,0.128835022,0.6336,0.10215964,0.100000001,,,0.059382972,0.012739931,0.229686912,0.012828871,0.080000006,0.236718144,0.01692,,0.12,0.011102763,0.000015,0.0381675,,0.005403333,0.004918003,5.46E-07,0,0.00724,0.0089,0.00618,0.00762,0.014816128,0.00556,0.00554,0.0056,0.00564,0.00554,0.0057,0.00554,0.0057,0.00556,0.00554,0.00558,,0.007743529,,,0.013333334,0,0.000431244,1.48E-06,0.000496618,0,,0,,0.002301333,5.19E-06,0,0.000515082,,0.000554162,0.00011,0.000070172,1.48E-06,7.78E-05,,1.53E-06,8.33E-06,3.92E-06,0.000009344,3.66E-06,1.53E-06,,,,8.01E-06,0.000001572,,,1.48E-06,7.37E-06,9.86E-05,,,,7.24E-06,0.0000075,6.20E-06,,,,,,,,,,4.29E-05,,,,,,,,,0.0000004,8.49E-07,,,,,3.09E-07,,,,,,,,,0.000007239,,,,,,,,,,,,,,,,,,3.32E-08,1.84E-08,1.66E-08,8.00E-10,1.66E-08,1.66E-08,1.66E-08,3.83E-07,1.66E-08,,1.66E-08,1.66E-08,1.66E-08,1.66E-08,1.66E-08,1.66E-08,1.66E-08,1.66E-08,,,,,,8.30E-09,,,,,,,,,,,,,,,,,,,,,,,,,,,,,,0,0,0,0,0,0,0,0,0,0,0,0,0,0,0,0,0,0,0,0,0,0,0,0,0,0,0,0,0,0,0,0,0,0,0,0,0,0,0,0,0,0,0,,,,,,,0,,,,,,,,,,,,,,,,,,,,,,,,0,,,,,0,,,,,,,,,,,,,,,,,,,,,,,,,,,0,0,,,,,,,,,,,,0,0,0,0,,0,0,,,,,0,0,,,,,0,,,,,,0,,,,,,,,,,,,,,,,,,,,0,,,,,,0,,0,,0,,0,0,0,0,0,0,,0,0,,0,,0,0,0,,,,,,,,,,,,,,,212.582329
4/09/2026,60.168,8.885682294,,17.424,18.9146495,,10.976,5.733743895,,3.778941996,35.1168,26.666688,0.594209832,0.035802602,,1.606339407,10.1376,1.411060031,4.248,,0.84,0.29562,0.28075,,0,0.235642606,1.855999999,0.199999999,0.12,,0.0520795,0.128835022,0.6336,0.11681164,0.100000001,,,0.0864614,0.012739931,0.229686912,0.012828871,0.080000006,0.236718144,0.02542,,0.12,0.009993286,0.00005,0.0381675,,0.005403333,0.003986711,0.000000633,0,0.00556,0.01386,0.00306,0.0035,0.017219875,0.00266,0.00214,0.00222,0.0024,0.00216,0.00218,0.00204,0.00202,0.00208,0.00206,0.00218,,0.007276391,,,0.013333334,0,0.000101166,1.22E-06,0.001089773,0,,,,0.003393454,1.30E-06,0,8.72E-05,,0.000840007,0.000085,0.000168061,1.46E-06,7.78E-05,,1.27E-06,8.22E-06,1.57E-06,9.94E-06,2.99E-06,1.27E-06,,,0.0000595,9.68E-06,1.40E-06,,,1.27E-06,7.32E-06,0.000107873,,,,7.29E-06,0.0000075,6.23E-06,,,,,,,,,,,,0.000007,,,,,0.0000245,4.85E-06,,7.53E-07,,,,,0.000000167,9.50E-09,,,,,,,,6.78E-07,,,,,,,,,,0.0000035,,,,,,,,1.66E-08,1.66E-08,1.66E-08,3.82E-07,1.66E-08,1.66E-08,1.66E-08,1.60E-09,1.66E-08,,1.66E-08,1.66E-08,1.66E-08,1.66E-08,1.66E-08,1.66E-08,1.66E-08,1.66E-08,3.75E-07,,,,,8.30E-09,,,,,,,,,,,,,,,,,,,,,,,,,,,,,,0,0,0,0,0,0,0,0,0,0,0,0,0,0,0,0,0,0,0,0,0,0,0,0,0,0,0,0,0,0,0,0,0,0,0,0,0,0,0,0,0,0,0,,,,,,,0,,,0,,,,,,,,,,,,,,,,,,,,,0,,,,,0,,,,,,,,,,,,,,,,,,,0,,,,,,,,0,0,,,,,,,,,,,,0,0,0,0,,0,0,,0,,0,0,0,0,,,0,0,,,,,,0,,,,,,,,,,,,,,,,,,,,,,,,,,0,,0,,0,,0,0,0,0,0,0,,0,0,,0,0,0,0,0,,0,,0,,,,0,,,,,,,211.5123848
5/09/2026,60.168,55.60095177,,17.424,18.9146495,,11.656,5.733743895,,3.778941996,35.1168,26.666688,0.594209832,0.035802602,,1.606523375,10.1376,1.411060031,4.248,11.62438985,0.84,0.3016,0.439439,,0,0.235642606,1.855999999,0.199999999,0.12,,0.0715605,0.128835022,0.6336,0.17187676,0.100000001,,1.02,0.100037755,0.012739931,0.229686912,0.012828871,0.080000006,0.236718144,0.00676,,0.12,0.016175121,0.000015,0.038983,,0.005403333,0.015800692,0.076252022,0,0.00214,0.00416,0.00252,0.0022,0.000364853,0.0012,0.00124,0.0012,0.00124,0.00114,0.0012,0.0013,0.00128,0.00124,0.00134,0.00134,,0.001605394,,,0.013333334,0,9.21E-05,0.0000144,0.000672612,0,,0,,1.90E-05,2.72E-06,0,,,4.93E-05,0.000085,5.20E-05,0.000583994,7.78E-05,,1.22E-06,8.03E-06,1.07E-05,0.000516449,5.50E-06,1.18E-06,,,,4.84E-06,2.31E-06,,,1.22E-06,7.29E-06,5.78E-05,,,,7.29E-06,0.0000075,6.26E-06,,,,,,,,,,,,,,,,,,,,3.79E-07,,,,,1.01E-07,1.90E-09,,,,,,,,1.24E-06,,,,,,,,,,,,,,,,,,1.66E-08,1.66E-08,1.66E-08,,1.66E-08,1.66E-08,1.66E-08,3.85E-07,1.66E-08,,1.66E-08,1.66E-08,1.66E-08,1.66E-08,1.66E-08,1.66E-08,1.66E-08,1.66E-08,3.78E-07,,,,,8.30E-09,,,,,,,,,,,,,,,,,,,,,,,,,,,,,,0,0,0,0,0,0,0,0,0,0,0,0,0,0,0,0,0,0,0,0,0,0,0,0,0,0,0,0,0,0,0,0,0,0,0,0,0,0,0,0,0,0,0,,,,,,,,,,0,,,,,,,,,,,,,,,,,,,,,0,,,,,0,,0,,,,,,,,,,,,,,,,,0,,,,,,,,0,0,,,,,,,,,,,,0,,,0,,0,0,,,,,0,0,,,,,,,,,,,0,,,,,,,,,,,,,0,,,,,,,,,,,,,0,0,0,,,,0,0,0,0,0,0,,,,,0,0,0,0,0,,,,0,,,,,,,,,,,271.8296484
6/09/2026,60.168,65.87024757,,17.424,18.9146495,,11.78521481,5.733743895,,3.778941996,35.1168,26.666688,0.594209832,0.035802602,,1.606845755,10.1376,1.411060031,4.248,11.82749954,0.84,0.31484,0.478005,,0,0.235642606,1.855999999,0.199999999,0.12,,0.173349,0.128835022,0.6336,0.18658904,0.100000001,,1.62,0.146984049,0.012739931,0.229686912,0.012828871,0.080000006,0.236718144,0.01256,,0.12,0.01966606,0.000025,0.0396725,,0.005403333,0.00749623,0.46323224,0,0.00252,0.00634,0.00224,0.00282,0.000970246,0.0013,0.00124,0.0012,0.0012,0.0012,0.0013,0.00114,0.00126,0.0012,0.00124,0.00114,0.643589798,0.001387944,,,0.013333334,0,8.53E-05,2.60E-06,0.000734941,0,,0,,0.000299579,0.000001145,0,,,0.000039485,0.000095,0.000524938,1.60E-05,7.78E-05,,1.18E-06,8.21E-06,9.77E-05,0.000340724,1.95E-06,1.18E-06,,,0.0000035,2.17E-05,0.000001134,,,1.22E-06,8.59E-06,1.42E-05,,,,7.29E-06,0.0000075,6.23E-06,,4.35E-05,,,,,,,,7.70E-09,,,,,,,0.0000035,,,7.60E-07,,,,,2.07E-07,3.80E-09,,,,,,,,6.78E-07,,,,,,,,,,,,,,,,,,1.66E-08,1.82E-08,1.66E-08,3.78E-07,1.66E-08,1.66E-08,1.66E-08,4.28E-07,1.66E-08,,1.66E-08,1.66E-08,1.66E-08,1.66E-08,1.66E-08,1.66E-08,1.66E-08,1.66E-08,,,,,,8.30E-09,,,,,,,,,,,,,,,,,,,,,,,,,,,,,,0,0,0,0,0,0,0,0,0,0,0,0,0,0,0,0,0,0,0,0,0,0,0,0,0,0,0,0,0,0,0,0,0,0,0,0,0,0,0,0,0,0,0,,,,,,,0,,,0,,,,,,,,,,,,,,,,,,,,,0,,,,,0,,,,,,,,,,,,,,,,,,0,,,,,,,,,0,0,,,,,,,,,,,,0,0,0,0,,0,0,,,,,0,0,,,,,,,,0,0,0,0,,,,,,,,,,,,,,,,,,,,,,,,,,0,,0,,0,,0,0,0,0,0,0,,,,,0,0,0,0,0,,,,,,,,,,,,,,,284.2822475
7/09/2026,60.168,65.84031347,,17.424,18.9146495,,10.976,5.733743895,,3.778941996,35.1168,26.666688,0.594209832,0.035802602,,1.607375128,10.1376,1.411060031,4.248,,0.84,0.29418,0.623389,,0,0.235642606,1.855999999,0.199999999,0.12,,0.2796475,0.128835022,0.6336,0.23827144,0.100000001,,,0.058262592,0.012739931,0.229686912,0.012828871,0.080000006,0.236718144,0.00862,0.4795747,0.12,0.018703891,0.000015,0.038227,,0.005403333,0.008866716,1.52E-07,0,0.00254,0.00426,0.00278,0.00302,0.014119733,0.0013,0.00138,0.00148,0.00142,0.00144,0.00138,0.0015,0.00126,0.0013,0.0013,0.00132,,0.007439776,,0.097977,0.013333334,0,0.000100606,3.31E-06,0.000542669,0,,0,,0.002901105,1.85E-06,0,2.12E-05,,0.000673196,0.000095,0.000151882,0.000142627,7.78E-05,,1.29E-06,8.17E-06,4.80E-05,0.000183065,4.83E-06,1.22E-06,,,,0.000113098,1.31E-06,,,1.18E-06,1.06E-05,9.85E-05,,,,7.29E-06,0.0000075,0.000006177,,0.000160179,,,,,,,,,,0.0000035,,,,,,,,7.56E-07,,,,,4.93E-07,1.90E-09,,,,,,,,0.00000088,,,,,,,,,,,,,,,,,,1.66E-08,1.66E-08,1.66E-08,3.79E-07,1.66E-08,1.66E-08,1.66E-08,,1.66E-08,,1.66E-08,3.32E-08,1.66E-08,1.66E-08,1.66E-08,1.66E-08,1.66E-08,1.66E-08,3.77E-07,,,,,8.30E-09,,,,,,,,,,,,,,,,,,,,,,,,,,,,,,0,0,0,0,0,0,0,0,0,0,0,0,0,0,0,0,0,0,0,0,0,0,0,0,0,0,0,0,0,0,0,0,0,0,0,0,0,0,0,0,0,0,0,,,,,,0,,,,,,,,,,,,,,,,,,,,,,,,,0,,,,,0,,,,,,,,,,,,,,,,,,,0,,,,,,,,0,0,,,,,,,,,,,,0,0,0,0,,0,0,0,0,0,0,0,0,0,,,,0,,,0,0,0,0,,,,,,,,,,,,,,,,,,,,,,,,,,0,,0,,0,,0,0,,0,0,0,,,,,0,0,0,0,0,,,,0,,,,,,,,,,,269.6783173
8/09/2026,60.168,19.01048283,,17.424,18.9146495,,10.976,5.733743895,,3.778941996,35.1168,26.666688,0.594209832,0.035802602,,1.609222623,10.1376,1.411060031,4.248,,0.84,0.37922,0.384013,,0,0.235642606,1.855999999,0.199999999,0.12,,0.2710455,0.128835022,0.6336,0.14426764,0.100000001,,,0.038203587,0.01295513,0.25047477,0.012439018,0.091038979,0.236718144,0.0402,,0.12,0.017211382,0.000655,0.038913,,0.005403333,0.006711428,9.46E-08,0,0.0028,0.01678,0.00182,0.00276,0.089525872,0.00132,0.00128,0.00132,0.00116,0.00114,0.00116,0.00114,0.00116,0.00136,0.0012,0.00134,,0.009670076,,,0.013333334,0,0.000139407,0.000106957,0.001620883,0,,0,,0.007859489,0.000240651,0,9.39E-05,,0.00310056,0.000125,6.98E-05,1.79E-05,7.78E-05,,1.18E-06,8.12E-06,0.000112627,1.05E-05,0.000122183,1.18E-06,,,0.0001155,0.000113425,1.18E-06,,,1.18E-06,8.58E-06,0.000146055,,,,7.29E-06,7.50E-06,6.15E-06,,0.000210492,,,,,,0.000099,,,,,,0.00000516,,,0.0000035,,0.0000008,8.59E-07,,,,,2.97E-07,1.69E-07,5.09E-07,,,,,0.000005,,8.65E-07,,,,,,,,,,,,,,,,,,3.32E-08,1.66E-08,1.66E-08,8.00E-10,1.66E-08,1.66E-08,1.66E-08,3.79E-07,1.66E-08,,1.66E-08,1.66E-08,1.66E-08,1.66E-08,1.66E-08,1.66E-08,1.66E-08,1.66E-08,3.82E-07,,,,,8.30E-09,,,3.12E-07,,,,,,,,,,,,,,,,,,,,,,,,,,,0,0,0,0,0,0,0,0,0,0,0,0,0,0,0,0,0,0,0,0,0,0,0,0,0,0,0,0,0,0,0,0,0,0,0,0,0,0,0,0,0,0,0,,,,,,,,,0,0,,,,,,,,,,,,,,,,,,,,,0,,,,,0,,,,0,,,,,,,,,,,,,,,,,,,,,,,0,0,,,,,,,,,,,,0,0,0,0,,0,0,,,,,0,0,0,,,,0,,,0,0,0,0,0,,0,,,,,,,,,,,0,,,,,,,,,,,,0,,0,,0,,0,0,0,0,0,0,,,,,0,0,0,0,0,,,,0,,,,,0,,,,,,222.1534612
9/09/2026,60.168,13.5308172,,17.424,18.9146495,,10.976,5.733743895,,3.778941996,35.1168,26.666688,0.594209832,0.035802602,,1.610304235,10.1376,1.412055879,4.248,,0.84,0.40012,0.334103,,0.202944047,0.235642606,1.855999999,0.199999999,0.12,,0.106568,0.128835022,0.6336,0.13703888,0.100000001,,,0.082789485,0.010206589,0.230404566,0.012439018,0.093333341,0.236718144,0.01582,,0.12,0.01105251,0.01074,0.03829,,0.005403333,0.004579054,2.38E-07,0,0.00242,0.00418,0.00202,0.00272,0.004079536,0.00136,0.00144,0.0013,0.00128,0.00148,0.00138,0.0013,0.00138,0.00128,0.00126,0.0013,,0.003954721,,,0.013333334,0,0.000965557,1.31E-06,0.000201848,0,,0,,0.000661467,0.000412547,0,0.000496593,,0.000160805,0.000115,6.35E-05,2.51E-06,7.78E-05,,1.22E-06,8.24E-06,4.94E-05,1.22E-05,3.81E-06,1.27E-06,,,0.0000385,0.000468001,1.72E-06,,,1.27E-06,8.19E-06,6.50E-05,,,,7.29E-06,0.0000075,6.23E-06,,0.00072272,,,,,,0.000033,,,,0.000007,,0.00001935,,,,,,1.04E-06,,,,,0.000000314,1.90E-09,3.19E-07,,,,,0,,4.20E-07,,,,,,,0,,,,,,,,,,,1.66E-08,1.66E-08,1.66E-08,3.74E-07,1.66E-08,2.23E-08,1.66E-08,5.51E-07,1.66E-08,,1.66E-08,1.66E-08,1.66E-08,1.66E-08,1.66E-08,1.66E-08,1.66E-08,1.66E-08,,,,,,8.30E-09,,,,,,,,,,,,,,,,,,,,,,,,,,,,,,0,0,0,0,0,0,0,0,0,0,0,0,0,0,0,0,0,0,0,0,0,0,0,0,0,0,0,0,0,0,0,0,0,0,0,0,0,0,0,0,0,0,0,,,,,,,,,,0,,,,,,,,,,,,,,,,,,,,,0,,,,0,0,,,,,,,,,,,,0,0,0,,,0,0,0,0,0,0,0,0,0,0,0,0,,,,,,,,,,,,0,0,0,0,,0,0,,,,,0,0,0,,,,0,,,0,0,0,0,,,,,,,,,,,,,,,,,,,,,,,,,,0,,0,,0,,0,0,0,0,0,0,,,,,0,0,0,0,0,,,,,,,,,,,,,,,216.5663327
10/09/2026,60.168,7.327149505,,17.424,18.9146495,,10.976,5.733743895,,3.778941996,35.1168,26.666688,0.594209832,0.035802602,,1.610556989,10.1376,1.412451016,4.248,,0.84,0.4125,0.275836,,0.304077825,0.235642606,1.855999999,0.199999999,0.12,,0.1025255,0.128835022,0.6336,0.11130416,0.100000001,,,0.046451297,0.009116012,0.36490594,0.012439018,0.093333341,0.236718144,0.01868,,0.12,0.003596511,0.01357,0.03822,,0.005403333,0.005015844,0.00000011,0,0.00642,0.00892,0.00646,0.0066,0.073498714,0.00554,0.0056,0.00566,0.00562,0.00568,0.00552,0.00564,0.0058,0.00582,0.00546,0.00566,,0.015740897,,,0.013333334,0.001142666,0.00020291,6.34E-06,0.000213013,0,,0,,0.006661828,0.000001134,0,4.38E-05,,0.002194097,0.00011,0.000106032,1.37E-06,7.78E-05,,1.22E-06,8.16E-06,4.99E-06,1.00E-05,4.93E-06,1.22E-06,,,,4.83E-05,1.27E-06,,,1.31E-06,7.29E-06,0.000132711,,,,7.21E-06,0.0000075,6.23E-06,,0.000239277,,,,,,0.000022,,,,0.0000035,,,,,,,0.0000004,2.91E-07,,,,,6.43E-07,1.90E-09,1.28E-07,,,,,,,1.63E-06,,,,,,,,,,,,,,,,,,1.66E-08,1.66E-08,1.66E-08,3.82E-07,1.66E-08,1.66E-08,1.66E-08,9.08E-08,1.66E-08,,1.66E-08,1.66E-08,1.66E-08,1.66E-08,1.66E-08,1.66E-08,1.66E-08,1.66E-08,,,,,,8.30E-09,,,,,,,,,,,,,,,,,,,,,,,,,,,,,,0,0,0,0,0,0,0,0,0,0,0,0,0,0,0,0,0,0,0,0,0,0,0,0,0,0,0,0,0,0,0,0,0,0,0,0,0,0,0,0,0,0,0,,,,,,,,,,,0,,,,,,,,,,,,,,,,,,,,0,,,,,0,,0,,,,,,,,,,,,,,,,,0,,,,,,,,0,0,,,,,,,,,,,,0,0,0,0,,0,0,,0,0,0,0,0,0,,,,0,,,0,0,0,0,,,,,,,,,,,,,,,,,,,,,,,,,,0,,0,,0,,0,0,0,0,0,0,,,,,0,0,0,0,0,,,,,,,,,,,,,,,210.6366088
11/09/2026,60.168,7.290185165,,17.424,18.9146495,,10.976,5.733743895,,3.778941996,35.1168,26.666688,0.594209832,0.035802602,,1.610864953,10.1376,1.412451016,4.248,,0.84,0.33968,0.26796,,0.290996063,0.235642606,1.855999999,0.199999999,0.12,,0.069069,0.128835022,0.6336,0.11094776,0.100000001,,,0.073608814,0.009116012,0.567579054,0.012439018,0.093333341,0.236718144,0.01394,,0.12,0.008160833,0.00616,0.0382305,,0.005403333,0.003871286,1.12E-07,0,0.00244,0.00408,0.00224,0.0031,0.064760932,0.00134,0.0012,0.0013,0.00132,0.00132,0.00144,0.00142,0.00116,0.00124,0.0012,0.00138,,0.012306353,,,0.013333334,0.000517224,0.000151463,0.000001134,0.000353573,0,,,,0.002508503,1.22E-06,0,,,0.002415755,0.000095,7.15E-05,7.90E-06,7.78E-05,,1.31E-06,8.08E-06,0.000001518,9.03E-06,2.19E-06,1.22E-06,,,,4.43E-05,1.18E-06,,,1.18E-06,7.29E-06,0.000236064,,,,7.29E-06,0.0000075,6.20E-06,,0.000116544,,,,,,,,,,0.0000035,,,,,,,,7.61E-07,,,,,4.47E-07,2.45E-07,,,,,,,,9.59E-07,,,,,,,,,,,,,,,,,,1.66E-08,1.66E-08,1.66E-08,,1.66E-08,1.66E-08,1.66E-08,3.80E-07,1.66E-08,,1.66E-08,1.66E-08,1.66E-08,1.66E-08,1.66E-08,1.66E-08,1.66E-08,1.66E-08,7.44E-07,,,,,8.30E-09,,,,,,,,,,,,,,,,,,,,,,,,,,,,,,0,0,0,0,0,0,0,0,0,0,0,0,0,0,0,0,0,0,0,0,0,0,0,0,0,0,0,0,0,0,0,0,0,0,0,0,0,0,0,0,0,0,0,,,,,,,,,,,,,,,,,,,,,,,,,,,,,,,0,,,,,0,,,,,,,,,,,,,,,,,,,0,,,,,,,,0,0,,,,,,,,,,,,0,0,,0,,0,0,,,,,0,0,,,,,0,,,0,0,0,0,,,,,,,,,,,,,,,,,,,,0,,,,,,0,,0,,,,0,0,0,0,0,0,,,,,0,0,0,0,0,,,,0,,,,,,,,,,,210.6124677
12/09/2026,60.168,29.74559068,,17.424,18.9146495,,11.656,5.733743895,,3.778941996,35.1168,26.666688,0.594209832,0.035802602,,1.611063956,10.1376,1.412451016,4.248,11.62477015,0.84,0.35502,0.445764,,0.453002466,0.235642606,1.855999999,0.199999999,0.12,,0.077319,0.128835022,0.6336,0.18335108,0.100000001,,1.02,0.0805075,0.009116012,0.307002052,0.012439018,0.093333341,0.236718144,0.0066,,0.12,0.00804161,0.005985,0.0390985,,0.005403333,0.008600157,0.07107849,0,0.0023,0.004,0.00248,0.0019,0.000499968,0.0012,0.00084,0.00124,0.00104,0.00116,0.00096,0.00098,0.00092,0.00102,0.00128,0.00114,,0.000815721,,,0.013333334,0.000502031,0.000068119,6.32E-06,0.000571414,0,,,,,0.000001134,0,2.91E-05,,2.09E-05,0.000065,0.000142352,3.42E-05,7.78E-05,,0.000001604,8.11E-06,1.63E-06,1.25E-05,4.38E-06,0.000001095,,,,,5.14E-06,,,1.22E-06,8.71E-06,7.01E-05,,,,7.29E-06,0.0000075,6.23E-06,,,,,,0.001334647,,,,,,,,,,,,,,3.44E-07,,,,,4.28E-07,3.80E-09,,,,,,,,1.14E-06,,,,,,,,,,,,,,,,,,1.66E-08,1.66E-08,1.66E-08,2.89E-07,1.66E-08,,,,,,1.66E-08,1.66E-08,1.66E-08,1.66E-08,1.66E-08,,1.66E-08,1.66E-08,,,,,,8.30E-09,,,,,,,,,,,,,,,,,,,,,,,,,,,,,,0,0,0,0,0,0,0,0,0,0,0,0,0,0,0,0,0,0,0,0,0,0,0,0,0,0,0,0,0,0,0,0,0,0,0,0,0,0,0,0,0,0,0,,,,0,,,,,,0,,,,,,,,,,,,,,,,,,,,,0,,,,,0,,,,,,,,,,,,,,,,,,,,,,,,,,,0,0,,,,,,,,,,,,0,0,0,0,,0,0,,,,,0,0,,,,0,0,,,,,,,,,,,,,,,,,0,,,,,,,,,,,,,,,0,,0,,0,,0,0,,0,0,0,,,,,0,0,0,0,0,,,,,,,,,,,,,,,246.5608688
13/09/2026,60.168,37.21524445,,17.424,18.9146495,,11.5490037,5.733743895,,3.778941996,35.1168,26.666688,0.594209832,0.035802602,,1.61126685,10.1376,1.412451016,4.248,9.749279772,0.84,0.34034,0.435219,,0.453306496,0.235642606,1.855999999,0.199999999,0.12,,0.183051,0.128835022,0.6336,0.16757884,0.100000001,,0.9,0.073776293,0.009116012,0.229686912,0.012439018,0.093333341,0.236718144,0.00594,,0.12,0.008064269,0.00467,0.0390705,,0.005403333,0.006313246,0.003958578,0,0.0026,0.00412,0.00152,0.00194,0.026845272,0.00128,0.00116,0.0012,0.00116,0.0012,0.00122,0.0012,0.00116,0.0012,0.00116,0.00126,,0.003800548,,,0.013333334,0.000440229,7.03E-05,4.81E-06,0.000471272,0,,0,,8.96E-05,3.41E-06,0,,,0.000845187,0.000095,0.000114136,0.000181773,7.78E-05,,0.000001134,8.03E-06,4.21E-05,0.000089975,2.48E-06,0.000001134,,,,,1.74E-06,,,1.14E-06,7.29E-06,0.000134112,,,0.002870182,7.29E-06,0.0000075,6.20E-06,,2.80E-05,,0.000000022,,3.47E-05,,,,3.70E-09,,,,,,,,,,3.79E-07,,,,,1.04E-07,3.80E-09,,,3.70E-09,,,,,3.01E-07,,,,,,,,,,,,,,,,,,3.48E-08,1.66E-08,1.66E-08,,1.66E-08,1.66E-08,1.66E-08,4.75E-07,1.66E-08,,1.66E-08,1.66E-08,1.66E-08,1.66E-08,1.66E-08,1.66E-08,1.66E-08,1.66E-08,5.60E-09,,,,,8.30E-09,,,,,1.26E-07,,,,1.08E-07,,,,,,,,,1.47E-08,,,,,,,,,,,,0,0,0,0,0,0,0,0,0,0,0,0,0,0,0,0,0,0,0,0,0,0,0,0,0,0,0,0,0,0,0,0,0,0,0,0,0,0,0,0,0,0,0,,,,0,,,0,,,,,0,,,,,,0,,,,,,,,,,,0,,0,,,,,0,,,,,,,,,0,,,,,,,,,,,,,,,,,,0,0,,,,,,,,,,,,0,,,0,,0,0,,,,,0,0,0,,,,,,,0,0,0,,,,,,,,,,,,,,,,,,,,,,,,,,,0,,0,,,,0,0,0,0,0,0,,,,,0,0,0,0,0,,,,0,0,0,,,,,,,,,251.8707418
14/09/2026,60.168,49.58093479,,17.424,18.89143667,,10.976,5.733743895,,3.925607982,35.1168,26.666688,0.594209832,0.035802602,,1.612400974,10.1376,1.412451016,4.248,,0.84,0.41218,0.474656,,0.509578856,0.235642606,1.855999999,0.199999999,0.12,,0.3362095,0.128835022,0.6336,0.18066532,0.100000001,,,0.080247031,0.009116012,1.001193774,0.012439018,0.093333341,0.236718144,0.0185,,0.12,0.006229728,0.012445,0.038619,,0.005403333,0.004373622,4.03E-07,0,0.00218,0.01796,0.00146,0.00148,0.184916629,0.00124,0.00116,0.00124,0.00116,0.0012,0.00116,0.0012,0.00132,0.00116,0.0013,0.00116,,0.246424609,,,0.013333334,0.001140918,9.95E-05,1.68E-06,0.000434707,0,,0,,0.003805895,1.19E-06,0,,,0.0120652,0.000105,5.16E-05,4.50E-06,7.78E-05,,0.000001134,8.08E-06,9.17E-05,1.54E-05,4.87E-06,3.66E-06,0.000217277,,0.000014,4.31E-05,1.71E-06,,,1.18E-06,7.29E-06,0.000695095,,,,7.28E-06,7.50E-06,6.75E-06,,0.000210458,,,,6.33E-06,,0.000022,,,,,,,,,0.0000105,,,6.40E-05,,,,,3.68E-07,,2.56E-07,,,,,,,7.64E-06,,,,,,,,,,,,,,,,,,1.66E-08,1.66E-08,1.66E-08,0.000000465,1.66E-08,1.66E-08,1.66E-08,,1.66E-08,,1.66E-08,1.66E-08,1.66E-08,1.66E-08,1.66E-08,1.66E-08,1.66E-08,1.66E-08,1.62E-08,,,,,8.30E-09,,,,,,,,,1.62E-08,,,1.33E-07,,,,,,,,,,,,,,,,,,0,0,0,0,0,0,0,0,0,0,0,0,0,0,0,0,0,0,0,0,0,0,0,0,0,0,0,0,0,0,0,0,0,0,0,0,0,0,0,0,0,0,0,,,,0,,,,,,0,,,,,,,,,,,,,,,,,,,,,0,,,,,0,,,,,,,,,,,,,,,,,,,,,,,,,,,0,0,,,,,,,,,0,,,0,0,0,0,,0,0,,,,,0,0,,,,,,,,0,0,0,0,,,,,,,,,,,,,,,,,,,,,,,,,,0,,0,,0,,0,0,,0,0,0,,,,,0,,0,0,0,,,,0,0,,,,,0,,,,,254.6899524
15/09/2026,60.168,15.03063258,,17.424,18.4002876,,10.976,5.733743895,,5.046136982,35.1168,26.666688,0.594209832,0.035802602,,1.613137246,9.921471859,1.412451016,4.248,,0.84,0.38494,0.382994,,0.403463351,0.235642606,1.855999999,0.199999999,0.12,,0.138215,0.128835022,0.6336,0.15531736,0.100000001,,,0.036531557,0.009116012,1.722217896,0.012439018,0.093333341,0.236718144,0.0077,,0.12,0.019864271,0.012395,0.0382165,,0.005403333,0.002336298,3.12E-07,0,0.00186,0.00434,0.00144,0.0014,0.060213878,0.00116,0.0013,0.0012,0.0012,0.00118,0.00116,0.00116,0.00124,0.00116,0.00114,0.00116,,0.172282132,,,0.013333334,0.001063763,0.000115163,9.52E-06,0.000103667,0,,0,,0.005732358,1.22E-06,0,1.43E-05,,0.006617032,0.000085,3.78E-05,1.60E-06,7.78E-05,,1.18E-06,8.10E-06,2.01E-05,0.000180249,3.57E-06,1.18E-06,,,,9.74E-06,0.000001134,,,1.18E-06,7.32E-06,0.000781059,,,,7.29E-06,0.0000075,6.23E-06,,0.000087452,,,,,,,,7.70E-09,,,,,,,,,,1.22E-06,,,,,3.40E-07,,,,,,,,,4.02E-07,,,,,,,,,,,,,,,,,,1.66E-08,1.66E-08,1.66E-08,4.74E-07,1.66E-08,1.66E-08,1.66E-08,,1.66E-08,0.000000004,1.66E-08,1.66E-08,1.66E-08,1.66E-08,1.66E-08,1.66E-08,1.66E-08,1.66E-08,4.59E-07,,,,,8.30E-09,,,,,,,,,,,,,8.00E-10,,,,,,,,,,,,,,,,,0,0,0,0,0,0,0,0,0,0,0,0,0,0,0,0,0,0,0,0,0,0,0,0,0,0,0,0,0,0,0,0,0,0,0,0,0,0,0,0,0,0,0,,,,,,,0,,,,,,,,,,,,,,,,,,,,,,,0,0,,,,,0,,0,,,,,,,,,,,,,,,,,,,,,,,,,0,0,,,,,,,,,,,,0,0,0,0,,0,0,,,,,0,0,,,,,0,,,0,0,0,0,,,,,,,,,,,,,,,,,,,,,,,,,,0,,0,,0,,0,0,,0,0,0,,,,,0,,0,0,0,,,,0,,,,,,,0,,,,220.5655556
16/09/2026,60.168,9.902139155,,17.424,18.4002876,,10.976,5.733743895,,5.046136982,35.1168,26.666688,0.594209832,0.035802602,,1.614083344,10.1376,1.412451016,4.248,,0.84,0.41814,0.299657,,0.332833105,0.235642606,1.855999999,0.199999999,0.12,,0.106359,0.128835022,0.6336,0.12158388,0.100000001,,,0.024779212,0.009116012,1.362762226,0.012439018,0.093333341,0.236718144,0.0274,,0.12,0.023556082,0.01316,0.038374,,0.005403333,0.004904354,8.82E-07,0,0.00202,0.00432,0.00214,0.00196,0.172099105,0.00116,0.00116,0.00116,0.0012,0.00116,0.00116,0.00116,0.00122,0.0012,0.0012,0.00122,,0.108753318,,,0.013333334,0.001104225,0.000258646,6.11E-06,0.001163126,0,,0,0.118055555,0.025324887,1.70E-06,0,1.31E-05,0.070833334,0.008128419,0.0001,0.000503305,0.000146495,7.78E-05,,1.18E-06,8.17E-06,9.48E-06,9.61E-06,1.82E-06,0.000001134,,,0.0000245,1.94E-05,1.22E-06,,,0.000001134,8.35E-06,0.000715109,,,,7.29E-06,0.0000075,6.23E-06,,0.000359231,,,,,,,,7.70E-09,,0.000007,,,,,,,,5.60E-09,,,,,0.000000337,,6.39E-08,,,,,,,7.74E-07,,0.0000228,,,,,,,,,,,,,,,,3.32E-08,1.66E-08,1.66E-08,3.78E-07,1.66E-08,1.66E-08,1.66E-08,4.77E-07,1.66E-08,1.18E-06,1.66E-08,1.66E-08,1.66E-08,1.66E-08,1.66E-08,1.66E-08,1.66E-08,1.66E-08,,,,,,8.30E-09,,,8.62E-07,,,,,,,,,,9.29E-08,,,,,,,,,,,,,,,,,0,0,0,0,0,0,0,0,0,0,0,0,0,0,0,0,0,0,0,0,0,0,0,0,0,0,0,0,0,0,0,0,0,0,0,0,0,0,0,0,0,0,0,,,,,,,0,,,,,,,,,,,,,,,,,,,,,,,0,0,,0,0,,0,,,,,,,,,,,,,,,,,,,0,,,,,,,,0,0,,,,,,,,,,,,0,0,0,0,,0,0,,,,,0,0,0,,0,0,0,,,0,0,0,0,,,,,,,,,,,,,,,,,,,,,,,,,,0,,0,,0,,0,0,0,0,0,0,,,,,0,,0,0,0,,,,,,,,,0,,0,0,0,0,215.3850977
